account_id,company_name,county,city,management_company,management_scope,sector,seat,segment,contact,title,phone,email,wallet_tier,target_acv,penetration,call_band,red_tape_b2g,badge,geo_badge,lat,lng,source,lead_source,form_url,one_liner,lane,event_hint
southshore-bay-cdd-kai-audette-bruce,Southshore Bay CDD (Kai),South Hillsborough,Ruskin / Southshore,Kai,regional,Fest_Events,Regional_Enterprise,CDD/HOA amenity,Audette Bruce,District Manager,813-565-4663,,S,3000,prospect,Later,N,Verified,Estimated,27.7209,-82.4332,https://www.southshorebaycdd.org/contacts,CDD official contacts,,Amenities team email on site was obfuscated; use phone / Kai. Medley HOA via Icon: Tara McAteer tmcateer@theiconteam.com published on same page.,tampa,community / amenity event
medley-at-southshore-bay-hoa-icon-tara-mcateer,Medley at Southshore Bay HOA (Icon),South Hillsborough,Ruskin,Kai,regional,Fest_Events,Regional_Enterprise,CDD/HOA amenity,Tara McAteer,HOA Contact,813-642-1100,tmcateer@theiconteam.com,A,2000,prospect,Warm,N,Verified,Estimated,27.7209,-82.4332,https://www.southshorebaycdd.org/contacts,CDD contacts · Icon,,Published on Southshore Bay CDD contacts page.,tampa,community / amenity event
westchase-community-association-community-manager,Westchase Community Association,NW Hillsborough,Westchase / Tampa,Self-managed WCA,regional,Fest_Events,Regional_Enterprise,CDD/HOA amenity,,Community Manager,813-926-6404,manager@westchasewca.com,S,3000,prospect,Warm,N,Verified,Estimated,27.9506,-82.4572,https://westchasewca.com/contact/,WCA contact page,,"Master-planned ~3,500 homes; pools/tennis via WCA. CDD office 813-920-4268.",tampa,community / amenity event
waterchase-cdd-inframark-lee-graffius,Waterchase CDD (Inframark),NW Hillsborough,Waterchase / Tampa,Inframark,national,Fest_Events,Regional_Enterprise,CDD/HOA amenity,Lee Graffius,District Manager,407-566-1935,lgraffius@azuria.com,A,2000,prospect,Warm,N,Verified,Estimated,27.9506,-82.4572,https://www.waterchasecdd.org/contacts,CDD contacts,,HOA CAM historically FSR (manager@waterchase.com published in community stroll PDF — verify current).,tampa,community / amenity event
wiregrass-cdd-rizzetta-sean-craft,Wiregrass CDD (Rizzetta),Pasco,Wesley Chapel,Rizzetta,regional,Fest_Events,Regional_Enterprise,CDD/HOA amenity,Sean Craft,District Manager,813-994-1001,scraft@rizzetta.com,S,3000,prospect,Warm,N,Verified,Estimated,28.2397,-82.3279,https://www.wiregrasscdd.org/contacts,CDD contacts,,Master HOA Lauren Jones LJones@rizzetta.com also published.,tampa,community / amenity event
wiregrass-master-hoa-rizzetta-lauren-jones,Wiregrass Master HOA (Rizzetta),Pasco,Wesley Chapel,Rizzetta,regional,Fest_Events,Regional_Enterprise,CDD/HOA amenity,Lauren Jones,Master HOA Manager,813-994-1001 x8746,LJones@rizzetta.com,A,2000,prospect,Warm,N,Verified,Estimated,28.2397,-82.3279,https://www.wiregrasscdd.org/contacts,CDD HOA block,,Lifestyle/HOA programming path for Wiregrass.,tampa,community / amenity event
epperson-ranch-cdd-vesta-heath-beckett-kyle-darin,Epperson Ranch CDD (Vesta),Pasco,Wesley Chapel,Vesta,regional,Fest_Events,Regional_Enterprise,CDD/HOA amenity,Heath Beckett / Kyle Darin,District Manager,321-263-0132 x536,hbeckett@vestapropertyservices.com,S,3000,prospect,Warm,N,Verified,Estimated,28.2397,-82.3279,https://www.eppersonranchcdd.org/contacts,CDD contacts · Vesta,,Vesta-managed; amenity-heavy Pasco community. EppersonHOA@castlegroup.com also published.,tampa,community / amenity event
epperson-ranch-ii-cdd-inframark-kristee-cole,Epperson Ranch II CDD (Inframark),Pasco,Wesley Chapel,Inframark,national,Fest_Events,Regional_Enterprise,CDD/HOA amenity,Kristee Cole,District Manager,813-382-7355,Kristee.Cole@inframark.com,A,2000,prospect,Warm,N,Verified,Estimated,28.2397,-82.3279,https://www.eppersonranch2cdd.org/contacts,CDD contacts,,Kai HOA phone 813-565-4663 on page.,tampa,community / amenity event
mirada-cdd-gms-jason-greenwood,Mirada CDD (GMS),Pasco,San Antonio / Pasco,GMS,regional,Fest_Events,Regional_Enterprise,CDD/HOA amenity,Jason Greenwood,District Manager,813-344-4844,jgreenwood@gmstnn.com,S,3000,prospect,Warm,N,Verified,Estimated,28.3361,-82.2748,https://www.miradacdd.org/contacts,CDD contacts · GMS,,Master HOA Daniel Cortez daniel@HiKai.com published.,tampa,community / amenity event
mirada-master-hoa-kai-daniel-cortez,Mirada Master HOA (Kai),Pasco,San Antonio / Pasco,Kai,regional,Fest_Events,Regional_Enterprise,CDD/HOA amenity,Daniel Cortez,Community Association Manager,813-474-7295,daniel@HiKai.com,A,2000,prospect,Warm,N,Verified,Estimated,28.3361,-82.2748,https://www.miradacdd.org/contacts,CDD HOA block · Kai,,Amenity/lifestyle programming path.,tampa,community / amenity event
connerton-west-cdd-rizzetta-daryl-adams,Connerton West CDD (Rizzetta),Pasco,Land O' Lakes,Rizzetta,regional,Fest_Events,Regional_Enterprise,CDD/HOA amenity,Daryl Adams,District Manager,813-994-1001,darryla@rizzetta.com,A,2000,prospect,Warm,N,Verified,Estimated,28.2189,-82.4576,https://www.connertonwestcdd.org/contacts,CDD contacts,,HOA via Wise: Kelsie Goodrich LCAM (813) 968-5665 ext. 350 — email not published.,tampa,community / amenity event
belmont-cdd-gms-brian-young,Belmont CDD (GMS),South Hillsborough,Ruskin,GMS,regional,Fest_Events,Regional_Enterprise,CDD/HOA amenity,Brian Young,Director of Amenity Services,813-344-4844 x107,byoung@gms-tampa.com,S,3000,prospect,Warm,N,Verified,Estimated,27.7209,-82.4332,https://www.belmontcdd.com/contacts,CDD contacts · GMS Amenity,,Direct amenity programming seat — priority dunk.,tampa,community / amenity event
belmont-cdd-amenity-center-kaylee-santana,Belmont CDD Amenity Center,South Hillsborough,Ruskin,GMS,regional,Fest_Events,Regional_Enterprise,CDD/HOA amenity,Kaylee Santana,Amenity Manager,813-210-9924,belmontcddmanager@gmail.com,S,3000,prospect,Warm,N,Verified,Estimated,27.7209,-82.4332,https://www.belmontcdd.com/contacts,CDD amenity manager,,On-site amenity booker path.,tampa,community / amenity event
south-fork-cdd-inframark-mark-vega,South Fork CDD (Inframark),South Hillsborough,Riverview,Inframark,national,Fest_Events,Regional_Enterprise,CDD/HOA amenity,Mark Vega,District Manager,813-991-1140,Mark.Vega@inframark.com,A,2000,prospect,Warm,N,Verified,Estimated,27.8661,-82.3265,https://www.southfork.us/contacts,CDD contacts,,Riverview corridor.,tampa,community / amenity event
fishhawk-ranch-cdd-resident-services-resident-services-amenities,Fishhawk Ranch CDD Resident Services,SE Hillsborough,Lithia / FishHawk,Fishhawk Ranch CDD,regional,Fest_Events,Regional_Enterprise,CDD/HOA amenity,,Resident Services / Amenities,813-657-6629,frontdesk@fishhawkranchcdd.org,S,3000,prospect,Warm,N,Verified,Estimated,27.8686,-82.2109,https://www.fishhawkranchcdd.org/amenities,CDD amenities page,,"Large amenity campus (pools, tennis, clubs) — classic weekend programmer.",tampa,community / amenity event
waterset-central-cdd-rizzetta-stephanie-deluna,Waterset Central CDD (Rizzetta),South Hillsborough,Apollo Beach,Rizzetta,regional,Fest_Events,Regional_Enterprise,CDD/HOA amenity,Stephanie DeLuna,District Manager,813-533-2950,SDeLuna@Rizzetta.com,A,2000,prospect,Warm,N,Verified,Estimated,27.7731,-82.4076,https://www.watersetcentralcdd.org/contacts,CDD contacts,,Large master-planned Southshore.,tampa,community / amenity event
waterset-club-hoa-castle-group-katira-parodi,Waterset Club / HOA (Castle Group),South Hillsborough,Apollo Beach,Castle Group,national,Fest_Events,Regional_Enterprise,CDD/HOA amenity,Katira Parodi,Community Director,813-677-2114,watersetmanager@castlegroup.com,S,3000,prospect,Warm,N,Verified,Estimated,27.7731,-82.4076,https://www.watersetcentralcdd.org/contacts,CDD HOA block · Castle,,On-site clubhouse programming — priority.,tampa,community / amenity event
triple-creek-cdd-rizzetta-kelly-wilson,Triple Creek CDD (Rizzetta),South Hillsborough,Riverview,Rizzetta,regional,Fest_Events,Regional_Enterprise,CDD/HOA amenity,Kelly Wilson,District Manager,813-533-2950 x2928,kwilson@rizzetta.com,A,2000,prospect,Warm,N,Verified,Estimated,27.8661,-82.3265,https://www.triplecreekcdd.com/contacts,CDD contacts,,HOA CAM Aisha Smith tripleC@ciramail.com published.,tampa,community / amenity event
triple-creek-hoa-realmanage-aisha-smith,Triple Creek HOA (RealManage),South Hillsborough,Riverview,RealManage,national,Fest_Events,Regional_Enterprise,CDD/HOA amenity,Aisha Smith,Community Association Manager,941-231-0050,tripleC@ciramail.com,A,2000,prospect,Warm,N,Verified,Estimated,27.8661,-82.3265,https://www.triplecreekcdd.com/contacts,CDD HOA block,,Amenity center programming path.,tampa,community / amenity event
bridgewater-of-wesley-chapel-cdd-vesta-heath-beckett,Bridgewater of Wesley Chapel CDD (Vesta),Pasco,Wesley Chapel,Vesta,regional,Fest_Events,Regional_Enterprise,CDD/HOA amenity,Heath Beckett,District Manager,321-263-0132 x536,hbeckett@vestapropertyservices.com,B,1500,prospect,Warm,N,Verified,Estimated,28.2397,-82.3279,https://www.bridgewaterofwesleychapelcdd.org/contacts,CDD contacts · Vesta,,Same Vesta DM as Epperson — portfolio stitch notes.,tampa,community / amenity event
avalon-park-west-cdd-access-management-alex-gormley,Avalon Park West CDD (Access Management),Pasco,Wesley Chapel,Access Management,regional,Fest_Events,Regional_Enterprise,CDD/HOA amenity,Alex Gormley,Community Association Manager,813-421-9898,agormley@accessdifference.com,A,2000,prospect,Warm,N,Verified,Estimated,28.2397,-82.3279,https://avalonparkwesleychapel.com/live/community-development-district/,Avalon Park CDD page,,Also avalonparkwestCDD@accessdifference.com. Active event calendar (Fall Fest etc.).,tampa,community / amenity event
new-river-cdd-avalon-park-inframark-mark-vega,New River CDD / Avalon Park (Inframark),Pasco,Wesley Chapel,Inframark,national,Fest_Events,Regional_Enterprise,CDD/HOA amenity,Mark Vega,District Manager,813-991-1116,,B,1500,prospect,Later,N,Verified,Estimated,28.2397,-82.3279,https://avalonparkwesleychapel.com/live/community-development-district/,Avalon Park CDD page,,Email not published on page — phone only. Clubhouse Autumn Ridge.,tampa,community / amenity event
grand-hampton-hoa-laurie-ferguson,Grand Hampton HOA,NE Hillsborough,New Tampa,Melrose,regional,Fest_Events,Regional_Enterprise,Premium community,Laurie Ferguson,Lifestyles Director,813-973-8368,grandhampton@melroselifestyle.com,S,3000,prospect,Warm,N,Verified,Estimated,27.9506,-82.4572,https://www.egrandhampton.com/contacts/,Grand Hampton contacts,,Guarded master-planned ~600 acres — lifestyle programming seat.,tampa,clubhouse / family weekend event
grand-hampton-hoa-melrose-chris-haines,Grand Hampton HOA (Melrose),NE Hillsborough,New Tampa,Melrose,regional,Fest_Events,Regional_Enterprise,Premium community,Chris Haines,Onsite Community Manager LCAM,813-973-8368,chaines@melrosemanagement.com,A,2000,prospect,Warm,N,Verified,Estimated,27.9506,-82.4572,https://www.egrandhampton.com/contacts/,Grand Hampton contacts,,CAM path if lifestyle redirects.,tampa,clubhouse / family weekend event
westchase-wca-office-manager-community-office-manager,Westchase WCA Office Manager,NW Hillsborough,Westchase,Self-managed WCA,regional,Fest_Events,Regional_Enterprise,Premium community,,Community Office Manager,813-926-6404,officemanager@westchasewca.com,B,1500,prospect,Warm,N,Verified,Estimated,28.053,-82.612,https://westchasewca.com/contact/,WCA contact,,Secondary to manager@ for programming.,tampa,clubhouse / family weekend event
500-harbour-island-apartments-leasing-community-staff,500 Harbour Island Apartments,South Tampa,Harbour Island / Tampa,,,Fest_Events,Luxury_Apt,Apartment programming,,Leasing / Community staff,,,B,1500,prospect,Later,N,Open,Estimated,27.9506,-82.4572,https://www.500harbourislandtampafl.com/contact-us/,Property contact page,https://www.500harbourislandtampafl.com/contact-us/,Staff listed; no public lifestyle email — use form.,tampa,resident weekend event
avalon-park-wesley-chapel-community-events-community-events-desk,Avalon Park Wesley Chapel — community events,Pasco,Wesley Chapel,,,Fest_Events,Luxury_Apt,Apartment programming,,Community / events desk,813-783-1515,info@AvalonParkWesleyChapel.com,A,2000,prospect,Warm,N,Verified,Estimated,28.2397,-82.3279,https://avalonparkwesleychapel.com/live/community-development-district/,Avalon Park site footer,,Active resident events calendar; Flats resident programming.,tampa,resident weekend event
hyde-park-united-methodist-church-kim-apthorp,Hyde Park United Methodist Church,South Tampa,South Tampa / Hyde Park,,,Violet,Violet,Church,Kim Apthorp,Kids Ministries Director,813-253-5388,kapthorp@hydeparkumc.org,S,3000,prospect,Warm,N,Verified,Estimated,27.9506,-82.4572,https://hydeparkumc.org/staff/,Church staff directory,,Also Amanda Galbreath agalbreath@hydeparkumc.org; Laurie Mullinax LMullinax@hydeparkumc.org.,tampa,family ministry / VBS / fall festival
hyde-park-umc-small-blessings-preschool-jamie-lee,Hyde Park UMC Small Blessings Preschool,South Tampa,South Tampa,,,Violet,Fancy_Schools,School/VPK/PPEC,Jamie Lee,Preschool Director,813-253-5388,jlee@hydeparkumc.org,A,2000,prospect,Warm,N,Verified,Estimated,27.9506,-82.4572,https://hydeparkumc.org/staff/,Church staff directory,,VPK/preschool lane under Hyde Park.,tampa,school / classroom visit
idlewild-baptist-church-patrick-newbill,Idlewild Baptist Church,NW Hillsborough / Lutz,Lutz,,,Violet,Violet,Church,Patrick Newbill,Next Gen Pastor,813-264-8728,Pnewbill@idlewild.org,S,3000,prospect,Warm,N,Verified,Estimated,28.1511,-82.4615,https://www.idlewildlegacy.com/children/,Idlewild Kids team page + training page,,Large campus; Debbie Rairigh Elementary Director phone 813-264-8740 (email not published).,tampa,family ministry / VBS / fall festival
the-grove-bible-chapel-grove-kids-kids-ministry,The Grove Bible Chapel — Grove Kids,East Hillsborough,Brandon,,,Violet,Violet,Church,,Kids Ministry,813-771-5994,grovekids@thegrovetampa.org,A,2000,prospect,Warm,N,Verified,Estimated,27.9378,-82.2859,https://thegrovetampa.org/grove-kids/,Grove Kids page,,Brandon campus family programming.,tampa,family ministry / VBS / fall festival
calvary-chapel-st-petersburg-calvary-kids-kathy-regan,Calvary Chapel St. Petersburg — Calvary Kids,Pinellas,St. Petersburg,,,Violet,Violet,Church,Kathy Regan,Children's Ministry Director,727-471-1428,,A,2000,prospect,Later,N,Verified,Estimated,27.7676,-82.6403,https://calvarystp.org/kids/,Calvary Kids page,,Name + phone published; email not on page — call or main 727-577-7705.,tampa,family ministry / VBS / fall festival
first-baptist-church-of-st-petersburg-firstkids-kids-ministry-desk,First Baptist Church of St. Petersburg — FirstKIDS,Pinellas,St. Petersburg,,,Violet,Violet,Church,,Kids Ministry desk,,fbc@fbcstpete.org,B,1500,prospect,Warm,N,Verified,Estimated,27.7676,-82.6403,https://fbcstpete.org/firstkids/,FirstKIDS page,,General church email routed for kids programming.,tampa,family ministry / VBS / fall festival
calvary-church-clearwater-kids-kids-ministry,Calvary Church Clearwater — Kids,Pinellas,Clearwater,,,Violet,Violet,Church,,Kids Ministry,727-441-1581,info@calvary.us,B,1500,prospect,Warm,N,Verified,Estimated,27.9659,-82.8001,https://calvary.us/connect/kids/,Calvary Clearwater kids page,,General info email for kids programming inquiry.,tampa,family ministry / VBS / fall festival
life-enrichment-center-tampa-center-programming-desk,Life Enrichment Center Tampa,North Tampa,Forest Hills / North Tampa,,,Recurring_Weekday,Regional_Subscription,Senior,,Center programming desk,813-932-0241,info@lectampa.org,A,2000,prospect,Warm,N,Verified,Estimated,27.9506,-82.4572,https://lectampa.org/,LEC site contact,,Active adult day programs / classes — visit programming fit.,tampa,resident life-enrichment visit
brighton-gardens-of-tampa-sunrise-executive-director-activities-desk,Brighton Gardens of Tampa (Sunrise),NW Hillsborough,Carrollwood / Tampa,,,Recurring_Weekday,Regional_Subscription,Senior,,Executive Director / Activities desk,813-908-2333,,A,2000,prospect,Later,N,Open,Estimated,27.9506,-82.4572,https://tampagardensseniorliving.com/,Facility phone listings,,Ask for Activities / Life Enrichment. ED name listings conflict across directories — leave name Open.,tampa,resident life-enrichment visit
freedom-square-of-seminole-joey-mingione,Freedom Square of Seminole,Pinellas,Seminole,,,Recurring_Weekday,Regional_Subscription,Senior,Joey Mingione,Executive Director,727-547-3729,,A,2000,prospect,Later,N,Open,Estimated,27.8395,-82.7912,https://freedomsquarefl.com/about/our-team/,Our Team page,https://freedomsquarefl.com/about/our-team/,Life-plan community continuum; use form/phone — email not published.,tampa,resident life-enrichment visit
brookdale-senior-living-tampa-bay-corridor-community-activities-advisor-line,Brookdale Senior Living — Tampa Bay corridor,Tampa Bay,Tampa Bay (multi),,,Recurring_Weekday,Regional_Subscription,Senior,,Community Activities / Advisor line,877-390-2597,,B,1500,prospect,Later,N,Open,Estimated,27.9506,-82.4572,https://www.brookdale.com/en/locations/florida/tampa.html,Brookdale Tampa locations hub,,Chain — use site picker then ask Activities. Corporate stitch also in National section.,tampa,resident life-enrichment visit
berkeley-preparatory-school-general-admissions-desk,Berkeley Preparatory School,Westshore / South Tampa,Tampa,,,Violet,Fancy_Schools,School/VPK/PPEC,,General / Admissions desk,813-885-1673,info@berkeleyprep.org,S,3000,prospect,Warm,N,Verified,Estimated,27.9506,-82.4572,https://www.berkeleyprep.org/admissions/how-to-apply/,Berkeley admissions,,Head of School Augustine Whyte named publicly; personal email not published — use info@.,tampa,school / classroom visit
academy-prep-st-petersburg-gina-tanase-burkett,Academy Prep — St. Petersburg,Pinellas,St. Petersburg,,,Violet,Fancy_Schools,School/VPK/PPEC,Gina Tanase Burkett,Head of School,727-322-0800 x2141,gburkett@academyprep.org,S,3000,prospect,Warm,N,Verified,Estimated,27.7676,-82.6403,https://stpete.academyprep.org/facultyandstaff,Faculty & staff directory,,Also Community Relations Mendy Kirsch mkirsch@academyprep.org.,tampa,school / classroom visit
academy-prep-st-petersburg-mendy-kirsch,Academy Prep — St. Petersburg,Pinellas,St. Petersburg,,,Violet,Fancy_Schools,School/VPK/PPEC,Mendy Kirsch,Community Relations Coordinator,727-322-0800 x2117,mkirsch@academyprep.org,A,2000,prospect,Warm,N,Verified,Estimated,27.7676,-82.6403,https://stpete.academyprep.org/facultyandstaff,Faculty & staff directory,,Events / community programming path.,tampa,school / classroom visit
academy-prep-st-petersburg-ken-watson,Academy Prep — St. Petersburg,Pinellas,St. Petersburg,,,Violet,Fancy_Schools,School/VPK/PPEC,Ken Watson,Dean of Student Life,727-322-0800 x2115,kwatson@academyprep.org,A,2000,prospect,Warm,N,Verified,Estimated,27.7676,-82.6403,https://stpete.academyprep.org/facultyandstaff,Faculty & staff directory,,Enrichment activity program oversight.,tampa,school / classroom visit
new-hope-early-learning-brandon-preschool-vpk-desk,New Hope Early Learning (Brandon),East Hillsborough,Brandon,,,Violet,Fancy_Schools,School/VPK/PPEC,,Preschool / VPK desk,813-689-9482,nhel@findnewhope.com,A,2000,prospect,Warm,N,Verified,Estimated,27.9378,-82.2859,https://www.newhopeearlylearning.com/,School site,,Christian preschool & VPK.,tampa,school / classroom visit
little-giants-ppec-tampa-intake-programming,Little Giants PPEC Tampa,Hillsborough,Tampa,,,Violet,Fancy_Schools,School/VPK/PPEC,,Intake / programming,813-284-7799,info@littlegiants-ppec.com,B,1500,prospect,Warm,N,Verified,Estimated,27.9506,-82.4572,https://littlegiants-ppec.com/ppec-in-tampa/,PPEC guide / site,,Pediatric medical day care — sensory/visit fit; confirm clinical constraints.,tampa,school / classroom visit
specialized-care-pediatrics-ppec-contact,Specialized Care Pediatrics PPEC,Hillsborough,Tampa,,,Violet,Fancy_Schools,School/VPK/PPEC,,Contact,813-350-0020,don@scppec.com,B,1500,prospect,Warm,N,Verified,Estimated,27.9506,-82.4572,https://scppec.com/,SCPPEC site,,PPEC programming inquiry.,tampa,school / classroom visit
jesuit-high-school-of-tampa-mike-scicchitano,Jesuit High School of Tampa,Central Tampa,Tampa,,,Violet,Fancy_Schools,School/VPK/PPEC,Mike Scicchitano,Principal,813-877-5344,,B,1500,prospect,Later,N,Open,Estimated,27.9506,-82.4572,https://www.jesuittampa.org/about/administration/principal,Jesuit administration,,Name published; verify email via school directory before mailto — left blank (not confirmed on fetched page).,tampa,school / classroom visit
usf-center-for-student-involvement-csi-main-office,USF Center for Student Involvement,USF / North Tampa,Tampa,,,Fest_Events,Corp_Field,University,,CSI main office,813-974-1001,getinvolved@usf.edu,A,2000,prospect,Warm,Y,Verified,Estimated,27.9506,-82.4572,https://www.usf.edu/student-affairs/involvement/about-us/contact-us.aspx,USF CSI contact,,Campus Activities Board path; secondary to amenity ICP.,tampa,campus activities / homecoming
university-of-tampa-osle-brittany-garcia,University of Tampa — OSLE,Downtown / UT,Tampa,,,Fest_Events,Corp_Field,University,Brittany Garcia,Director of Student Engagement,813-257-3268,bmgarcia@ut.edu,A,2000,prospect,Warm,Y,Verified,Estimated,27.9506,-82.4572,https://www.ut.edu/campus-life/leadership-engage/contact-osle,UT OSLE contacts,,Also studentengagement@ut.edu.,tampa,campus activities / homecoming
university-of-tampa-student-engagement-osle-desk,University of Tampa — Student Engagement,Downtown / UT,Tampa,,,Fest_Events,Corp_Field,University,,OSLE desk,813-253-6233,studentengagement@ut.edu,B,1500,prospect,Warm,Y,Verified,Estimated,27.9506,-82.4572,https://www.ut.edu/campus-life/leadership-engage/contact-osle,UT OSLE,,General engagement mailbox.,tampa,campus activities / homecoming
city-of-tampa-office-of-special-events-shawnta-price,City of Tampa — Office of Special Events,Citywide,Tampa,,,Fest_Events,Corp_Field,Corporate/amenity city,Shawnta Price,Special Events Superintendent,813-274-7743,Shawnta.Price@tampagov.net,A,2000,prospect,Warm,Y,Verified,Estimated,27.9506,-82.4572,https://www.tampa.gov/special-events-coordination/contact-us,Tampa.gov Special Events,,Also SpecialEvents@tampagov.net.,tampa,city parks / special event
city-of-tampa-special-events-april-cormier,City of Tampa Special Events,Bayshore / Hyde Park / Ybor,Tampa,,,Fest_Events,Corp_Field,Corporate/amenity city,April Cormier,Senior Special Events Coordinator,813-274-8248,April.Cormier@tampagov.net,A,2000,prospect,Warm,Y,Verified,Estimated,27.9506,-82.4572,https://www.tampa.gov/special-events-coordination/contact-us,Tampa.gov Special Events,,Bayshore | Hyde Park | Water Street | Ybor.,tampa,city parks / special event
city-of-tampa-special-events-donna-mccallister,City of Tampa Special Events,Riverfront parks,Tampa,,,Fest_Events,Corp_Field,Corporate/amenity city,Donna McCallister,Senior Special Events Coordinator,813-274-3307,Donna.McCallister@tampagov.net,A,2000,prospect,Warm,Y,Verified,Estimated,27.9506,-82.4572,https://www.tampa.gov/special-events-coordination/contact-us,Tampa.gov Special Events,,Curtis Hixon / Julian B. Lane corridor.,tampa,city parks / special event
city-of-tampa-special-events-dana-tincher,City of Tampa Special Events,River parks,Tampa,,,Fest_Events,Corp_Field,Corporate/amenity city,Dana Tincher,Special Events Coordinator,813-274-5751,Dana.Tincher@tampagov.net,B,1500,prospect,Warm,Y,Verified,Estimated,27.9506,-82.4572,https://www.tampa.gov/special-events-coordination/contact-us,Tampa.gov Special Events,,Cotanchobee / Perry Harvey / Waterworks.,tampa,city parks / special event
st-petersburg-parks-recreation-parks-rec-desk,St. Petersburg Parks & Recreation,Pinellas,St. Petersburg,,,Fest_Events,Corp_Field,Corporate/amenity city,,Parks & Rec desk,727-893-7441,StPeteParksRec@stpete.org,A,2000,prospect,Warm,Y,Verified,Estimated,27.7676,-82.6403,https://www.stpeteparksrec.org/,StPete Parks Rec,,City programming / special events path.,tampa,city parks / special event
city-of-clearwater-special-events-special-events-division,City of Clearwater Special Events,Pinellas,Clearwater,,,Fest_Events,Corp_Field,Corporate/amenity city,,Special Events Division,727-562-4700,specialevents@myclearwater.com,B,1500,prospect,Warm,Y,Verified,Estimated,27.9659,-82.8001,https://www.myclearwater.com/My-Government/0-City-Departments/Special-Events,Clearwater Special Events,,Permit / programming inquiry channel.,tampa,city parks / special event
kai-hikai-tampa-amenity-hoa-hq-amenity-connect-desk,Kai (HiKai) — Tampa amenity/HOA HQ,Tampa Bay HQ,Tampa,,,Fest_Events,Regional_Enterprise,CDD/HOA amenity,,Amenity / connect desk,813-565-HOME,Connect@HiKai.com,S,3000,prospect,Warm,N,Verified,Estimated,27.9506,-82.4572,https://hikai.com/connect-with-kai/,Kai connect page / LinkedIn public,,"Multi-CDD amenity operator (Southshore, Mirada HOA, etc.). Also Support@HiKai.com. Portfolio stitch.",tampa,community / amenity event
brooks-rehabilitation-bartram-campus-kate-woodcock-sharp,Brooks Rehabilitation — Bartram Campus,Brooks network,Jacksonville (multi-site FL),,,Fest_Events,Regional_Enterprise,National stitch,Kate Woodcock-Sharp,Site programming / recreation contact,,Katelyn.Woodcock-sharp@brooksrehab.org,S,3000,prospect,Warm,N,Verified,Estimated,27.9506,-82.4572,https://brooksrehab.org/locations/brooks-rehabilitation-hospital-bartram-campus/,Suite brooks-click.html · recent_outreach,,PATTERN EXAMPLE for multi-site stitch (rehab/recreation therapy + pet therapy). Quote drafted (Violet package Nov 21) — NOT marked paid in payments book; treat as unpaid / open follow-up. CC historically Roneise.Lawrence@brooksrehab.org on ,stitch,recreation therapy / campus visit
brooks-rehabilitation-recreation-therapy-kelly-devenny,Brooks Rehabilitation — Recreation Therapy,Brooks network,Jacksonville HQ / multi campus,,,Fest_Events,Regional_Enterprise,National stitch,Kelly Devenny,Recreation Therapy contact,,Kelly.Devenny@Brooksrehab.org,S,3000,prospect,Warm,N,Verified,Estimated,27.9506,-82.4572,https://brooksrehab.org/services/therapy/recreation/,Brooks Recreation Therapy page,,Public CTRS department contact. Pet therapy + zoo outings listed on program page. Multi-campus stitch path.,stitch,recreation therapy visit
firstservice-residential-florida-lifestyle-lifestyle-solutions-customer-care,FirstService Residential — Florida Lifestyle,National / FL,"Florida (9,500+ communities NA)",FirstService Residential,national,Fest_Events,Regional_Enterprise,National stitch,,Lifestyle Solutions / Customer Care,866-378-1099,,S,3000,prospect,Later,N,Verified,Estimated,27.9506,-82.4572,https://www.fsresidential.com/florida/what-we-do/lifestyle-services/,FSR lifestyle services page,https://www.fsresidential.com/florida/what-we-do/lifestyle-services/,Largest residential amenity/lifestyle manager. Kids' Clubs + Pet Programs + Customized Resident Events publicly marketed. Use form / 866.378.1099 — no invent email. Waterchase historically FSR-managed (local seat).,stitch,portfolio lifestyle programming
vesta-property-services-amenity-lifestyle-lifestyle-tampa-regional,Vesta Property Services — Amenity / Lifestyle,Florida multi,Jacksonville HQ · Tampa Brandon office,Vesta,regional,Fest_Events,Regional_Enterprise,National stitch,,Lifestyle / Tampa regional,877-988-3782,,S,3000,prospect,Later,N,Verified,Estimated,27.9506,-82.4572,https://vestapropertyservices.com/tampa/,Vesta Tampa + FCAP guide,,"Amenity management + lifestyle events across FL (Epperson, Bridgewater already Vesta DMs). Jax operator already books Vesta (Kate Smith / Durbin). Portfolio stitch = same playbook new markets. HQ 245 Riverside Ave Ste 300 Jax; Tampa 1020 E ",stitch,multi-community amenity event
kai-hikai-portfolio-amenity-connect-support,Kai (HiKai) — Portfolio amenity,Tampa Bay + FL,Tampa HQ · multi CDD/HOA,Kai,regional,Fest_Events,Regional_Enterprise,National stitch,,Connect / Support,813-565-4663,Connect@HiKai.com,A,2000,prospect,Warm,N,Verified,Estimated,27.9506,-82.4572,https://hikai.com/,Kai site / LinkedIn public emails,,Also Support@HiKai.com · hello@hikai.com (LinkedIn). Amenity oversight + lifestyle programming across CDDs. Local Southshore/Mirada seats map into this portfolio.,stitch,portfolio amenity event
gms-tampa-district-amenity-portfolio-jason-greenwood,GMS Tampa — District / Amenity portfolio,GMS FL network,Tampa,GMS,regional,Fest_Events,Regional_Enterprise,National stitch,Jason Greenwood,District Manager (multi-CDD),813-344-4844,jgreenwood@gmstnn.com,A,2000,prospect,Warm,N,Verified,Estimated,27.9506,-82.4572,https://www.miradacdd.org/contacts,GMS on Mirada + Belmont CDD pages,,Same GMS seat spans Mirada + Belmont; Brian Young byoung@gms-tampa.com is Amenity Director. Multi-site stitch inside GMS book.,stitch,amenity portfolio visit
rizzetta-company-distict-hoa-portfolio-district-management-desk,Rizzetta & Company — Distict/HOA portfolio,Rizzetta FL network,Wesley Chapel / Tampa,Rizzetta,regional,Fest_Events,Regional_Enterprise,National stitch,,District management desk,813-994-1001,,A,2000,prospect,Later,N,Verified,Estimated,27.9506,-82.4572,https://www.wiregrasscdd.org/contacts,Multiple Rizzetta CDD pages,,"Wiregrass, Connerton, Waterset, Triple Creek DMs already listed as Tampa seats. Portfolio pitch = one relationship, many amenity centers. HQ public records path via each CDD.",stitch,multi-CDD amenity
inframark-ims-district-management-district-services,Inframark IMS — District management,Inframark FL,Tampa Pan Am Circle + Celebration,Inframark,national,Fest_Events,Regional_Enterprise,National stitch,,District services,954-603-0033,,B,1500,prospect,Later,N,Verified,Estimated,27.9506,-82.4572,https://www.southfork.us/contacts,Inframark on South Fork / Waterchase / Epperson II,,Multi-CDD operator. Use published DM emails per community (already in Tampa seats) rather than inventing corp inbox.,stitch,district portfolio
castle-group-community-directors-community-director-path,Castle Group — Community Directors,Castle Group FL,FL multi (Waterset example),Castle Group,national,Fest_Events,Regional_Enterprise,National stitch,,Community Director path,800-337-5850,,A,2000,prospect,Later,N,Verified,Estimated,27.9506,-82.4572,https://www.watersetcentralcdd.org/contacts,Waterset HOA block + Epperson HOA,,Watersetmanager@castlegroup.com + EppersonHOA@castlegroup.com are local examples of Castle multi-site CAM pattern.,stitch,multi-community clubhouse
brookdale-senior-living-corporate-fl-footprint-senior-living-advisor-activities,Brookdale Senior Living — Corporate / FL footprint,National senior chain,National · Tampa Bay sites,Brookdale,national,Fest_Events,Regional_Enterprise,National stitch,,Senior Living Advisor / Activities,877-390-2597,,A,2000,prospect,Later,N,Open,Estimated,27.9506,-82.4572,https://www.brookdale.com/en/locations/florida/tampa.html,Brookdale Tampa hub,https://www.brookdale.com/en/locations/florida/tampa.html,Multi-site senior living. Life enrichment / activities buy petting visits site-by-site or regionally. No invent corp email — use location phones + form.,stitch,life enrichment multi-site
atria-senior-living-vendor-community-customer-service-vendor-path,Atria Senior Living — Vendor / Community,National senior chain,National · FL communities,Atria,national,Fest_Events,Regional_Enterprise,National stitch,,Customer Service / Vendor path,,CustomerService@AtriaSeniorLiving.com,B,1500,prospect,Warm,N,Verified,Estimated,27.9506,-82.4572,https://www.atriaseniorliving.com/contact-us,Atria Contact Us,,Vendor application also AtriaVendors.com. Multi-site life enrichment pattern.,stitch,life enrichment visit
sunrise-senior-living-pricing-availability-community-desk,Sunrise Senior Living,National senior chain,National (Brighton Gardens Tampa is Sunrise),Sunrise,national,Fest_Events,Regional_Enterprise,National stitch,,Pricing & Availability / community desk,888-434-4648,,B,1500,prospect,Later,N,Open,Estimated,27.9506,-82.4572,https://www.sunriseseniorliving.com/,Sunrise site,,Brighton Gardens of Tampa is local Sunrise footprint example. Ask Activities per community.,stitch,activities multi-site
melrose-lifestyle-melrose-management-lifestyles-portfolio,Melrose Lifestyle / Melrose Management,Melrose portfolio,Tampa Bay communities,Melrose,regional,Fest_Events,Regional_Enterprise,National stitch,,Lifestyles portfolio,813-973-8368,grandhampton@melroselifestyle.com,A,2000,prospect,Warm,N,Verified,Estimated,27.9506,-82.4572,https://www.egrandhampton.com/contacts/,Grand Hampton Melrose contacts,,Lifestyle director pattern at Grand Hampton; Melrose manages multiple gated communities — stitch via lifestyle brand email.,stitch,lifestyle portfolio events
realmanage-cira-hoa-portfolio-community-association-management,RealManage / CIRA — HOA portfolio,RealManage family,FL multi,RealManage,national,Fest_Events,Regional_Enterprise,National stitch,,Community association management,941-231-0050,,B,1500,prospect,Later,N,Verified,Estimated,27.9506,-82.4572,https://www.triplecreekcdd.com/contacts,Triple Creek HOA RealManage,,tripleC@ciramail.com is local example; RealManage is multi-market HOA platform (FCAP preferred-provider context).,stitch,HOA portfolio events
abbot-square-cdd-district-amenity-desk,Abbot Square CDD,Pasco,Wesley Chapel,Special District Services,regional,Fest_Events,Regional_Enterprise,CDD/HOA amenity,,District / Amenity desk,,,A,2000,prospect,Later,N,Open,Estimated,28.2397,-82.3279,https://www.abbotsquarecdd.org/contacts,Pasco SOE Special Districts list,https://www.abbotsquarecdd.org/contacts,Org on Pasco SOE public list. RA footprint: 2300 Glades Road Suite 410W Boca Raton. Contact Open. Manager tag Estimated from address.,tampa,community / amenity event
asturia-cdd-district-amenity-desk,Asturia CDD,Pasco,Odessa,Vesta,regional,Fest_Events,Regional_Enterprise,CDD/HOA amenity,,District / Amenity desk,,,A,2000,prospect,Later,N,Open,Estimated,28.1939,-82.5918,https://www.asturiacdd.org/contacts,Pasco SOE Special Districts list,https://www.asturiacdd.org/contacts,Org on Pasco SOE public list. RA footprint: 250 International Parkway Suite 208 Lake Mary. Contact Open. Manager tag Estimated from address.,tampa,community / amenity event
ballantrae-cdd-district-amenity-desk,Ballantrae CDD,Pasco,Land O' Lakes,Inframark / Wrathell Hunt,national,Fest_Events,Regional_Enterprise,CDD/HOA amenity,,District / Amenity desk,,,A,2000,prospect,Later,N,Open,Estimated,28.2189,-82.4576,https://www.ballantraecdd.org/contacts,Pasco SOE Special Districts list,https://www.ballantraecdd.org/contacts,Org on Pasco SOE public list. RA footprint: 1540 International Parkway Suite 2000 Lake Mary. Contact Open. Manager tag Estimated from address.,tampa,community / amenity event
bexley-cdd-district-amenity-desk,Bexley CDD,Pasco,Land O' Lakes,Rizzetta / Inframark footprint,regional,Fest_Events,Regional_Enterprise,CDD/HOA amenity,,District / Amenity desk,,,A,2000,prospect,Later,N,Open,Estimated,28.2189,-82.4576,https://www.bexleycdd.org/contacts,Pasco SOE Special Districts list,https://www.bexleycdd.org/contacts,Org on Pasco SOE public list. RA footprint: 5844 Old Pasco Rd Suite 100 Wesley Chapel. Contact Open. Manager tag Estimated from address.,tampa,community / amenity event
chapel-creek-cdd-district-amenity-desk,Chapel Creek CDD,Pasco,Wesley Chapel,,,Fest_Events,Regional_Enterprise,CDD/HOA amenity,,District / Amenity desk,,,B,1500,prospect,Later,N,Open,Estimated,28.2397,-82.3279,https://www.chapelcreekcdd.org/contacts,Pasco SOE Special Districts list,https://www.chapelcreekcdd.org/contacts,Org on Pasco SOE public list. RA footprint: 219 E Livingston Street Orlando. Contact Open. Manager tag Estimated from address.,tampa,community / amenity event
chapel-crossings-cdd-district-amenity-desk,Chapel Crossings CDD,Pasco,Wesley Chapel,GMS / Premier-style,regional,Fest_Events,Regional_Enterprise,CDD/HOA amenity,,District / Amenity desk,,,A,2000,prospect,Later,N,Open,Estimated,28.2397,-82.3279,https://www.chapelcrossingscdd.org/contacts,Pasco SOE Special Districts list,https://www.chapelcrossingscdd.org/contacts,Org on Pasco SOE public list. RA footprint: 210 N University Drive Suite 702 Coral Springs. Contact Open. Manager tag Estimated from address.,tampa,community / amenity event
cobblestone-cdd-district-amenity-desk,Cobblestone CDD,Pasco,Wesley Chapel,Inframark,national,Fest_Events,Regional_Enterprise,CDD/HOA amenity,,District / Amenity desk,,,A,2000,prospect,Later,N,Open,Estimated,28.2397,-82.3279,https://www.cobblestonecdd.org/contacts,Pasco SOE Special Districts list,https://www.cobblestonecdd.org/contacts,Org on Pasco SOE public list. RA footprint: 2005 Pan Am Circle Suite 300 Tampa. Contact Open. Manager tag Estimated from address.,tampa,community / amenity event
concord-station-cdd-district-amenity-desk,Concord Station CDD,Pasco,Land O' Lakes,Rizzetta / Inframark footprint,regional,Fest_Events,Regional_Enterprise,CDD/HOA amenity,,District / Amenity desk,,,A,2000,prospect,Later,N,Open,Estimated,28.2189,-82.4576,https://www.concordstationcdd.org/contacts,Pasco SOE Special Districts list,https://www.concordstationcdd.org/contacts,Org on Pasco SOE public list. RA footprint: 5844 Old Pasco Road Suite 100 Wesley Chapel. Contact Open. Manager tag Estimated from address.,tampa,community / amenity event
connerton-east-cdd-district-amenity-desk,Connerton East CDD,Pasco,Land O' Lakes,Rizzetta / Inframark footprint,regional,Fest_Events,Regional_Enterprise,CDD/HOA amenity,,District / Amenity desk,,,A,2000,prospect,Later,N,Open,Estimated,28.2189,-82.4576,https://www.connertoneastcdd.org/contacts,Pasco SOE Special Districts list,https://www.connertoneastcdd.org/contacts,Org on Pasco SOE public list. RA footprint: 5844 Old Pasco Road Suite 100 Wesley Chapel. Contact Open. Manager tag Estimated from address.,tampa,community / amenity event
copperspring-cdd-district-amenity-desk,Copperspring CDD,Pasco,Wesley Chapel,Rizzetta / Inframark footprint,regional,Fest_Events,Regional_Enterprise,CDD/HOA amenity,,District / Amenity desk,,,A,2000,prospect,Later,N,Open,Estimated,28.2397,-82.3279,https://www.copperspringcdd.org/contacts,Pasco SOE Special Districts list,https://www.copperspringcdd.org/contacts,Org on Pasco SOE public list. RA footprint: 5844 Old Pasco Road Suite 100 Wesley Chapel. Contact Open. Manager tag Estimated from address.,tampa,community / amenity event
country-walk-cdd-district-amenity-desk,Country Walk CDD,Pasco,Wesley Chapel,Rizzetta / Inframark footprint,regional,Fest_Events,Regional_Enterprise,CDD/HOA amenity,,District / Amenity desk,,,A,2000,prospect,Later,N,Open,Estimated,28.2397,-82.3279,https://www.countrywalkcdd.org/contacts,Pasco SOE Special Districts list,https://www.countrywalkcdd.org/contacts,Org on Pasco SOE public list. RA footprint: 5844 Old Pasco Road Suite 100 Wesley Chapel. Contact Open. Manager tag Estimated from address.,tampa,community / amenity event
cypress-preserve-cdd-district-amenity-desk,Cypress Preserve CDD,Pasco,Wesley Chapel,Inframark,national,Fest_Events,Regional_Enterprise,CDD/HOA amenity,,District / Amenity desk,,,A,2000,prospect,Later,N,Open,Estimated,28.2397,-82.3279,https://www.cypresspreservecdd.org/contacts,Pasco SOE Special Districts list,https://www.cypresspreservecdd.org/contacts,Org on Pasco SOE public list. RA footprint: 2005 Pan Am Circle Suite 300 Tampa. Contact Open. Manager tag Estimated from address.,tampa,community / amenity event
del-webb-bexley-cdd-district-amenity-desk,Del Webb Bexley CDD,Pasco,Land O' Lakes,Rizzetta,regional,Fest_Events,Regional_Enterprise,CDD/HOA amenity,,District / Amenity desk,,,A,2000,prospect,Later,N,Open,Estimated,28.2189,-82.4576,https://www.delwebbbexleycdd.org/contacts,Pasco SOE Special Districts list,https://www.delwebbbexleycdd.org/contacts,Org on Pasco SOE public list. RA footprint: 2700 S Falkenburg Rd Suite 2745 Riverview. Contact Open. Manager tag Estimated from address.,tampa,community / amenity event
dupree-lakes-cdd-district-amenity-desk,Dupree Lakes CDD,Pasco,Land O' Lakes,District Mgmt (Eagle Falls),regional,Fest_Events,Regional_Enterprise,CDD/HOA amenity,,District / Amenity desk,,,A,2000,prospect,Later,N,Open,Estimated,28.2189,-82.4576,https://www.dupreelakescdd.org/contacts,Pasco SOE Special Districts list,https://www.dupreelakescdd.org/contacts,Org on Pasco SOE public list. RA footprint: 4530 Eagle Falls Place Tampa. Contact Open. Manager tag Estimated from address.,tampa,community / amenity event
epperson-north-cdd-district-amenity-desk,Epperson North CDD,Pasco,Wesley Chapel,Vesta,regional,Fest_Events,Regional_Enterprise,CDD/HOA amenity,,District / Amenity desk,,,A,2000,prospect,Later,N,Open,Estimated,28.2397,-82.3279,https://www.eppersonnorthcdd.org/contacts,Pasco SOE Special Districts list,https://www.eppersonnorthcdd.org/contacts,Org on Pasco SOE public list. RA footprint: 250 International Parkway Suite 208 Lake Mary. Contact Open. Manager tag Estimated from address.,tampa,community / amenity event
estancia-at-wiregrass-cdd-district-amenity-desk,Estancia at Wiregrass CDD,Pasco,Wesley Chapel,District Mgmt (Eagle Falls),regional,Fest_Events,Regional_Enterprise,CDD/HOA amenity,,District / Amenity desk,,,A,2000,prospect,Later,N,Open,Estimated,28.2397,-82.3279,https://www.estanciaatwiregrasscdd.org/contacts,Pasco SOE Special Districts list,https://www.estanciaatwiregrasscdd.org/contacts,Org on Pasco SOE public list. RA footprint: 4530 Eagle Falls Place Tampa. Contact Open. Manager tag Estimated from address.,tampa,community / amenity event
heritage-pines-cdd-district-amenity-desk,Heritage Pines CDD,Pasco,Hudson,,,Fest_Events,Regional_Enterprise,CDD/HOA amenity,,District / Amenity desk,,,B,1500,prospect,Later,N,Open,Estimated,28.3614,-82.6932,https://www.heritagepinescdd.org/contacts,Pasco SOE Special Districts list,https://www.heritagepinescdd.org/contacts,Org on Pasco SOE public list. RA footprint: 9220 Bonita Beach Road Suite 214 Bonita Springs. Contact Open. Manager tag Estimated from address.,tampa,community / amenity event
heritage-springs-cdd-district-amenity-desk,Heritage Springs CDD,Pasco,Trinity,GMS / Premier-style,regional,Fest_Events,Regional_Enterprise,CDD/HOA amenity,,District / Amenity desk,,,A,2000,prospect,Later,N,Open,Estimated,28.1778,-82.6679,https://www.heritagespringscdd.org/contacts,Pasco SOE Special Districts list,https://www.heritagespringscdd.org/contacts,Org on Pasco SOE public list. RA footprint: 210 N University Drive Suite 702 Coral Springs. Contact Open. Manager tag Estimated from address.,tampa,community / amenity event
hidden-creek-north-cdd-district-amenity-desk,Hidden Creek North CDD,Pasco,Wesley Chapel,Rizzetta / Inframark footprint,regional,Fest_Events,Regional_Enterprise,CDD/HOA amenity,,District / Amenity desk,,,A,2000,prospect,Later,N,Open,Estimated,28.2397,-82.3279,https://www.hiddencreeknorthcdd.org/contacts,Pasco SOE Special Districts list,https://www.hiddencreeknorthcdd.org/contacts,Org on Pasco SOE public list. RA footprint: 5844 Old Pasco Road Suite 100 Wesley Chapel. Contact Open. Manager tag Estimated from address.,tampa,community / amenity event
highland-trails-cdd-district-amenity-desk,Highland Trails CDD,Pasco,Wesley Chapel,Inframark / Wrathell Hunt,national,Fest_Events,Regional_Enterprise,CDD/HOA amenity,,District / Amenity desk,,,A,2000,prospect,Later,N,Open,Estimated,28.2397,-82.3279,https://www.highlandtrailscdd.org/contacts,Pasco SOE Special Districts list,https://www.highlandtrailscdd.org/contacts,Org on Pasco SOE public list. RA footprint: 1540 International Parkway Suite 2000 Lake Mary. Contact Open. Manager tag Estimated from address.,tampa,community / amenity event
lake-bernadette-cdd-district-amenity-desk,Lake Bernadette CDD,Pasco,Zephyrhills,GMS / Premier-style,regional,Fest_Events,Regional_Enterprise,CDD/HOA amenity,,District / Amenity desk,,,A,2000,prospect,Later,N,Open,Estimated,28.2336,-82.1812,https://www.lakebernadettecdd.org/contacts,Pasco SOE Special Districts list,https://www.lakebernadettecdd.org/contacts,Org on Pasco SOE public list. RA footprint: 210 N University Drive Suite 702 Coral Springs. Contact Open. Manager tag Estimated from address.,tampa,community / amenity event
lake-padgett-estates-cdd-district-amenity-desk,Lake Padgett Estates CDD,Pasco,Land O' Lakes,Rizzetta / Inframark footprint,regional,Fest_Events,Regional_Enterprise,CDD/HOA amenity,,District / Amenity desk,,,A,2000,prospect,Later,N,Open,Estimated,28.2189,-82.4576,https://www.lakepadgettestatescdd.org/contacts,Pasco SOE Special Districts list,https://www.lakepadgettestatescdd.org/contacts,Org on Pasco SOE public list. RA footprint: 5844 Old Pasco Road Suite 100 Wesley Chapel. Contact Open. Manager tag Estimated from address.,tampa,community / amenity event
lakeshore-ranch-cdd-district-amenity-desk,Lakeshore Ranch CDD,Pasco,Land O' Lakes,Inframark / Wrathell Hunt,national,Fest_Events,Regional_Enterprise,CDD/HOA amenity,,District / Amenity desk,,,A,2000,prospect,Later,N,Open,Estimated,28.2189,-82.4576,https://www.lakeshoreranchcdd.org/contacts,Pasco SOE Special Districts list,https://www.lakeshoreranchcdd.org/contacts,Org on Pasco SOE public list. RA footprint: 1540 International Parkway Suite 2000 Lake Mary. Contact Open. Manager tag Estimated from address.,tampa,community / amenity event
lakeside-cdd-district-amenity-desk,Lakeside CDD,Pasco,Wesley Chapel,Rizzetta / Inframark footprint,regional,Fest_Events,Regional_Enterprise,CDD/HOA amenity,,District / Amenity desk,,,A,2000,prospect,Later,N,Open,Estimated,28.2397,-82.3279,https://www.lakesidecdd.org/contacts,Pasco SOE Special Districts list,https://www.lakesidecdd.org/contacts,Org on Pasco SOE public list. RA footprint: 5844 Old Pasco Road Suite 100 Wesley Chapel. Contact Open. Manager tag Estimated from address.,tampa,community / amenity event
lexington-oaks-cdd-district-amenity-desk,Lexington Oaks CDD,Pasco,Wesley Chapel,,,Fest_Events,Regional_Enterprise,CDD/HOA amenity,,District / Amenity desk,,,B,1500,prospect,Later,N,Open,Estimated,28.2397,-82.3279,https://www.lexingtonoakscdd.org/contacts,Pasco SOE Special Districts list,https://www.lexingtonoakscdd.org/contacts,Org on Pasco SOE public list. RA footprint: 2634 Cypress Ridge Boulevard Suite 102 Wesley Chapel. Contact Open. Manager tag Estimated from address.,tampa,community / amenity event
long-lake-ranch-cdd-district-amenity-desk,Long Lake Ranch CDD,Pasco,Lutz,Vesta,regional,Fest_Events,Regional_Enterprise,CDD/HOA amenity,,District / Amenity desk,,,A,2000,prospect,Later,N,Open,Estimated,28.1511,-82.4615,https://www.longlakeranchcdd.org/contacts,Pasco SOE Special Districts list,https://www.longlakeranchcdd.org/contacts,Org on Pasco SOE public list. RA footprint: 250 International Parkway Suite 208 Lake Mary. Contact Open. Manager tag Estimated from address.,tampa,community / amenity event
long-lake-reserve-cdd-district-amenity-desk,Long Lake Reserve CDD,Pasco,Lutz,Rizzetta / Inframark footprint,regional,Fest_Events,Regional_Enterprise,CDD/HOA amenity,,District / Amenity desk,,,A,2000,prospect,Later,N,Open,Estimated,28.1511,-82.4615,https://www.longlakereservecdd.org/contacts,Pasco SOE Special Districts list,https://www.longlakereservecdd.org/contacts,Org on Pasco SOE public list. RA footprint: 5844 Old Pasco Road Suite 100 Wesley Chapel. Contact Open. Manager tag Estimated from address.,tampa,community / amenity event
longleaf-cdd-district-amenity-desk,Longleaf CDD,Pasco,New Port Richey,Inframark,national,Fest_Events,Regional_Enterprise,CDD/HOA amenity,,District / Amenity desk,,,A,2000,prospect,Later,N,Open,Estimated,28.2442,-82.7193,https://www.longleafcdd.org/contacts,Pasco SOE Special Districts list,https://www.longleafcdd.org/contacts,Org on Pasco SOE public list. RA footprint: 2005 Pan Am Circle Suite 300 Tampa. Contact Open. Manager tag Estimated from address.,tampa,community / amenity event
meadow-pointe-cdd-district-amenity-desk,Meadow Pointe CDD,Pasco,Wesley Chapel,,,Fest_Events,Regional_Enterprise,CDD/HOA amenity,,District / Amenity desk,,,B,1500,prospect,Later,N,Open,Estimated,28.2397,-82.3279,https://www.meadowpointecdd.org/contacts,Pasco SOE Special Districts list,https://www.meadowpointecdd.org/contacts,Org on Pasco SOE public list. RA footprint: 28245 County Line Road Wesley Chapel. Contact Open. Manager tag Estimated from address.,tampa,community / amenity event
meadow-pointe-ii-cdd-district-amenity-desk,Meadow Pointe II CDD,Pasco,Wesley Chapel,,,Fest_Events,Regional_Enterprise,CDD/HOA amenity,,District / Amenity desk,,,B,1500,prospect,Later,N,Open,Estimated,28.2397,-82.3279,https://www.meadowpointeiicdd.org/contacts,Pasco SOE Special Districts list,https://www.meadowpointeiicdd.org/contacts,Org on Pasco SOE public list. RA footprint: 2634 Cypress Ridge Boulevard Suite 102 Wesley Chapel. Contact Open. Manager tag Estimated from address.,tampa,community / amenity event
meadow-pointe-iii-cdd-district-amenity-desk,Meadow Pointe III CDD,Pasco,Wesley Chapel,Rizzetta / Inframark footprint,regional,Fest_Events,Regional_Enterprise,CDD/HOA amenity,,District / Amenity desk,,,A,2000,prospect,Later,N,Open,Estimated,28.2397,-82.3279,https://www.meadowpointeiiicdd.org/contacts,Pasco SOE Special Districts list,https://www.meadowpointeiiicdd.org/contacts,Org on Pasco SOE public list. RA footprint: 5844 Old Pasco Road Suite 100 Wesley Chapel. Contact Open. Manager tag Estimated from address.,tampa,community / amenity event
meadow-pointe-iv-cdd-district-amenity-desk,Meadow Pointe IV CDD,Pasco,Wesley Chapel,Rizzetta / Inframark footprint,regional,Fest_Events,Regional_Enterprise,CDD/HOA amenity,,District / Amenity desk,,,A,2000,prospect,Later,N,Open,Estimated,28.2397,-82.3279,https://www.meadowpointeivcdd.org/contacts,Pasco SOE Special Districts list,https://www.meadowpointeivcdd.org/contacts,Org on Pasco SOE public list. RA footprint: 5844 Old Pasco Road Suite 100 Wesley Chapel. Contact Open. Manager tag Estimated from address.,tampa,community / amenity event
meadow-pointe-v-cdd-district-amenity-desk,Meadow Pointe V CDD,Pasco,Wesley Chapel,Rizzetta / Inframark footprint,regional,Fest_Events,Regional_Enterprise,CDD/HOA amenity,,District / Amenity desk,,,A,2000,prospect,Later,N,Open,Estimated,28.2397,-82.3279,https://www.meadowpointevcdd.org/contacts,Pasco SOE Special Districts list,https://www.meadowpointevcdd.org/contacts,Org on Pasco SOE public list. RA footprint: 5844 Old Pasco Road Suite 100 Wesley Chapel. Contact Open. Manager tag Estimated from address.,tampa,community / amenity event
mirada-ii-cdd-district-amenity-desk,Mirada II CDD,Pasco,San Antonio,Inframark / Wrathell Hunt,national,Fest_Events,Regional_Enterprise,CDD/HOA amenity,,District / Amenity desk,,,A,2000,prospect,Later,N,Open,Estimated,28.3361,-82.2748,https://www.miradaiicdd.org/contacts,Pasco SOE Special Districts list,https://www.miradaiicdd.org/contacts,Org on Pasco SOE public list. RA footprint: 1540 International Parkway Suite 2000 Lake Mary. Contact Open. Manager tag Estimated from address.,tampa,community / amenity event
mitchell-ranch-cdd-district-amenity-desk,Mitchell Ranch CDD,Pasco,Trinity,Rizzetta / Inframark footprint,regional,Fest_Events,Regional_Enterprise,CDD/HOA amenity,,District / Amenity desk,,,A,2000,prospect,Later,N,Open,Estimated,28.1778,-82.6679,https://www.mitchellranchcdd.org/contacts,Pasco SOE Special Districts list,https://www.mitchellranchcdd.org/contacts,Org on Pasco SOE public list. RA footprint: 5844 Old Pasco Road Suite 100 Wesley Chapel. Contact Open. Manager tag Estimated from address.,tampa,community / amenity event
north-ar-1-pasco-cdd-district-amenity-desk,North AR-1 Pasco CDD,Pasco,Wesley Chapel,Inframark / Wrathell Hunt,national,Fest_Events,Regional_Enterprise,CDD/HOA amenity,,District / Amenity desk,,,A,2000,prospect,Later,N,Open,Estimated,28.2397,-82.3279,https://www.northar1pascocdd.org/contacts,Pasco SOE Special Districts list,https://www.northar1pascocdd.org/contacts,Org on Pasco SOE public list. RA footprint: 1540 International Parkway Suite 2000 Lake Mary. Contact Open. Manager tag Estimated from address.,tampa,community / amenity event
northwood-cdd-district-amenity-desk,Northwood CDD,Pasco,Wesley Chapel,Inframark,national,Fest_Events,Regional_Enterprise,CDD/HOA amenity,,District / Amenity desk,,,A,2000,prospect,Later,N,Open,Estimated,28.2397,-82.3279,https://www.northwoodcdd.org/contacts,Pasco SOE Special Districts list,https://www.northwoodcdd.org/contacts,Org on Pasco SOE public list. RA footprint: 2005 Pan Am Circle Suite 300 Tampa. Contact Open. Manager tag Estimated from address.,tampa,community / amenity event
oak-creek-cdd-district-amenity-desk,Oak Creek CDD,Pasco,Wesley Chapel,,,Fest_Events,Regional_Enterprise,CDD/HOA amenity,,District / Amenity desk,,,B,1500,prospect,Later,N,Open,Estimated,28.2397,-82.3279,https://www.oakcreekcdd.org/contacts,Pasco SOE Special Districts list,https://www.oakcreekcdd.org/contacts,Org on Pasco SOE public list. RA footprint: 2654 Cypress Ridge Blvd Suite 101 Wesley Chapel. Contact Open. Manager tag Estimated from address.,tampa,community / amenity event
oakstead-cdd-district-amenity-desk,Oakstead CDD,Pasco,Land O' Lakes,,,Fest_Events,Regional_Enterprise,CDD/HOA amenity,,District / Amenity desk,,,B,1500,prospect,Later,N,Open,Estimated,28.2189,-82.4576,https://www.oaksteadcdd.org/contacts,Pasco SOE Special Districts list,https://www.oaksteadcdd.org/contacts,Org on Pasco SOE public list. RA footprint: 2654 Cypress Ridge Boulevard Suite 101 Wesley Chapel. Contact Open. Manager tag Estimated from address.,tampa,community / amenity event
parkview-at-long-ranch-cdd-district-amenity-desk,Parkview at Long Ranch CDD,Pasco,Wesley Chapel,Special District Services,regional,Fest_Events,Regional_Enterprise,CDD/HOA amenity,,District / Amenity desk,,,A,2000,prospect,Later,N,Open,Estimated,28.2397,-82.3279,https://www.parkviewatlongranchcdd.org/contacts,Pasco SOE Special Districts list,https://www.parkviewatlongranchcdd.org/contacts,Org on Pasco SOE public list. RA footprint: 2300 Glades Road Suite 410W Boca Raton. Contact Open. Manager tag Estimated from address.,tampa,community / amenity event
preserve-at-south-branch-cdd-district-amenity-desk,Preserve at South Branch CDD,Pasco,Wesley Chapel,Vesta,regional,Fest_Events,Regional_Enterprise,CDD/HOA amenity,,District / Amenity desk,,,A,2000,prospect,Later,N,Open,Estimated,28.2397,-82.3279,https://www.preserveatsouthbranchcdd.org/contacts,Pasco SOE Special Districts list,https://www.preserveatsouthbranchcdd.org/contacts,Org on Pasco SOE public list. RA footprint: 250 International Parkway Suite 208 Lake Mary. Contact Open. Manager tag Estimated from address.,tampa,community / amenity event
preserve-at-wilderness-lake-cdd-district-amenity-desk,Preserve at Wilderness Lake CDD,Pasco,Land O' Lakes,Rizzetta / Inframark footprint,regional,Fest_Events,Regional_Enterprise,CDD/HOA amenity,,District / Amenity desk,,,A,2000,prospect,Later,N,Open,Estimated,28.2189,-82.4576,https://www.preserveatwildernesslakecdd.org/contacts,Pasco SOE Special Districts list,https://www.preserveatwildernesslakecdd.org/contacts,Org on Pasco SOE public list. RA footprint: 5844 Old Pasco Road Suite 100 Wesley Chapel. Contact Open. Manager tag Estimated from address.,tampa,community / amenity event
river-landing-cdd-district-amenity-desk,River Landing CDD,Pasco,Wesley Chapel,,,Fest_Events,Regional_Enterprise,CDD/HOA amenity,,District / Amenity desk,,,B,1500,prospect,Later,N,Open,Estimated,28.2397,-82.3279,https://www.riverlandingcdd.org/contacts,Pasco SOE Special Districts list,https://www.riverlandingcdd.org/contacts,Org on Pasco SOE public list. RA footprint: 2301 Northeast 37th Street Fort Lauderdale. Contact Open. Manager tag Estimated from address.,tampa,community / amenity event
riverwood-estates-cdd-district-amenity-desk,Riverwood Estates CDD,Pasco,Wesley Chapel,Rizzetta / Inframark footprint,regional,Fest_Events,Regional_Enterprise,CDD/HOA amenity,,District / Amenity desk,,,A,2000,prospect,Later,N,Open,Estimated,28.2397,-82.3279,https://www.riverwoodestatescdd.org/contacts,Pasco SOE Special Districts list,https://www.riverwoodestatescdd.org/contacts,Org on Pasco SOE public list. RA footprint: 5844 Old Pasco Road Suite 100 Wesley Chapel. Contact Open. Manager tag Estimated from address.,tampa,community / amenity event
seven-oaks-cdd-district-amenity-desk,Seven Oaks CDD,Pasco,Wesley Chapel,Rizzetta / Inframark footprint,regional,Fest_Events,Regional_Enterprise,CDD/HOA amenity,,District / Amenity desk,,,A,2000,prospect,Later,N,Open,Estimated,28.2397,-82.3279,https://www.sevenoakscdd.org/contacts,Pasco SOE Special Districts list,https://www.sevenoakscdd.org/contacts,Org on Pasco SOE public list. RA footprint: 5844 Old Pasco Road Suite 100 Wesley Chapel. Contact Open. Manager tag Estimated from address.,tampa,community / amenity event
silverado-cdd-district-amenity-desk,Silverado CDD,Pasco,Wesley Chapel,Special District Services,regional,Fest_Events,Regional_Enterprise,CDD/HOA amenity,,District / Amenity desk,,,A,2000,prospect,Later,N,Open,Estimated,28.2397,-82.3279,https://www.silveradocdd.org/contacts,Pasco SOE Special Districts list,https://www.silveradocdd.org/contacts,Org on Pasco SOE public list. RA footprint: 2300 Glades Road Suite 410W Boca Raton. Contact Open. Manager tag Estimated from address.,tampa,community / amenity event
summerstone-cdd-district-amenity-desk,Summerstone CDD,Pasco,Wesley Chapel,Special District Services,regional,Fest_Events,Regional_Enterprise,CDD/HOA amenity,,District / Amenity desk,,,A,2000,prospect,Later,N,Open,Estimated,28.2397,-82.3279,https://www.summerstonecdd.org/contacts,Pasco SOE Special Districts list,https://www.summerstonecdd.org/contacts,Org on Pasco SOE public list. RA footprint: 2300 Glades Road Suite 410W Boca Raton. Contact Open. Manager tag Estimated from address.,tampa,community / amenity event
summit-view-cdd-district-amenity-desk,Summit View CDD,Pasco,Wesley Chapel,Rizzetta / Inframark footprint,regional,Fest_Events,Regional_Enterprise,CDD/HOA amenity,,District / Amenity desk,,,A,2000,prospect,Later,N,Open,Estimated,28.2397,-82.3279,https://www.summitviewcdd.org/contacts,Pasco SOE Special Districts list,https://www.summitviewcdd.org/contacts,Org on Pasco SOE public list. RA footprint: 5844 Old Pasco Road Suite 200 Wesley Chapel. Contact Open. Manager tag Estimated from address.,tampa,community / amenity event
suncoast-cdd-district-amenity-desk,Suncoast CDD,Pasco,Odessa,Inframark,national,Fest_Events,Regional_Enterprise,CDD/HOA amenity,,District / Amenity desk,,,A,2000,prospect,Later,N,Open,Estimated,28.1939,-82.5918,https://www.suncoastcdd.org/contacts,Pasco SOE Special Districts list,https://www.suncoastcdd.org/contacts,Org on Pasco SOE public list. RA footprint: 2005 Pan Am Circle Suite 300 Tampa. Contact Open. Manager tag Estimated from address.,tampa,community / amenity event
talavera-cdd-district-amenity-desk,Talavera CDD,Pasco,Wesley Chapel,Rizzetta / Inframark footprint,regional,Fest_Events,Regional_Enterprise,CDD/HOA amenity,,District / Amenity desk,,,A,2000,prospect,Later,N,Open,Estimated,28.2397,-82.3279,https://www.talaveracdd.org/contacts,Pasco SOE Special Districts list,https://www.talaveracdd.org/contacts,Org on Pasco SOE public list. RA footprint: 5844 Old Pasco Road Suite 100 Wesley Chapel. Contact Open. Manager tag Estimated from address.,tampa,community / amenity event
terra-bella-cdd-district-amenity-desk,Terra Bella CDD,Pasco,Land O' Lakes,District Mgmt (Eagle Falls),regional,Fest_Events,Regional_Enterprise,CDD/HOA amenity,,District / Amenity desk,,,A,2000,prospect,Later,N,Open,Estimated,28.2189,-82.4576,https://www.terrabellacdd.org/contacts,Pasco SOE Special Districts list,https://www.terrabellacdd.org/contacts,Org on Pasco SOE public list. RA footprint: 4530 Eagle Falls Place Tampa. Contact Open. Manager tag Estimated from address.,tampa,community / amenity event
the-groves-cdd-district-amenity-desk,The Groves CDD,Pasco,Land O' Lakes,Rizzetta / Inframark footprint,regional,Fest_Events,Regional_Enterprise,CDD/HOA amenity,,District / Amenity desk,,,A,2000,prospect,Later,N,Open,Estimated,28.2189,-82.4576,https://www.thegrovescdd.org/contacts,Pasco SOE Special Districts list,https://www.thegrovescdd.org/contacts,Org on Pasco SOE public list. RA footprint: 5844 Old Pasco Road Suite 100 Wesley Chapel. Contact Open. Manager tag Estimated from address.,tampa,community / amenity event
the-verandahs-cdd-district-amenity-desk,The Verandahs CDD,Pasco,Wesley Chapel,Rizzetta / Inframark footprint,regional,Fest_Events,Regional_Enterprise,CDD/HOA amenity,,District / Amenity desk,,,A,2000,prospect,Later,N,Open,Estimated,28.2397,-82.3279,https://www.theverandahscdd.org/contacts,Pasco SOE Special Districts list,https://www.theverandahscdd.org/contacts,Org on Pasco SOE public list. RA footprint: 5844 Old Pasco Road Suite 100 Wesley Chapel. Contact Open. Manager tag Estimated from address.,tampa,community / amenity event
tsr-cdd-district-amenity-desk,TSR CDD,Pasco,Wesley Chapel,Special District Services,regional,Fest_Events,Regional_Enterprise,CDD/HOA amenity,,District / Amenity desk,,,A,2000,prospect,Later,N,Open,Estimated,28.2397,-82.3279,https://www.tsrcdd.org/contacts,Pasco SOE Special Districts list,https://www.tsrcdd.org/contacts,Org on Pasco SOE public list. RA footprint: 2300 Glades Road Suite 410W Boca Raton. Contact Open. Manager tag Estimated from address.,tampa,community / amenity event
two-rivers-north-cdd-district-amenity-desk,Two Rivers North CDD,Pasco,Wesley Chapel,Inframark,national,Fest_Events,Regional_Enterprise,CDD/HOA amenity,,District / Amenity desk,,,A,2000,prospect,Later,N,Open,Estimated,28.2397,-82.3279,https://www.tworiversnorthcdd.org/contacts,Pasco SOE Special Districts list,https://www.tworiversnorthcdd.org/contacts,Org on Pasco SOE public list. RA footprint: 2005 Pan Am Circle Suite 300 Tampa. Contact Open. Manager tag Estimated from address.,tampa,community / amenity event
two-rivers-west-cdd-district-amenity-desk,Two Rivers West CDD,Pasco,Wesley Chapel,Inframark,national,Fest_Events,Regional_Enterprise,CDD/HOA amenity,,District / Amenity desk,,,A,2000,prospect,Later,N,Open,Estimated,28.2397,-82.3279,https://www.tworiverswestcdd.org/contacts,Pasco SOE Special Districts list,https://www.tworiverswestcdd.org/contacts,Org on Pasco SOE public list. RA footprint: 2005 Pan Am Circle Suite 300 Tampa. Contact Open. Manager tag Estimated from address.,tampa,community / amenity event
union-park-cdd-district-amenity-desk,Union Park CDD,Pasco,Wesley Chapel,Vesta,regional,Fest_Events,Regional_Enterprise,CDD/HOA amenity,,District / Amenity desk,,,A,2000,prospect,Later,N,Open,Estimated,28.2397,-82.3279,https://www.unionparkcdd.org/contacts,Pasco SOE Special Districts list,https://www.unionparkcdd.org/contacts,Org on Pasco SOE public list. RA footprint: 250 International Parkway Suite 208 Lake Mary. Contact Open. Manager tag Estimated from address.,tampa,community / amenity event
union-park-east-cdd-district-amenity-desk,Union Park East CDD,Pasco,Wesley Chapel,Inframark / Wrathell Hunt,national,Fest_Events,Regional_Enterprise,CDD/HOA amenity,,District / Amenity desk,,,A,2000,prospect,Later,N,Open,Estimated,28.2397,-82.3279,https://www.unionparkeastcdd.org/contacts,Pasco SOE Special Districts list,https://www.unionparkeastcdd.org/contacts,Org on Pasco SOE public list. RA footprint: 1540 International Parkway Suite 2000 Lake Mary. Contact Open. Manager tag Estimated from address.,tampa,community / amenity event
watergrass-i-cdd-district-amenity-desk,Watergrass I CDD,Pasco,Wesley Chapel,Inframark,national,Fest_Events,Regional_Enterprise,CDD/HOA amenity,,District / Amenity desk,,,A,2000,prospect,Later,N,Open,Estimated,28.2397,-82.3279,https://www.watergrassicdd.org/contacts,Pasco SOE Special Districts list,https://www.watergrassicdd.org/contacts,Org on Pasco SOE public list. RA footprint: 2005 Pan Am Circle Suite 300 Tampa. Contact Open. Manager tag Estimated from address.,tampa,community / amenity event
watergrass-ii-cdd-district-amenity-desk,Watergrass II CDD,Pasco,Wesley Chapel,,,Fest_Events,Regional_Enterprise,CDD/HOA amenity,,District / Amenity desk,,,B,1500,prospect,Later,N,Open,Estimated,28.2397,-82.3279,https://www.watergrassiicdd.org/contacts,Pasco SOE Special Districts list,https://www.watergrassiicdd.org/contacts,Org on Pasco SOE public list. RA footprint: 2654 Cypress Ridge Boulevard Suite 101 Wesley Chapel. Contact Open. Manager tag Estimated from address.,tampa,community / amenity event
water-s-edge-cdd-district-amenity-desk,Water's Edge CDD,Pasco,Wesley Chapel,Rizzetta / Inframark footprint,regional,Fest_Events,Regional_Enterprise,CDD/HOA amenity,,District / Amenity desk,,,A,2000,prospect,Later,N,Open,Estimated,28.2397,-82.3279,https://www.watersedgecdd.org/contacts,Pasco SOE Special Districts list,https://www.watersedgecdd.org/contacts,Org on Pasco SOE public list. RA footprint: 5844 Old Pasco Road Suite 100 Wesley Chapel. Contact Open. Manager tag Estimated from address.,tampa,community / amenity event
wesbridge-cdd-district-amenity-desk,Wesbridge CDD,Pasco,Wesley Chapel,Rizzetta / Inframark footprint,regional,Fest_Events,Regional_Enterprise,CDD/HOA amenity,,District / Amenity desk,,,A,2000,prospect,Later,N,Open,Estimated,28.2397,-82.3279,https://www.wesbridgecdd.org/contacts,Pasco SOE Special Districts list,https://www.wesbridgecdd.org/contacts,Org on Pasco SOE public list. RA footprint: 5844 Old Pasco Road Suite 100 Wesley Chapel. Contact Open. Manager tag Estimated from address.,tampa,community / amenity event
zephyr-lakes-cdd-district-amenity-desk,Zephyr Lakes CDD,Pasco,Zephyrhills,Vesta,regional,Fest_Events,Regional_Enterprise,CDD/HOA amenity,,District / Amenity desk,,,A,2000,prospect,Later,N,Open,Estimated,28.2336,-82.1812,https://www.zephyrlakescdd.org/contacts,Pasco SOE Special Districts list,https://www.zephyrlakescdd.org/contacts,Org on Pasco SOE public list. RA footprint: 250 International Parkway Suite 208 Lake Mary. Contact Open. Manager tag Estimated from address.,tampa,community / amenity event
zephyr-ridge-cdd-district-amenity-desk,Zephyr Ridge CDD,Pasco,Zephyrhills,District Mgmt (Eagle Falls),regional,Fest_Events,Regional_Enterprise,CDD/HOA amenity,,District / Amenity desk,,,A,2000,prospect,Later,N,Open,Estimated,28.2336,-82.1812,https://www.zephyrridgecdd.org/contacts,Pasco SOE Special Districts list,https://www.zephyrridgecdd.org/contacts,Org on Pasco SOE public list. RA footprint: 4530 Eagle Falls Place Tampa. Contact Open. Manager tag Estimated from address.,tampa,community / amenity event
arbor-greene-cdd-district-amenity-desk,Arbor Greene CDD,Hillsborough,Tampa,,,Fest_Events,Regional_Enterprise,CDD/HOA amenity,,District / Amenity desk,,,A,2000,prospect,Later,N,Open,Estimated,27.9506,-82.4572,https://www.arborgreenecdd.org/contacts,Hillsborough SOE CDD list,https://www.arborgreenecdd.org/contacts,Org on Hillsborough SOE CDD list (public). Contact Open — verify district website contacts.,tampa,community / amenity event
avelar-creek-cdd-district-amenity-desk,Avelar Creek CDD,Hillsborough,Riverview,,,Fest_Events,Regional_Enterprise,CDD/HOA amenity,,District / Amenity desk,,,A,2000,prospect,Later,N,Open,Estimated,27.8661,-82.3265,https://www.avelarcreekcdd.org/contacts,Hillsborough SOE CDD list,https://www.avelarcreekcdd.org/contacts,Org on Hillsborough SOE CDD list (public). Contact Open — verify district website contacts.,tampa,community / amenity event
bahia-lakes-cdd-district-amenity-desk,Bahia Lakes CDD,Hillsborough,Ruskin,,,Fest_Events,Regional_Enterprise,CDD/HOA amenity,,District / Amenity desk,,,A,2000,prospect,Later,N,Open,Estimated,27.7209,-82.4332,https://www.bahialakescdd.org/contacts,Hillsborough SOE CDD list,https://www.bahialakescdd.org/contacts,Org on Hillsborough SOE CDD list (public). Contact Open — verify district website contacts.,tampa,community / amenity event
ballentrae-hillsborough-cdd-district-amenity-desk,Ballentrae Hillsborough CDD,Hillsborough,Tampa,,,Fest_Events,Regional_Enterprise,CDD/HOA amenity,,District / Amenity desk,,,A,2000,prospect,Later,N,Open,Estimated,27.9506,-82.4572,https://www.ballentraehillsboroughcdd.org/contacts,Hillsborough SOE CDD list,https://www.ballentraehillsboroughcdd.org/contacts,Org on Hillsborough SOE CDD list (public). Contact Open — verify district website contacts.,tampa,community / amenity event
belmond-reserve-cdd-district-amenity-desk,Belmond Reserve CDD,Hillsborough,Riverview,,,Fest_Events,Regional_Enterprise,CDD/HOA amenity,,District / Amenity desk,,,A,2000,prospect,Later,N,Open,Estimated,27.8661,-82.3265,https://www.belmondreservecdd.org/contacts,Hillsborough SOE CDD list,https://www.belmondreservecdd.org/contacts,Org on Hillsborough SOE CDD list (public). Contact Open — verify district website contacts.,tampa,community / amenity event
berry-bay-cdd-district-amenity-desk,Berry Bay CDD,Hillsborough,Ruskin,,,Fest_Events,Regional_Enterprise,CDD/HOA amenity,,District / Amenity desk,,,A,2000,prospect,Later,N,Open,Estimated,27.7209,-82.4332,https://www.berrybaycdd.org/contacts,Hillsborough SOE CDD list,https://www.berrybaycdd.org/contacts,Org on Hillsborough SOE CDD list (public). Contact Open — verify district website contacts.,tampa,community / amenity event
boyette-park-cdd-district-amenity-desk,Boyette Park CDD,Hillsborough,Riverview,,,Fest_Events,Regional_Enterprise,CDD/HOA amenity,,District / Amenity desk,,,A,2000,prospect,Later,N,Open,Estimated,27.8661,-82.3265,https://www.boyetteparkcdd.org/contacts,Hillsborough SOE CDD list,https://www.boyetteparkcdd.org/contacts,Org on Hillsborough SOE CDD list (public). Contact Open — verify district website contacts.,tampa,community / amenity event
bullfrog-creek-cdd-district-amenity-desk,Bullfrog Creek CDD,Hillsborough,Wimauma,,,Fest_Events,Regional_Enterprise,CDD/HOA amenity,,District / Amenity desk,,,A,2000,prospect,Later,N,Open,Estimated,27.7125,-82.3029,https://www.bullfrogcreekcdd.org/contacts,Hillsborough SOE CDD list,https://www.bullfrogcreekcdd.org/contacts,Org on Hillsborough SOE CDD list (public). Contact Open — verify district website contacts.,tampa,community / amenity event
carlton-lakes-cdd-district-amenity-desk,Carlton Lakes CDD,Hillsborough,Tampa,,,Fest_Events,Regional_Enterprise,CDD/HOA amenity,,District / Amenity desk,,,A,2000,prospect,Later,N,Open,Estimated,27.9506,-82.4572,https://www.carltonlakescdd.org/contacts,Hillsborough SOE CDD list,https://www.carltonlakescdd.org/contacts,Org on Hillsborough SOE CDD list (public). Contact Open — verify district website contacts.,tampa,community / amenity event
channing-park-cdd-district-amenity-desk,Channing Park CDD,Hillsborough,Riverview,,,Fest_Events,Regional_Enterprise,CDD/HOA amenity,,District / Amenity desk,,,A,2000,prospect,Later,N,Open,Estimated,27.8661,-82.3265,https://www.channingparkcdd.org/contacts,Hillsborough SOE CDD list,https://www.channingparkcdd.org/contacts,Org on Hillsborough SOE CDD list (public). Contact Open — verify district website contacts.,tampa,community / amenity event
cheval-west-cdd-district-amenity-desk,Cheval West CDD,Hillsborough,Lutz,,,Fest_Events,Regional_Enterprise,CDD/HOA amenity,,District / Amenity desk,,,A,2000,prospect,Later,N,Open,Estimated,28.1511,-82.4615,https://www.chevalwestcdd.org/contacts,Hillsborough SOE CDD list,https://www.chevalwestcdd.org/contacts,Org on Hillsborough SOE CDD list (public). Contact Open — verify district website contacts.,tampa,community / amenity event
cordoba-ranch-cdd-district-amenity-desk,Cordoba Ranch CDD,Hillsborough,Odessa,,,Fest_Events,Regional_Enterprise,CDD/HOA amenity,,District / Amenity desk,,,A,2000,prospect,Later,N,Open,Estimated,28.1939,-82.5918,https://www.cordobaranchcdd.org/contacts,Hillsborough SOE CDD list,https://www.cordobaranchcdd.org/contacts,Org on Hillsborough SOE CDD list (public). Contact Open — verify district website contacts.,tampa,community / amenity event
cory-lakes-cdd-district-amenity-desk,Cory Lakes CDD,Hillsborough,Tampa,,,Fest_Events,Regional_Enterprise,CDD/HOA amenity,,District / Amenity desk,,,A,2000,prospect,Later,N,Open,Estimated,27.9506,-82.4572,https://www.corylakescdd.org/contacts,Hillsborough SOE CDD list,https://www.corylakescdd.org/contacts,Org on Hillsborough SOE CDD list (public). Contact Open — verify district website contacts.,tampa,community / amenity event
covington-park-cdd-district-amenity-desk,Covington Park CDD,Hillsborough,Apollo Beach,,,Fest_Events,Regional_Enterprise,CDD/HOA amenity,,District / Amenity desk,,,A,2000,prospect,Later,N,Open,Estimated,27.7731,-82.4076,https://www.covingtonparkcdd.org/contacts,Hillsborough SOE CDD list,https://www.covingtonparkcdd.org/contacts,Org on Hillsborough SOE CDD list (public). Contact Open — verify district website contacts.,tampa,community / amenity event
creek-preserve-cdd-district-amenity-desk,Creek Preserve CDD,Hillsborough,Riverview,,,Fest_Events,Regional_Enterprise,CDD/HOA amenity,,District / Amenity desk,,,A,2000,prospect,Later,N,Open,Estimated,27.8661,-82.3265,https://www.creekpreservecdd.org/contacts,Hillsborough SOE CDD list,https://www.creekpreservecdd.org/contacts,Org on Hillsborough SOE CDD list (public). Contact Open — verify district website contacts.,tampa,community / amenity event
cypress-creek-cdd-district-amenity-desk,Cypress Creek CDD,Hillsborough,Ruskin,,,Fest_Events,Regional_Enterprise,CDD/HOA amenity,,District / Amenity desk,,,A,2000,prospect,Later,N,Open,Estimated,27.7209,-82.4332,https://www.cypresscreekcdd.org/contacts,Hillsborough SOE CDD list,https://www.cypresscreekcdd.org/contacts,Org on Hillsborough SOE CDD list (public). Contact Open — verify district website contacts.,tampa,community / amenity event
cypress-mill-cdd-district-amenity-desk,Cypress Mill CDD,Hillsborough,Wimauma,,,Fest_Events,Regional_Enterprise,CDD/HOA amenity,,District / Amenity desk,,,A,2000,prospect,Later,N,Open,Estimated,27.7125,-82.3029,https://www.cypressmillcdd.org/contacts,Hillsborough SOE CDD list,https://www.cypressmillcdd.org/contacts,Org on Hillsborough SOE CDD list (public). Contact Open — verify district website contacts.,tampa,community / amenity event
dg-farms-cdd-district-amenity-desk,DG Farms CDD,Hillsborough,Wimauma,,,Fest_Events,Regional_Enterprise,CDD/HOA amenity,,District / Amenity desk,,,A,2000,prospect,Later,N,Open,Estimated,27.7125,-82.3029,https://www.dgfarmscdd.org/contacts,Hillsborough SOE CDD list,https://www.dgfarmscdd.org/contacts,Org on Hillsborough SOE CDD list (public). Contact Open — verify district website contacts.,tampa,community / amenity event
diamond-hill-cdd-district-amenity-desk,Diamond Hill CDD,Hillsborough,Valrico,,,Fest_Events,Regional_Enterprise,CDD/HOA amenity,,District / Amenity desk,,,A,2000,prospect,Later,N,Open,Estimated,27.9386,-82.2423,https://www.diamondhillcdd.org/contacts,Hillsborough SOE CDD list,https://www.diamondhillcdd.org/contacts,Org on Hillsborough SOE CDD list (public). Contact Open — verify district website contacts.,tampa,community / amenity event
easton-park-cdd-district-amenity-desk,Easton Park CDD,Hillsborough,Tampa,,,Fest_Events,Regional_Enterprise,CDD/HOA amenity,,District / Amenity desk,,,A,2000,prospect,Later,N,Open,Estimated,27.9506,-82.4572,https://www.eastonparkcdd.org/contacts,Hillsborough SOE CDD list,https://www.eastonparkcdd.org/contacts,Org on Hillsborough SOE CDD list (public). Contact Open — verify district website contacts.,tampa,community / amenity event
encore-cdd-district-amenity-desk,Encore CDD,Hillsborough,Tampa,,,Fest_Events,Regional_Enterprise,CDD/HOA amenity,,District / Amenity desk,,,A,2000,prospect,Later,N,Open,Estimated,27.9506,-82.4572,https://www.encorecdd.org/contacts,Hillsborough SOE CDD list,https://www.encorecdd.org/contacts,Org on Hillsborough SOE CDD list (public). Contact Open — verify district website contacts.,tampa,community / amenity event
fishhawk-iv-cdd-district-amenity-desk,Fishhawk IV CDD,Hillsborough,Lithia,Fishhawk Ranch CDD,regional,Fest_Events,Regional_Enterprise,CDD/HOA amenity,,District / Amenity desk,,,A,2000,prospect,Later,N,Open,Estimated,27.8686,-82.2109,https://www.fishhawkivcdd.org/contacts,Hillsborough SOE CDD list,https://www.fishhawkivcdd.org/contacts,Org on Hillsborough SOE CDD list (public). Contact Open — verify district website contacts.,tampa,community / amenity event
forest-brooke-cdd-district-amenity-desk,Forest Brooke CDD,Hillsborough,Riverview,,,Fest_Events,Regional_Enterprise,CDD/HOA amenity,,District / Amenity desk,,,A,2000,prospect,Later,N,Open,Estimated,27.8661,-82.3265,https://www.forestbrookecdd.org/contacts,Hillsborough SOE CDD list,https://www.forestbrookecdd.org/contacts,Org on Hillsborough SOE CDD list (public). Contact Open — verify district website contacts.,tampa,community / amenity event
harbor-bay-cdd-district-amenity-desk,Harbor Bay CDD,Hillsborough,Apollo Beach,,,Fest_Events,Regional_Enterprise,CDD/HOA amenity,,District / Amenity desk,,,A,2000,prospect,Later,N,Open,Estimated,27.7731,-82.4076,https://www.harborbaycdd.org/contacts,Hillsborough SOE CDD list,https://www.harborbaycdd.org/contacts,Org on Hillsborough SOE CDD list (public). Contact Open — verify district website contacts.,tampa,community / amenity event
harbour-isles-cdd-district-amenity-desk,Harbour Isles CDD,Hillsborough,Apollo Beach,,,Fest_Events,Regional_Enterprise,CDD/HOA amenity,,District / Amenity desk,,,A,2000,prospect,Later,N,Open,Estimated,27.7731,-82.4076,https://www.harbourislescdd.org/contacts,Hillsborough SOE CDD list,https://www.harbourislescdd.org/contacts,Org on Hillsborough SOE CDD list (public). Contact Open — verify district website contacts.,tampa,community / amenity event
hawk-s-point-cdd-district-amenity-desk,Hawk's Point CDD,Hillsborough,Ruskin,,,Fest_Events,Regional_Enterprise,CDD/HOA amenity,,District / Amenity desk,,,A,2000,prospect,Later,N,Open,Estimated,27.7209,-82.4332,https://www.hawkspointcdd.org/contacts,Hillsborough SOE CDD list,https://www.hawkspointcdd.org/contacts,Org on Hillsborough SOE CDD list (public). Contact Open — verify district website contacts.,tampa,community / amenity event
hawkstone-cdd-district-amenity-desk,Hawkstone CDD,Hillsborough,Lithia,,,Fest_Events,Regional_Enterprise,CDD/HOA amenity,,District / Amenity desk,,,A,2000,prospect,Later,N,Open,Estimated,27.8686,-82.2109,https://www.hawkstonecdd.org/contacts,Hillsborough SOE CDD list,https://www.hawkstonecdd.org/contacts,Org on Hillsborough SOE CDD list (public). Contact Open — verify district website contacts.,tampa,community / amenity event
heritage-harbor-cdd-district-amenity-desk,Heritage Harbor CDD,Hillsborough,Lutz,,,Fest_Events,Regional_Enterprise,CDD/HOA amenity,,District / Amenity desk,,,A,2000,prospect,Later,N,Open,Estimated,28.1511,-82.4615,https://www.heritageharborcdd.org/contacts,Hillsborough SOE CDD list,https://www.heritageharborcdd.org/contacts,Org on Hillsborough SOE CDD list (public). Contact Open — verify district website contacts.,tampa,community / amenity event
heritage-isles-cdd-district-amenity-desk,Heritage Isles CDD,Hillsborough,Tampa,,,Fest_Events,Regional_Enterprise,CDD/HOA amenity,,District / Amenity desk,,,A,2000,prospect,Later,N,Open,Estimated,27.9506,-82.4572,https://www.heritageislescdd.org/contacts,Hillsborough SOE CDD list,https://www.heritageislescdd.org/contacts,Org on Hillsborough SOE CDD list (public). Contact Open — verify district website contacts.,tampa,community / amenity event
highlands-cdd-district-amenity-desk,Highlands CDD,Hillsborough,Tampa,,,Fest_Events,Regional_Enterprise,CDD/HOA amenity,,District / Amenity desk,,,A,2000,prospect,Later,N,Open,Estimated,27.9506,-82.4572,https://www.highlandscdd.org/contacts,Hillsborough SOE CDD list,https://www.highlandscdd.org/contacts,Org on Hillsborough SOE CDD list (public). Contact Open — verify district website contacts.,tampa,community / amenity event
k-bar-ranch-cdd-district-amenity-desk,K-Bar Ranch CDD,Hillsborough,Tampa,,,Fest_Events,Regional_Enterprise,CDD/HOA amenity,,District / Amenity desk,,,A,2000,prospect,Later,N,Open,Estimated,27.9506,-82.4572,https://www.kbarranchcdd.org/contacts,Hillsborough SOE CDD list,https://www.kbarranchcdd.org/contacts,Org on Hillsborough SOE CDD list (public). Contact Open — verify district website contacts.,tampa,community / amenity event
k-bar-ranch-ii-cdd-district-amenity-desk,K-Bar Ranch II CDD,Hillsborough,Tampa,,,Fest_Events,Regional_Enterprise,CDD/HOA amenity,,District / Amenity desk,,,A,2000,prospect,Later,N,Open,Estimated,27.9506,-82.4572,https://www.kbarranchiicdd.org/contacts,Hillsborough SOE CDD list,https://www.kbarranchiicdd.org/contacts,Org on Hillsborough SOE CDD list (public). Contact Open — verify district website contacts.,tampa,community / amenity event
la-collina-cdd-district-amenity-desk,La Collina CDD,Hillsborough,Tampa,,,Fest_Events,Regional_Enterprise,CDD/HOA amenity,,District / Amenity desk,,,A,2000,prospect,Later,N,Open,Estimated,27.9506,-82.4572,https://www.lacollinacdd.org/contacts,Hillsborough SOE CDD list,https://www.lacollinacdd.org/contacts,Org on Hillsborough SOE CDD list (public). Contact Open — verify district website contacts.,tampa,community / amenity event
lake-saint-charles-cdd-district-amenity-desk,Lake Saint Charles CDD,Hillsborough,Riverview,,,Fest_Events,Regional_Enterprise,CDD/HOA amenity,,District / Amenity desk,,,A,2000,prospect,Later,N,Open,Estimated,27.8661,-82.3265,https://www.lakesaintcharlescdd.org/contacts,Hillsborough SOE CDD list,https://www.lakesaintcharlescdd.org/contacts,Org on Hillsborough SOE CDD list (public). Contact Open — verify district website contacts.,tampa,community / amenity event
live-oak-no-1-cdd-district-amenity-desk,Live Oak No. 1 CDD,Hillsborough,Tampa,,,Fest_Events,Regional_Enterprise,CDD/HOA amenity,,District / Amenity desk,,,A,2000,prospect,Later,N,Open,Estimated,27.9506,-82.4572,https://www.liveoakno1cdd.org/contacts,Hillsborough SOE CDD list,https://www.liveoakno1cdd.org/contacts,Org on Hillsborough SOE CDD list (public). Contact Open — verify district website contacts.,tampa,community / amenity event
live-oak-no-2-cdd-district-amenity-desk,Live Oak No. 2 CDD,Hillsborough,Tampa,,,Fest_Events,Regional_Enterprise,CDD/HOA amenity,,District / Amenity desk,,,A,2000,prospect,Later,N,Open,Estimated,27.9506,-82.4572,https://www.liveoakno2cdd.org/contacts,Hillsborough SOE CDD list,https://www.liveoakno2cdd.org/contacts,Org on Hillsborough SOE CDD list (public). Contact Open — verify district website contacts.,tampa,community / amenity event
lynwood-cdd-district-amenity-desk,Lynwood CDD,Hillsborough,Riverview,,,Fest_Events,Regional_Enterprise,CDD/HOA amenity,,District / Amenity desk,,,A,2000,prospect,Later,N,Open,Estimated,27.8661,-82.3265,https://www.lynwoodcdd.org/contacts,Hillsborough SOE CDD list,https://www.lynwoodcdd.org/contacts,Org on Hillsborough SOE CDD list (public). Contact Open — verify district website contacts.,tampa,community / amenity event
magnolia-park-cdd-district-amenity-desk,Magnolia Park CDD,Hillsborough,Riverview,,,Fest_Events,Regional_Enterprise,CDD/HOA amenity,,District / Amenity desk,,,A,2000,prospect,Later,N,Open,Estimated,27.8661,-82.3265,https://www.magnoliaparkcdd.org/contacts,Hillsborough SOE CDD list,https://www.magnoliaparkcdd.org/contacts,Org on Hillsborough SOE CDD list (public). Contact Open — verify district website contacts.,tampa,community / amenity event
mira-lago-west-cdd-district-amenity-desk,Mira Lago West CDD,Hillsborough,Apollo Beach,,,Fest_Events,Regional_Enterprise,CDD/HOA amenity,,District / Amenity desk,,,A,2000,prospect,Later,N,Open,Estimated,27.7731,-82.4076,https://www.miralagowestcdd.org/contacts,Hillsborough SOE CDD list,https://www.miralagowestcdd.org/contacts,Org on Hillsborough SOE CDD list (public). Contact Open — verify district website contacts.,tampa,community / amenity event
mirabella-cdd-district-amenity-desk,Mirabella CDD,Hillsborough,Tampa,,,Fest_Events,Regional_Enterprise,CDD/HOA amenity,,District / Amenity desk,,,A,2000,prospect,Later,N,Open,Estimated,27.9506,-82.4572,https://www.mirabellacdd.org/contacts,Hillsborough SOE CDD list,https://www.mirabellacdd.org/contacts,Org on Hillsborough SOE CDD list (public). Contact Open — verify district website contacts.,tampa,community / amenity event
new-port-tampa-bay-cdd-district-amenity-desk,New Port-Tampa Bay CDD,Hillsborough,Tampa,,,Fest_Events,Regional_Enterprise,CDD/HOA amenity,,District / Amenity desk,,,A,2000,prospect,Later,N,Open,Estimated,27.9506,-82.4572,https://www.newporttampabaycdd.org/contacts,Hillsborough SOE CDD list,https://www.newporttampabaycdd.org/contacts,Org on Hillsborough SOE CDD list (public). Contact Open — verify district website contacts.,tampa,community / amenity event
north-park-isle-cdd-district-amenity-desk,North Park Isle CDD,Hillsborough,Tampa,,,Fest_Events,Regional_Enterprise,CDD/HOA amenity,,District / Amenity desk,,,A,2000,prospect,Later,N,Open,Estimated,27.9506,-82.4572,https://www.northparkislecdd.org/contacts,Hillsborough SOE CDD list,https://www.northparkislecdd.org/contacts,Org on Hillsborough SOE CDD list (public). Contact Open — verify district website contacts.,tampa,community / amenity event
oaks-at-shady-creek-cdd-district-amenity-desk,Oaks at Shady Creek CDD,Hillsborough,Riverview,,,Fest_Events,Regional_Enterprise,CDD/HOA amenity,,District / Amenity desk,,,A,2000,prospect,Later,N,Open,Estimated,27.8661,-82.3265,https://www.oaksatshadycreekcdd.org/contacts,Hillsborough SOE CDD list,https://www.oaksatshadycreekcdd.org/contacts,Org on Hillsborough SOE CDD list (public). Contact Open — verify district website contacts.,tampa,community / amenity event
panther-trace-cdd-district-amenity-desk,Panther Trace CDD,Hillsborough,Riverview,,,Fest_Events,Regional_Enterprise,CDD/HOA amenity,,District / Amenity desk,,,A,2000,prospect,Later,N,Open,Estimated,27.8661,-82.3265,https://www.panthertracecdd.org/contacts,Hillsborough SOE CDD list,https://www.panthertracecdd.org/contacts,Org on Hillsborough SOE CDD list (public). Contact Open — verify district website contacts.,tampa,community / amenity event
panther-trace-ii-cdd-district-amenity-desk,Panther Trace II CDD,Hillsborough,Riverview,,,Fest_Events,Regional_Enterprise,CDD/HOA amenity,,District / Amenity desk,,,A,2000,prospect,Later,N,Open,Estimated,27.8661,-82.3265,https://www.panthertraceiicdd.org/contacts,Hillsborough SOE CDD list,https://www.panthertraceiicdd.org/contacts,Org on Hillsborough SOE CDD list (public). Contact Open — verify district website contacts.,tampa,community / amenity event
panther-trails-cdd-district-amenity-desk,Panther Trails CDD,Hillsborough,Riverview,,,Fest_Events,Regional_Enterprise,CDD/HOA amenity,,District / Amenity desk,,,A,2000,prospect,Later,N,Open,Estimated,27.8661,-82.3265,https://www.panthertrailscdd.org/contacts,Hillsborough SOE CDD list,https://www.panthertrailscdd.org/contacts,Org on Hillsborough SOE CDD list (public). Contact Open — verify district website contacts.,tampa,community / amenity event
park-creek-cdd-district-amenity-desk,Park Creek CDD,Hillsborough,Riverview,,,Fest_Events,Regional_Enterprise,CDD/HOA amenity,,District / Amenity desk,,,A,2000,prospect,Later,N,Open,Estimated,27.8661,-82.3265,https://www.parkcreekcdd.org/contacts,Hillsborough SOE CDD list,https://www.parkcreekcdd.org/contacts,Org on Hillsborough SOE CDD list (public). Contact Open — verify district website contacts.,tampa,community / amenity event
park-place-cdd-district-amenity-desk,Park Place CDD,Hillsborough,Plant City,,,Fest_Events,Regional_Enterprise,CDD/HOA amenity,,District / Amenity desk,,,A,2000,prospect,Later,N,Open,Estimated,28.0186,-82.1129,https://www.parkplacecdd.org/contacts,Hillsborough SOE CDD list,https://www.parkplacecdd.org/contacts,Org on Hillsborough SOE CDD list (public). Contact Open — verify district website contacts.,tampa,community / amenity event
parkway-center-cdd-district-amenity-desk,Parkway Center CDD,Hillsborough,Tampa,,,Fest_Events,Regional_Enterprise,CDD/HOA amenity,,District / Amenity desk,,,A,2000,prospect,Later,N,Open,Estimated,27.9506,-82.4572,https://www.parkwaycentercdd.org/contacts,Hillsborough SOE CDD list,https://www.parkwaycentercdd.org/contacts,Org on Hillsborough SOE CDD list (public). Contact Open — verify district website contacts.,tampa,community / amenity event
reserve-at-pradera-cdd-district-amenity-desk,Reserve at Pradera CDD,Hillsborough,Riverview,,,Fest_Events,Regional_Enterprise,CDD/HOA amenity,,District / Amenity desk,,,A,2000,prospect,Later,N,Open,Estimated,27.8661,-82.3265,https://www.reserveatpraderacdd.org/contacts,Hillsborough SOE CDD list,https://www.reserveatpraderacdd.org/contacts,Org on Hillsborough SOE CDD list (public). Contact Open — verify district website contacts.,tampa,community / amenity event
rhodine-road-north-cdd-district-amenity-desk,Rhodine Road North CDD,Hillsborough,Riverview,,,Fest_Events,Regional_Enterprise,CDD/HOA amenity,,District / Amenity desk,,,A,2000,prospect,Later,N,Open,Estimated,27.8661,-82.3265,https://www.rhodineroadnorthcdd.org/contacts,Hillsborough SOE CDD list,https://www.rhodineroadnorthcdd.org/contacts,Org on Hillsborough SOE CDD list (public). Contact Open — verify district website contacts.,tampa,community / amenity event
river-bend-cdd-district-amenity-desk,River Bend CDD,Hillsborough,Ruskin,,,Fest_Events,Regional_Enterprise,CDD/HOA amenity,,District / Amenity desk,,,A,2000,prospect,Later,N,Open,Estimated,27.7209,-82.4332,https://www.riverbendcdd.org/contacts,Hillsborough SOE CDD list,https://www.riverbendcdd.org/contacts,Org on Hillsborough SOE CDD list (public). Contact Open — verify district website contacts.,tampa,community / amenity event
riverbend-west-cdd-district-amenity-desk,Riverbend West CDD,Hillsborough,Ruskin,,,Fest_Events,Regional_Enterprise,CDD/HOA amenity,,District / Amenity desk,,,A,2000,prospect,Later,N,Open,Estimated,27.7209,-82.4332,https://www.riverbendwestcdd.org/contacts,Hillsborough SOE CDD list,https://www.riverbendwestcdd.org/contacts,Org on Hillsborough SOE CDD list (public). Contact Open — verify district website contacts.,tampa,community / amenity event
rivercrest-cdd-district-amenity-desk,Rivercrest CDD,Hillsborough,Riverview,,,Fest_Events,Regional_Enterprise,CDD/HOA amenity,,District / Amenity desk,,,A,2000,prospect,Later,N,Open,Estimated,27.8661,-82.3265,https://www.rivercrestcdd.org/contacts,Hillsborough SOE CDD list,https://www.rivercrestcdd.org/contacts,Org on Hillsborough SOE CDD list (public). Contact Open — verify district website contacts.,tampa,community / amenity event
shell-point-cdd-district-amenity-desk,Shell Point CDD,Hillsborough,Ruskin,,,Fest_Events,Regional_Enterprise,CDD/HOA amenity,,District / Amenity desk,,,A,2000,prospect,Later,N,Open,Estimated,27.7209,-82.4332,https://www.shellpointcdd.org/contacts,Hillsborough SOE CDD list,https://www.shellpointcdd.org/contacts,Org on Hillsborough SOE CDD list (public). Contact Open — verify district website contacts.,tampa,community / amenity event
sherwood-manor-cdd-district-amenity-desk,Sherwood Manor CDD,Hillsborough,Tampa,,,Fest_Events,Regional_Enterprise,CDD/HOA amenity,,District / Amenity desk,,,A,2000,prospect,Later,N,Open,Estimated,27.9506,-82.4572,https://www.sherwoodmanorcdd.org/contacts,Hillsborough SOE CDD list,https://www.sherwoodmanorcdd.org/contacts,Org on Hillsborough SOE CDD list (public). Contact Open — verify district website contacts.,tampa,community / amenity event
south-bay-cdd-district-amenity-desk,South Bay CDD,Hillsborough,Ruskin,,,Fest_Events,Regional_Enterprise,CDD/HOA amenity,,District / Amenity desk,,,A,2000,prospect,Later,N,Open,Estimated,27.7209,-82.4332,https://www.southbaycdd.org/contacts,Hillsborough SOE CDD list,https://www.southbaycdd.org/contacts,Org on Hillsborough SOE CDD list (public). Contact Open — verify district website contacts.,tampa,community / amenity event
south-fork-east-cdd-district-amenity-desk,South Fork East CDD,Hillsborough,Riverview,Inframark,national,Fest_Events,Regional_Enterprise,CDD/HOA amenity,,District / Amenity desk,,,A,2000,prospect,Later,N,Open,Estimated,27.8661,-82.3265,https://www.southforkeastcdd.org/contacts,Hillsborough SOE CDD list,https://www.southforkeastcdd.org/contacts,Org on Hillsborough SOE CDD list (public). Contact Open — verify district website contacts.,tampa,community / amenity event
south-fork-iii-cdd-district-amenity-desk,South Fork III CDD,Hillsborough,Riverview,Inframark,national,Fest_Events,Regional_Enterprise,CDD/HOA amenity,,District / Amenity desk,,,A,2000,prospect,Later,N,Open,Estimated,27.8661,-82.3265,https://www.southforkiiicdd.org/contacts,Hillsborough SOE CDD list,https://www.southforkiiicdd.org/contacts,Org on Hillsborough SOE CDD list (public). Contact Open — verify district website contacts.,tampa,community / amenity event
spencer-creek-cdd-district-amenity-desk,Spencer Creek CDD,Hillsborough,Riverview,,,Fest_Events,Regional_Enterprise,CDD/HOA amenity,,District / Amenity desk,,,A,2000,prospect,Later,N,Open,Estimated,27.8661,-82.3265,https://www.spencercreekcdd.org/contacts,Hillsborough SOE CDD list,https://www.spencercreekcdd.org/contacts,Org on Hillsborough SOE CDD list (public). Contact Open — verify district website contacts.,tampa,community / amenity event
spring-lake-cdd-district-amenity-desk,Spring Lake CDD,Hillsborough,Riverview,,,Fest_Events,Regional_Enterprise,CDD/HOA amenity,,District / Amenity desk,,,A,2000,prospect,Later,N,Open,Estimated,27.8661,-82.3265,https://www.springlakecdd.org/contacts,Hillsborough SOE CDD list,https://www.springlakecdd.org/contacts,Org on Hillsborough SOE CDD list (public). Contact Open — verify district website contacts.,tampa,community / amenity event
stonelake-ranch-cdd-district-amenity-desk,StoneLake Ranch CDD,Hillsborough,Lithia,,,Fest_Events,Regional_Enterprise,CDD/HOA amenity,,District / Amenity desk,,,A,2000,prospect,Later,N,Open,Estimated,27.8686,-82.2109,https://www.stonelakeranchcdd.org/contacts,Hillsborough SOE CDD list,https://www.stonelakeranchcdd.org/contacts,Org on Hillsborough SOE CDD list (public). Contact Open — verify district website contacts.,tampa,community / amenity event
stonebrier-cdd-district-amenity-desk,Stonebrier CDD,Hillsborough,Lutz,,,Fest_Events,Regional_Enterprise,CDD/HOA amenity,,District / Amenity desk,,,A,2000,prospect,Later,N,Open,Estimated,28.1511,-82.4615,https://www.stonebriercdd.org/contacts,Hillsborough SOE CDD list,https://www.stonebriercdd.org/contacts,Org on Hillsborough SOE CDD list (public). Contact Open — verify district website contacts.,tampa,community / amenity event
summit-at-fern-hill-cdd-district-amenity-desk,Summit at Fern Hill CDD,Hillsborough,Plant City,,,Fest_Events,Regional_Enterprise,CDD/HOA amenity,,District / Amenity desk,,,A,2000,prospect,Later,N,Open,Estimated,28.0186,-82.1129,https://www.summitatfernhillcdd.org/contacts,Hillsborough SOE CDD list,https://www.summitatfernhillcdd.org/contacts,Org on Hillsborough SOE CDD list (public). Contact Open — verify district website contacts.,tampa,community / amenity event
tampa-palms-cdd-district-amenity-desk,Tampa Palms CDD,Hillsborough,New Tampa,,,Fest_Events,Regional_Enterprise,CDD/HOA amenity,,District / Amenity desk,,,A,2000,prospect,Later,N,Open,Estimated,27.9506,-82.4572,https://www.tampapalmscdd.org/contacts,Hillsborough SOE CDD list,https://www.tampapalmscdd.org/contacts,Org on Hillsborough SOE CDD list (public). Contact Open — verify district website contacts.,tampa,community / amenity event
tampa-palms-open-space-and-transportation-cdd-district-amenity-desk,Tampa Palms Open Space and Transportation CDD,Hillsborough,New Tampa,,,Fest_Events,Regional_Enterprise,CDD/HOA amenity,,District / Amenity desk,,,A,2000,prospect,Later,N,Open,Estimated,27.9506,-82.4572,https://www.tampapalmsopenspaceandtransportationcdd.org/contacts,Hillsborough SOE CDD list,https://www.tampapalmsopenspaceandtransportationcdd.org/contacts,Org on Hillsborough SOE CDD list (public). Contact Open — verify district website contacts.,tampa,community / amenity event
the-hammocks-cdd-district-amenity-desk,The Hammocks CDD,Hillsborough,Tampa,,,Fest_Events,Regional_Enterprise,CDD/HOA amenity,,District / Amenity desk,,,A,2000,prospect,Later,N,Open,Estimated,27.9506,-82.4572,https://www.thehammockscdd.org/contacts,Hillsborough SOE CDD list,https://www.thehammockscdd.org/contacts,Org on Hillsborough SOE CDD list (public). Contact Open — verify district website contacts.,tampa,community / amenity event
the-heights-cdd-district-amenity-desk,The Heights CDD,Hillsborough,Tampa,,,Fest_Events,Regional_Enterprise,CDD/HOA amenity,,District / Amenity desk,,,A,2000,prospect,Later,N,Open,Estimated,27.9506,-82.4572,https://www.theheightscdd.org/contacts,Hillsborough SOE CDD list,https://www.theheightscdd.org/contacts,Org on Hillsborough SOE CDD list (public). Contact Open — verify district website contacts.,tampa,community / amenity event
timber-creek-cdd-district-amenity-desk,Timber Creek CDD,Hillsborough,Tampa,,,Fest_Events,Regional_Enterprise,CDD/HOA amenity,,District / Amenity desk,,,A,2000,prospect,Later,N,Open,Estimated,27.9506,-82.4572,https://www.timbercreekcdd.org/contacts,Hillsborough SOE CDD list,https://www.timbercreekcdd.org/contacts,Org on Hillsborough SOE CDD list (public). Contact Open — verify district website contacts.,tampa,community / amenity event
touchstone-cdd-district-amenity-desk,Touchstone CDD,Hillsborough,Riverview,,,Fest_Events,Regional_Enterprise,CDD/HOA amenity,,District / Amenity desk,,,A,2000,prospect,Later,N,Open,Estimated,27.8661,-82.3265,https://www.touchstonecdd.org/contacts,Hillsborough SOE CDD list,https://www.touchstonecdd.org/contacts,Org on Hillsborough SOE CDD list (public). Contact Open — verify district website contacts.,tampa,community / amenity event
varrea-south-cdd-district-amenity-desk,Varrea South CDD,Hillsborough,Plant City,,,Fest_Events,Regional_Enterprise,CDD/HOA amenity,,District / Amenity desk,,,A,2000,prospect,Later,N,Open,Estimated,28.0186,-82.1129,https://www.varreasouthcdd.org/contacts,Hillsborough SOE CDD list,https://www.varreasouthcdd.org/contacts,Org on Hillsborough SOE CDD list (public). Contact Open — verify district website contacts.,tampa,community / amenity event
ventana-cdd-district-amenity-desk,Ventana CDD,Hillsborough,Riverview,,,Fest_Events,Regional_Enterprise,CDD/HOA amenity,,District / Amenity desk,,,A,2000,prospect,Later,N,Open,Estimated,27.8661,-82.3265,https://www.ventanacdd.org/contacts,Hillsborough SOE CDD list,https://www.ventanacdd.org/contacts,Org on Hillsborough SOE CDD list (public). Contact Open — verify district website contacts.,tampa,community / amenity event
villages-of-bloomingdale-cdd-district-amenity-desk,Villages of Bloomingdale CDD,Hillsborough,Brandon,,,Fest_Events,Regional_Enterprise,CDD/HOA amenity,,District / Amenity desk,,,A,2000,prospect,Later,N,Open,Estimated,27.9378,-82.2859,https://www.villagesofbloomingdalecdd.org/contacts,Hillsborough SOE CDD list,https://www.villagesofbloomingdalecdd.org/contacts,Org on Hillsborough SOE CDD list (public). Contact Open — verify district website contacts.,tampa,community / amenity event
waterleaf-cdd-district-amenity-desk,Waterleaf CDD,Hillsborough,Riverview,,,Fest_Events,Regional_Enterprise,CDD/HOA amenity,,District / Amenity desk,,,A,2000,prospect,Later,N,Open,Estimated,27.8661,-82.3265,https://www.waterleafcdd.org/contacts,Hillsborough SOE CDD list,https://www.waterleafcdd.org/contacts,Org on Hillsborough SOE CDD list (public). Contact Open — verify district website contacts.,tampa,community / amenity event
waterset-north-cdd-district-amenity-desk,Waterset North CDD,Hillsborough,Apollo Beach,,,Fest_Events,Regional_Enterprise,CDD/HOA amenity,,District / Amenity desk,,,A,2000,prospect,Later,N,Open,Estimated,27.7731,-82.4076,https://www.watersetnorthcdd.org/contacts,Hillsborough SOE CDD list,https://www.watersetnorthcdd.org/contacts,Org on Hillsborough SOE CDD list (public). Contact Open — verify district website contacts.,tampa,community / amenity event
wynnmere-east-cdd-district-amenity-desk,Wynnmere East CDD,Hillsborough,Tampa,,,Fest_Events,Regional_Enterprise,CDD/HOA amenity,,District / Amenity desk,,,A,2000,prospect,Later,N,Open,Estimated,27.9506,-82.4572,https://www.wynnmereeastcdd.org/contacts,Hillsborough SOE CDD list,https://www.wynnmereeastcdd.org/contacts,Org on Hillsborough SOE CDD list (public). Contact Open — verify district website contacts.,tampa,community / amenity event
wynnmere-west-cdd-district-amenity-desk,Wynnmere West CDD,Hillsborough,Tampa,,,Fest_Events,Regional_Enterprise,CDD/HOA amenity,,District / Amenity desk,,,A,2000,prospect,Later,N,Open,Estimated,27.9506,-82.4572,https://www.wynnmerewestcdd.org/contacts,Hillsborough SOE CDD list,https://www.wynnmerewestcdd.org/contacts,Org on Hillsborough SOE CDD list (public). Contact Open — verify district website contacts.,tampa,community / amenity event
grace-family-church-tampa-kids-desk,Grace Family Church — Tampa,East Hillsborough,Brandon,,,Violet,Violet,Church,,Kids desk,813-661-0100,,A,2000,prospect,Later,N,Open,Estimated,27.9378,-82.2859,https://gracefamily.com/,Public site / directory,https://gracefamily.com/,Public org; email only if published.,tampa,family ministry / VBS
bell-shoals-baptist-church-kids-ministry,Bell Shoals Baptist Church,East Hillsborough,Brandon,,,Violet,Violet,Church,,Kids ministry,813-689-4229,,A,2000,prospect,Later,N,Open,Estimated,27.9378,-82.2859,https://bellshoals.com/,Public site / directory,https://bellshoals.com/,Public org; email only if published.,tampa,family ministry / VBS
countryside-christian-center-kids-ministry,Countryside Christian Center,Pinellas,Clearwater,,,Violet,Violet,Church,,Kids ministry,727-799-2855,,A,2000,prospect,Later,N,Open,Estimated,27.9659,-82.8001,https://countryside.org/,Public site / directory,https://countryside.org/,Public org; email only if published.,tampa,family ministry / VBS
without-walls-international-church-kids-family,Without Walls International Church,Central Tampa,Tampa,,,Violet,Violet,Church,,Kids / Family,813-879-4673,,B,1500,prospect,Later,N,Open,Estimated,27.9506,-82.4572,https://withoutwalls.org/,Public site / directory,https://withoutwalls.org/,Public org; email only if published.,tampa,family ministry
northside-baptist-church-st-petersburg-kids-ministry,Northside Baptist Church — St. Petersburg,Pinellas,St. Petersburg,,,Violet,Violet,Church,,Kids ministry,727-526-2840,,B,1500,prospect,Later,N,Open,Estimated,27.7676,-82.6403,https://northside.org/,Public site / directory,https://northside.org/,Public org; email only if published.,tampa,family ministry
tampa-prep-admissions,Tampa Prep,South Tampa,Tampa,,,Violet,Fancy_Schools,School/VPK/PPEC,,Admissions,813-251-8481,admissions@tampaprep.org,S,3000,prospect,Warm,N,Verified,Estimated,27.9506,-82.4572,https://www.tampaprep.org/,Public site / directory,,Public org; email only if published.,tampa,school visit
shorecrest-preparatory-school-admissions,Shorecrest Preparatory School,Pinellas,St. Petersburg,,,Violet,Fancy_Schools,School/VPK/PPEC,,Admissions,727-522-2111,admissions@shorecrest.org,S,3000,prospect,Warm,N,Verified,Estimated,27.7676,-82.6403,https://www.shorecrest.org/,Public site / directory,,Public org; email only if published.,tampa,school visit
canterbury-school-of-florida-admissions,Canterbury School of Florida,Pinellas,St. Petersburg,,,Violet,Fancy_Schools,School/VPK/PPEC,,Admissions,727-521-5901,admissions@canterburyflorida.org,A,2000,prospect,Warm,N,Verified,Estimated,27.7676,-82.6403,https://www.canterburyflorida.org/,Public site / directory,,Public org; email only if published.,tampa,school visit
academy-at-the-lakes-admissions,Academy at the Lakes,Pasco,Land O' Lakes,,,Violet,Fancy_Schools,School/VPK/PPEC,,Admissions,813-948-7600,admissions@academyatthelakes.org,A,2000,prospect,Warm,N,Verified,Estimated,28.2189,-82.4576,https://www.academyatthelakes.org/,Public site / directory,,Public org; email only if published.,tampa,school visit
carrollwood-day-school-admissions,Carrollwood Day School,Carrollwood,Tampa,,,Violet,Fancy_Schools,School/VPK/PPEC,,Admissions,813-963-2388,,A,2000,prospect,Later,N,Open,Estimated,27.9506,-82.4572,https://www.carrollwooddayschool.org/,Public site / directory,https://www.carrollwooddayschool.org/,Public org; email only if published.,tampa,school visit
learning-gate-community-school-school-office,Learning Gate Community School,NW Hillsborough,Lutz,,,Violet,Fancy_Schools,School/VPK/PPEC,,School office,813-948-8460,,B,1500,prospect,Later,N,Open,Estimated,28.1511,-82.4615,https://www.learninggate.org/,Public site / directory,https://www.learninggate.org/,Public org; email only if published.,tampa,school visit
university-village-tampa-life-enrichment,University Village Tampa,USF / North Tampa,Tampa,,,Recurring_Weekday,Regional_Subscription,Senior,,Life enrichment,813-977-7700,,A,2000,prospect,Later,N,Open,Estimated,27.9506,-82.4572,https://www.universityvillage.com/,Public site / directory,https://www.universityvillage.com/,Public org; email only if published.,tampa,resident life-enrichment
westminster-shores-st-petersburg-life-enrichment,Westminster Shores — St. Petersburg,Pinellas,St. Petersburg,,,Recurring_Weekday,Regional_Subscription,Senior,,Life enrichment,727-867-2131,,A,2000,prospect,Later,N,Open,Estimated,27.7676,-82.6403,https://www.westminstercommunitiesfl.org/,Public site / directory,https://www.westminstercommunitiesfl.org/,Public org; email only if published.,tampa,resident visit
westminster-suncoast-life-enrichment,Westminster Suncoast,Pinellas,St. Petersburg,,,Recurring_Weekday,Regional_Subscription,Senior,,Life enrichment,727-867-1131,,A,2000,prospect,Later,N,Open,Estimated,27.7676,-82.6403,https://www.westminstercommunitiesfl.org/,Public site / directory,https://www.westminstercommunitiesfl.org/,Public org; email only if published.,tampa,resident visit
grand-villa-of-clearwater-activities,Grand Villa of Clearwater,Pinellas,Clearwater,,,Recurring_Weekday,Regional_Subscription,Senior,,Activities,727-797-7400,,B,1500,prospect,Later,N,Open,Estimated,27.9659,-82.8001,https://www.grandvillasenior.com/,Public site / directory,https://www.grandvillasenior.com/,Public org; email only if published.,tampa,resident visit
grand-villa-of-new-port-richey-activities,Grand Villa of New Port Richey,Pasco,New Port Richey,,,Recurring_Weekday,Regional_Subscription,Senior,,Activities,727-847-2000,,B,1500,prospect,Later,N,Open,Estimated,28.2442,-82.7193,https://www.grandvillasenior.com/,Public site / directory,https://www.grandvillasenior.com/,Public org; email only if published.,tampa,resident visit
post-hyde-park-apartments-leasing,Post Hyde Park Apartments,Hyde Park,South Tampa,Post Properties,national,Fest_Events,Luxury_Apt,Apartment programming,,Leasing,813-251-6161,,A,2000,prospect,Later,N,Open,Estimated,27.9506,-82.4572,https://www.postproperties.com/,Public site / directory,https://www.postproperties.com/,Public org; email only if published.,tampa,resident weekend event
camden-westchase-park-leasing-events,Camden Westchase Park,NW Hillsborough,Westchase,Camden,national,Fest_Events,Luxury_Apt,Apartment programming,,Leasing / Events,813-818-5700,,A,2000,prospect,Later,N,Open,Estimated,28.053,-82.612,https://www.camdenliving.com/,Public site / directory,https://www.camdenliving.com/,Public org; email only if published.,tampa,resident event
camden-visconti-leasing,Camden Visconti,Northwest,Tampa,Camden,national,Fest_Events,Luxury_Apt,Apartment programming,,Leasing,813-264-2300,,B,1500,prospect,Later,N,Open,Estimated,27.9506,-82.4572,https://www.camdenliving.com/,Public site / directory,https://www.camdenliving.com/,Public org; email only if published.,tampa,resident event
amli-midtown-tampa-leasing-lifestyle,AMLI Midtown Tampa,Midtown,Tampa,AMLI,national,Fest_Events,Luxury_Apt,Apartment programming,,Leasing / Lifestyle,813-251-2654,,A,2000,prospect,Later,N,Open,Estimated,27.9506,-82.4572,https://www.amli.com/,Public site / directory,https://www.amli.com/,Public org; email only if published.,tampa,resident event
greystar-tampa-bay-portfolio-desk-regional-lifestyle,Greystar — Tampa Bay portfolio desk,Tampa Bay,Tampa Bay,Greystar,national,Fest_Events,Luxury_Apt,Apartment programming,,Regional lifestyle,,,A,2000,prospect,Later,N,Open,Estimated,27.9506,-82.4572,https://www.greystar.com/,Public site / directory,https://www.greystar.com/,Public org; email only if published.,tampa,portfolio resident events
heritage-isles-golf-country-club-club-events,Heritage Isles Golf & Country Club,New Tampa,Tampa,,,Fest_Events,Regional_Enterprise,Premium community,,Club / Events,813-907-7666,,A,2000,prospect,Later,N,Open,Estimated,27.9506,-82.4572,https://www.heritageislesgolf.com/,Public site / directory,https://www.heritageislesgolf.com/,Public org; email only if published.,tampa,club family event
westchase-golf-club-clubhouse,Westchase Golf Club,NW Hillsborough,Westchase,,,Fest_Events,Regional_Enterprise,Premium community,,Clubhouse,813-854-2331,,B,1500,prospect,Later,N,Open,Estimated,28.053,-82.612,https://www.westchasegc.com/,Public site / directory,https://www.westchasegc.com/,Public org; email only if published.,tampa,club family event
east-lake-woodlands-country-club-events,East Lake Woodlands Country Club,Pinellas,Oldsmar,,,Fest_Events,Regional_Enterprise,Premium community,,Events,727-784-7270,,B,1500,prospect,Later,N,Open,Estimated,28.0342,-82.6651,https://www.eastlakewoodlands.com/,Public site / directory,https://www.eastlakewoodlands.com/,Public org; email only if published.,tampa,club family event
hcc-student-life-dale-mabry-student-life,HCC Student Life — Dale Mabry,Dale Mabry,Tampa,,,Fest_Events,Corp_Field,University,,Student Life,813-253-7000,,B,1500,prospect,Later,Y,Open,Estimated,27.9506,-82.4572,https://www.hccfl.edu/,Public site / directory,https://www.hccfl.edu/,Public org; email only if published.,tampa,campus activities
st-petersburg-college-student-life-student-life,St. Petersburg College — Student Life,Pinellas,St. Petersburg,,,Fest_Events,Corp_Field,University,,Student Life,727-341-4249,,B,1500,prospect,Later,Y,Open,Estimated,27.7676,-82.6403,https://www.spcollege.edu/,Public site / directory,https://www.spcollege.edu/,Public org; email only if published.,tampa,campus activities
city-of-temple-terrace-parks-rec-parks-events,City of Temple Terrace Parks & Rec,Hillsborough,Temple Terrace,,,Fest_Events,Corp_Field,Corporate/amenity city,,Parks / Events,813-506-6590,,B,1500,prospect,Later,Y,Open,Estimated,28.0353,-82.3893,https://www.templeterrace.com/,Public site / directory,https://www.templeterrace.com/,Public org; email only if published.,tampa,city parks event
city-of-largo-recreation-recreation,City of Largo Recreation,Pinellas,Largo,,,Fest_Events,Corp_Field,Corporate/amenity city,,Recreation,727-518-3016,,B,1500,prospect,Later,Y,Open,Estimated,27.9095,-82.7873,https://www.largo.com/,Public site / directory,https://www.largo.com/,Public org; email only if published.,tampa,city parks event
city-of-dunedin-parks-rec-parks-events,City of Dunedin Parks & Rec,Pinellas,Dunedin,,,Fest_Events,Corp_Field,Corporate/amenity city,,Parks / Events,727-812-4530,,B,1500,prospect,Later,Y,Open,Estimated,28.0197,-82.7732,https://www.dunedingov.com/,Public site / directory,https://www.dunedingov.com/,Public org; email only if published.,tampa,city parks event
pasco-county-parks-recreation-parks-programming,Pasco County Parks & Recreation,Pasco,Pasco,,,Fest_Events,Corp_Field,Corporate/amenity city,,Parks programming,727-847-2411,,A,2000,prospect,Later,Y,Open,Estimated,28.2397,-82.3279,https://www.pascocountyfl.net/,Public site / directory,https://www.pascocountyfl.net/,Public org; email only if published.,tampa,city parks event
hillsborough-county-parks-recreation-parks-programming,Hillsborough County Parks & Recreation,Hillsborough,Brandon,,,Fest_Events,Corp_Field,Corporate/amenity city,,Parks programming,813-744-5588,,A,2000,prospect,Later,Y,Open,Estimated,27.9378,-82.2859,https://www.hillsboroughcounty.org/en/residents/recreation,Public site / directory,https://www.hillsboroughcounty.org/en/residents/recreation,Public org; email only if published.,tampa,city parks event
brookdale-bayshore-activities-life-enrichment,Brookdale Bayshore,Tampa Bay,Tampa,Brookdale,national,Recurring_Weekday,Regional_Subscription,Senior,,Activities / Life enrichment,813-835-4475,,A,2000,prospect,Later,N,Open,Estimated,27.9506,-82.4572,https://www.brookdale.com/en/communities/brookdale-bayshore.html,Brookdale public community pages,https://www.brookdale.com/en/communities/brookdale-bayshore.html,Named Brookdale on public locator. Ask Activities. Email Open.,tampa,resident visit
brookdale-tarpon-springs-activities-life-enrichment,Brookdale Tarpon Springs,Tampa Bay,Tarpon Springs,Brookdale,national,Recurring_Weekday,Regional_Subscription,Senior,,Activities / Life enrichment,,,A,2000,prospect,Later,N,Open,Estimated,28.1461,-82.7568,https://www.brookdale.com/,Brookdale public community pages,https://www.brookdale.com/,Named Brookdale on public locator. Ask Activities. Email Open.,tampa,resident visit
brookdale-carrollwood-activities-life-enrichment,Brookdale Carrollwood,Tampa Bay,Carrollwood,Brookdale,national,Recurring_Weekday,Regional_Subscription,Senior,,Activities / Life enrichment,,,A,2000,prospect,Later,N,Open,Estimated,28.066,-82.505,https://www.brookdale.com/,Brookdale public community pages,https://www.brookdale.com/,Named Brookdale on public locator. Ask Activities. Email Open.,tampa,resident visit
brookdale-palm-harbor-activities-life-enrichment,Brookdale Palm Harbor,Tampa Bay,Palm Harbor,Brookdale,national,Recurring_Weekday,Regional_Subscription,Senior,,Activities / Life enrichment,,,A,2000,prospect,Later,N,Open,Estimated,28.0781,-82.7637,https://www.brookdale.com/,Brookdale public community pages,https://www.brookdale.com/,Named Brookdale on public locator. Ask Activities. Email Open.,tampa,resident visit
brookdale-clearwater-activities-life-enrichment,Brookdale Clearwater,Tampa Bay,Clearwater,Brookdale,national,Recurring_Weekday,Regional_Subscription,Senior,,Activities / Life enrichment,,,A,2000,prospect,Later,N,Open,Estimated,27.9659,-82.8001,https://www.brookdale.com/,Brookdale public community pages,https://www.brookdale.com/,Named Brookdale on public locator. Ask Activities. Email Open.,tampa,resident visit
grand-villa-of-tampa-activities-desk,Grand Villa of Tampa,Tampa Bay,Tampa,,,Recurring_Weekday,Regional_Subscription,Senior,,Activities desk,813-886-9998,,B,1500,prospect,Later,N,Open,Estimated,27.9506,-82.4572,,Public senior directory / operator sites,,Public-listed senior community. Confirm Activities phone. Email Open.,tampa,resident visit
grand-villa-of-pinellas-park-activities-desk,Grand Villa of Pinellas Park,Tampa Bay,Pinellas Park,,,Recurring_Weekday,Regional_Subscription,Senior,,Activities desk,727-541-2121,,B,1500,prospect,Later,N,Open,Estimated,27.8428,-82.6995,,Public senior directory / operator sites,,Public-listed senior community. Confirm Activities phone. Email Open.,tampa,resident visit
grand-villa-of-largo-activities-desk,Grand Villa of Largo,Tampa Bay,Largo,,,Recurring_Weekday,Regional_Subscription,Senior,,Activities desk,727-536-3568,,B,1500,prospect,Later,N,Open,Estimated,27.9095,-82.7873,,Public senior directory / operator sites,,Public-listed senior community. Confirm Activities phone. Email Open.,tampa,resident visit
inspired-living-tampa-activities-desk,Inspired Living Tampa,Tampa Bay,Tampa,,,Recurring_Weekday,Regional_Subscription,Senior,,Activities desk,,,B,1500,prospect,Later,N,Open,Estimated,27.9506,-82.4572,,Public senior directory / operator sites,,Public-listed senior community. Confirm Activities phone. Email Open.,tampa,resident visit
palm-garden-of-clearwater-activities-desk,Palm Garden of Clearwater,Tampa Bay,Clearwater,,,Recurring_Weekday,Regional_Subscription,Senior,,Activities desk,727-461-6611,,B,1500,prospect,Later,N,Open,Estimated,27.9659,-82.8001,,Public senior directory / operator sites,,Public-listed senior community. Confirm Activities phone. Email Open.,tampa,resident visit
palm-garden-of-largo-activities-desk,Palm Garden of Largo,Tampa Bay,Largo,,,Recurring_Weekday,Regional_Subscription,Senior,,Activities desk,727-586-4298,,B,1500,prospect,Later,N,Open,Estimated,27.9095,-82.7873,,Public senior directory / operator sites,,Public-listed senior community. Confirm Activities phone. Email Open.,tampa,resident visit
consulate-health-care-tampa-bay-corridor-activities-desk,Consulate Health Care — Tampa Bay corridor,Tampa Bay,Tampa,,,Recurring_Weekday,Regional_Subscription,Senior,,Activities desk,,,B,1500,prospect,Later,N,Open,Estimated,27.9506,-82.4572,,Public senior directory / operator sites,,Public-listed senior community. Confirm Activities phone. Email Open.,tampa,resident visit
the-plaza-at-channelside-senior-activities-desk,The Plaza at Channelside Senior,Tampa Bay,Tampa,,,Recurring_Weekday,Regional_Subscription,Senior,,Activities desk,,,B,1500,prospect,Later,N,Open,Estimated,27.9506,-82.4572,,Public senior directory / operator sites,,Public-listed senior community. Confirm Activities phone. Email Open.,tampa,resident visit
amli-aventon-leasing-lifestyle,AMLI Aventon,Tampa Bay,Tampa,AMLI,national,Fest_Events,Luxury_Apt,Apartment programming,,Leasing / Lifestyle,,,A,2000,prospect,Later,N,Open,Estimated,27.9506,-82.4572,https://www.apartments.com/,Public apartment brand / directory,https://www.apartments.com/,Public multifamily footprint. Confirm lifestyle email. No invent.,tampa,resident weekend event
amli-westshore-leasing-lifestyle,AMLI Westshore,Tampa Bay,Tampa,AMLI,national,Fest_Events,Luxury_Apt,Apartment programming,,Leasing / Lifestyle,,,A,2000,prospect,Later,N,Open,Estimated,27.9506,-82.4572,https://www.apartments.com/,Public apartment brand / directory,https://www.apartments.com/,Public multifamily footprint. Confirm lifestyle email. No invent.,tampa,resident weekend event
camden-westshore-leasing-lifestyle,Camden Westshore,Tampa Bay,Tampa,Camden,national,Fest_Events,Luxury_Apt,Apartment programming,,Leasing / Lifestyle,,,A,2000,prospect,Later,N,Open,Estimated,27.9506,-82.4572,https://www.apartments.com/,Public apartment brand / directory,https://www.apartments.com/,Public multifamily footprint. Confirm lifestyle email. No invent.,tampa,resident weekend event
camden-soho-leasing-lifestyle,Camden Soho,Tampa Bay,Tampa,Camden,national,Fest_Events,Luxury_Apt,Apartment programming,,Leasing / Lifestyle,,,A,2000,prospect,Later,N,Open,Estimated,27.9506,-82.4572,https://www.apartments.com/,Public apartment brand / directory,https://www.apartments.com/,Public multifamily footprint. Confirm lifestyle email. No invent.,tampa,resident weekend event
post-riviera-leasing-lifestyle,Post Riviera,Tampa Bay,Tampa,Post Properties,national,Fest_Events,Luxury_Apt,Apartment programming,,Leasing / Lifestyle,,,A,2000,prospect,Later,N,Open,Estimated,27.9506,-82.4572,https://www.apartments.com/,Public apartment brand / directory,https://www.apartments.com/,Public multifamily footprint. Confirm lifestyle email. No invent.,tampa,resident weekend event
post-bay-leasing-lifestyle,Post Bay,Tampa Bay,Tampa,Post Properties,national,Fest_Events,Luxury_Apt,Apartment programming,,Leasing / Lifestyle,,,A,2000,prospect,Later,N,Open,Estimated,27.9506,-82.4572,https://www.apartments.com/,Public apartment brand / directory,https://www.apartments.com/,Public multifamily footprint. Confirm lifestyle email. No invent.,tampa,resident weekend event
the-current-south-tampa-leasing-lifestyle,The Current South Tampa,Tampa Bay,South Tampa,,,Fest_Events,Luxury_Apt,Apartment programming,,Leasing / Lifestyle,,,B,1500,prospect,Later,N,Open,Estimated,27.9506,-82.4572,https://www.apartments.com/,Public apartment brand / directory,https://www.apartments.com/,Public multifamily footprint. Confirm lifestyle email. No invent.,tampa,resident weekend event
riverwalk-tampa-residences-leasing-lifestyle,Riverwalk Tampa Residences,Tampa Bay,Tampa,,,Fest_Events,Luxury_Apt,Apartment programming,,Leasing / Lifestyle,,,B,1500,prospect,Later,N,Open,Estimated,27.9506,-82.4572,https://www.apartments.com/,Public apartment brand / directory,https://www.apartments.com/,Public multifamily footprint. Confirm lifestyle email. No invent.,tampa,resident weekend event
skyhouse-channelside-leasing-lifestyle,SkyHouse Channelside,Tampa Bay,Tampa,,,Fest_Events,Luxury_Apt,Apartment programming,,Leasing / Lifestyle,,,B,1500,prospect,Later,N,Open,Estimated,27.9506,-82.4572,https://www.apartments.com/,Public apartment brand / directory,https://www.apartments.com/,Public multifamily footprint. Confirm lifestyle email. No invent.,tampa,resident weekend event
ardent-on-the-bay-leasing-lifestyle,Ardent on the Bay,Tampa Bay,Tampa,,,Fest_Events,Luxury_Apt,Apartment programming,,Leasing / Lifestyle,,,B,1500,prospect,Later,N,Open,Estimated,27.9506,-82.4572,https://www.apartments.com/,Public apartment brand / directory,https://www.apartments.com/,Public multifamily footprint. Confirm lifestyle email. No invent.,tampa,resident weekend event
the-flats-at-westchase-leasing-lifestyle,The Flats at Westchase,Tampa Bay,Westchase,,,Fest_Events,Luxury_Apt,Apartment programming,,Leasing / Lifestyle,,,B,1500,prospect,Later,N,Open,Estimated,28.053,-82.612,https://www.apartments.com/,Public apartment brand / directory,https://www.apartments.com/,Public multifamily footprint. Confirm lifestyle email. No invent.,tampa,resident weekend event
avalon-grand-leasing-lifestyle,Avalon Grand,Tampa Bay,Wesley Chapel,,,Fest_Events,Luxury_Apt,Apartment programming,,Leasing / Lifestyle,,,B,1500,prospect,Later,N,Open,Estimated,28.2397,-82.3279,https://www.apartments.com/,Public apartment brand / directory,https://www.apartments.com/,Public multifamily footprint. Confirm lifestyle email. No invent.,tampa,resident weekend event
saddlebrook-apartments-leasing-lifestyle,Saddlebrook Apartments,Tampa Bay,Wesley Chapel,,,Fest_Events,Luxury_Apt,Apartment programming,,Leasing / Lifestyle,,,B,1500,prospect,Later,N,Open,Estimated,28.2397,-82.3279,https://www.apartments.com/,Public apartment brand / directory,https://www.apartments.com/,Public multifamily footprint. Confirm lifestyle email. No invent.,tampa,resident weekend event
wiregrass-apartments-corridor-leasing-lifestyle,Wiregrass Apartments corridor,Tampa Bay,Wesley Chapel,,,Fest_Events,Luxury_Apt,Apartment programming,,Leasing / Lifestyle,,,B,1500,prospect,Later,N,Open,Estimated,28.2397,-82.3279,https://www.apartments.com/,Public apartment brand / directory,https://www.apartments.com/,Public multifamily footprint. Confirm lifestyle email. No invent.,tampa,resident weekend event
cortland-tampa-bay-portfolio-desk-leasing-lifestyle,Cortland Tampa Bay portfolio desk,Tampa Bay,Tampa,Cortland,national,Fest_Events,Luxury_Apt,Apartment programming,,Leasing / Lifestyle,,,A,2000,prospect,Later,N,Open,Estimated,27.9506,-82.4572,https://www.apartments.com/,Public apartment brand / directory,https://www.apartments.com/,Public multifamily footprint. Confirm lifestyle email. No invent.,tampa,resident weekend event
lincoln-property-tampa-bay-portfolio-leasing-lifestyle,Lincoln Property — Tampa Bay portfolio,Tampa Bay,Tampa,Lincoln Property,national,Fest_Events,Luxury_Apt,Apartment programming,,Leasing / Lifestyle,,,A,2000,prospect,Later,N,Open,Estimated,27.9506,-82.4572,https://www.apartments.com/,Public apartment brand / directory,https://www.apartments.com/,Public multifamily footprint. Confirm lifestyle email. No invent.,tampa,resident weekend event
bozzuto-tampa-bay-portfolio-leasing-lifestyle,Bozzuto — Tampa Bay portfolio,Tampa Bay,Tampa,Bozzuto,national,Fest_Events,Luxury_Apt,Apartment programming,,Leasing / Lifestyle,,,A,2000,prospect,Later,N,Open,Estimated,27.9506,-82.4572,https://www.apartments.com/,Public apartment brand / directory,https://www.apartments.com/,Public multifamily footprint. Confirm lifestyle email. No invent.,tampa,resident weekend event
related-channelside-tampa-leasing-lifestyle,Related — Channelside / Tampa,Tampa Bay,Tampa,Related,national,Fest_Events,Luxury_Apt,Apartment programming,,Leasing / Lifestyle,,,A,2000,prospect,Later,N,Open,Estimated,27.9506,-82.4572,https://www.apartments.com/,Public apartment brand / directory,https://www.apartments.com/,Public multifamily footprint. Confirm lifestyle email. No invent.,tampa,resident weekend event
equity-residential-tampa-bay-leasing-lifestyle,Equity Residential — Tampa Bay,Tampa Bay,Tampa,Equity Residential,national,Fest_Events,Luxury_Apt,Apartment programming,,Leasing / Lifestyle,,,A,2000,prospect,Later,N,Open,Estimated,27.9506,-82.4572,https://www.apartments.com/,Public apartment brand / directory,https://www.apartments.com/,Public multifamily footprint. Confirm lifestyle email. No invent.,tampa,resident weekend event
grace-family-church-southshore-kids-family-ministry,Grace Family Church — Southshore,Tampa Bay,Ruskin,,,Violet,Violet,Church,,Kids / Family ministry,,,B,1500,prospect,Later,N,Open,Estimated,27.7209,-82.4332,,Public church identity,,Public church campus. Ask Kids. Email Open.,tampa,family ministry / VBS
first-baptist-brandon-kids-family-ministry,First Baptist Brandon,Tampa Bay,Brandon,,,Violet,Violet,Church,,Kids / Family ministry,813-689-1201,,B,1500,prospect,Later,N,Open,Estimated,27.9378,-82.2859,,Public church identity,,Public church campus. Ask Kids. Email Open.,tampa,family ministry / VBS
first-baptist-church-of-tampa-kids-family-ministry,First Baptist Church of Tampa,Tampa Bay,Tampa,,,Violet,Violet,Church,,Kids / Family ministry,813-253-0017,,B,1500,prospect,Later,N,Open,Estimated,27.9506,-82.4572,,Public church identity,,Public church campus. Ask Kids. Email Open.,tampa,family ministry / VBS
bayshore-baptist-church-kids-family-ministry,Bayshore Baptist Church,Tampa Bay,Tampa,,,Violet,Violet,Church,,Kids / Family ministry,813-253-0612,,B,1500,prospect,Later,N,Open,Estimated,27.9506,-82.4572,,Public church identity,,Public church campus. Ask Kids. Email Open.,tampa,family ministry / VBS
st-john-s-episcopal-church-tampa-kids-family-ministry,St. John's Episcopal Church — Tampa,Tampa Bay,Tampa,,,Violet,Violet,Church,,Kids / Family ministry,813-259-1570,,B,1500,prospect,Later,N,Open,Estimated,27.9506,-82.4572,,Public church identity,,Public church campus. Ask Kids. Email Open.,tampa,family ministry / VBS
christ-church-st-petersburg-kids-family-ministry,Christ Church — St. Petersburg,Tampa Bay,St. Petersburg,,,Violet,Violet,Church,,Kids / Family ministry,727-822-4173,,B,1500,prospect,Later,N,Open,Estimated,27.7676,-82.6403,,Public church identity,,Public church campus. Ask Kids. Email Open.,tampa,family ministry / VBS
first-presbyterian-church-of-st-petersburg-kids-family-ministry,First Presbyterian Church of St. Petersburg,Tampa Bay,St. Petersburg,,,Violet,Violet,Church,,Kids / Family ministry,727-821-5453,,B,1500,prospect,Later,N,Open,Estimated,27.7676,-82.6403,,Public church identity,,Public church campus. Ask Kids. Email Open.,tampa,family ministry / VBS
calvary-chapel-tampa-kids-family-ministry,Calvary Chapel Tampa,Tampa Bay,Tampa,,,Violet,Violet,Church,,Kids / Family ministry,813-988-8880,,B,1500,prospect,Later,N,Open,Estimated,27.9506,-82.4572,,Public church identity,,Public church campus. Ask Kids. Email Open.,tampa,family ministry / VBS
hillsdale-baptist-church-kids-family-ministry,Hillsdale Baptist Church,Tampa Bay,Tampa,,,Violet,Violet,Church,,Kids / Family ministry,813-884-7529,,B,1500,prospect,Later,N,Open,Estimated,27.9506,-82.4572,,Public church identity,,Public church campus. Ask Kids. Email Open.,tampa,family ministry / VBS
northside-christian-church-st-pete-kids-family-ministry,Northside Christian Church — St. Pete,Tampa Bay,St. Petersburg,,,Violet,Violet,Church,,Kids / Family ministry,727-531-1433,,B,1500,prospect,Later,N,Open,Estimated,27.7676,-82.6403,,Public church identity,,Public church campus. Ask Kids. Email Open.,tampa,family ministry / VBS
new-life-church-wesley-chapel-kids-family-ministry,New Life Church — Wesley Chapel,Tampa Bay,Wesley Chapel,,,Violet,Violet,Church,,Kids / Family ministry,,,B,1500,prospect,Later,N,Open,Estimated,28.2397,-82.3279,,Public church identity,,Public church campus. Ask Kids. Email Open.,tampa,family ministry / VBS
radiant-church-tampa-bay-kids-family-ministry,Radiant Church — Tampa Bay,Tampa Bay,Tampa,,,Violet,Violet,Church,,Kids / Family ministry,,,B,1500,prospect,Later,N,Open,Estimated,27.9506,-82.4572,,Public church identity,,Public church campus. Ask Kids. Email Open.,tampa,family ministry / VBS
bayside-community-church-tampa-pinellas-kids-family-ministry,Bayside Community Church — Tampa / Pinellas,Tampa Bay,Clearwater,,,Violet,Violet,Church,,Kids / Family ministry,,,B,1500,prospect,Later,N,Open,Estimated,27.9659,-82.8001,,Public church identity,,Public church campus. Ask Kids. Email Open.,tampa,family ministry / VBS
the-crossing-church-tampa-kids-family-ministry,The Crossing Church — Tampa,Tampa Bay,Tampa,,,Violet,Violet,Church,,Kids / Family ministry,,,B,1500,prospect,Later,N,Open,Estimated,27.9506,-82.4572,,Public church identity,,Public church campus. Ask Kids. Email Open.,tampa,family ministry / VBS
faith-community-church-clearwater-kids-family-ministry,Faith Community Church — Clearwater,Tampa Bay,Clearwater,,,Violet,Violet,Church,,Kids / Family ministry,,,B,1500,prospect,Later,N,Open,Estimated,27.9659,-82.8001,,Public church identity,,Public church campus. Ask Kids. Email Open.,tampa,family ministry / VBS
life-church-tampa-bay-kids-family-ministry,Life Church — Tampa Bay,Tampa Bay,Tampa,,,Violet,Violet,Church,,Kids / Family ministry,,,B,1500,prospect,Later,N,Open,Estimated,27.9506,-82.4572,,Public church identity,,Public church campus. Ask Kids. Email Open.,tampa,family ministry / VBS
tampa-catholic-high-school-admissions-enrichment-desk,Tampa Catholic High School,Tampa Bay,Tampa,,,Violet,Fancy_Schools,School/VPK/PPEC,,Admissions / Enrichment desk,813-870-0860,,A,2000,prospect,Later,N,Open,Estimated,27.9506,-82.4572,,Public school identity,,Public school identity. Confirm admissions email on site.,tampa,school visit
academy-of-the-holy-names-admissions-enrichment-desk,Academy of the Holy Names,Tampa Bay,Tampa,,,Violet,Fancy_Schools,School/VPK/PPEC,,Admissions / Enrichment desk,813-839-5371,,A,2000,prospect,Later,N,Open,Estimated,27.9506,-82.4572,,Public school identity,,Public school identity. Confirm admissions email on site.,tampa,school visit
st-petersburg-catholic-high-school-admissions-enrichment-desk,St. Petersburg Catholic High School,Tampa Bay,St. Petersburg,,,Violet,Fancy_Schools,School/VPK/PPEC,,Admissions / Enrichment desk,727-344-4065,,A,2000,prospect,Later,N,Open,Estimated,27.7676,-82.6403,,Public school identity,,Public school identity. Confirm admissions email on site.,tampa,school visit
clearwater-central-catholic-admissions-enrichment-desk,Clearwater Central Catholic,Tampa Bay,Clearwater,,,Violet,Fancy_Schools,School/VPK/PPEC,,Admissions / Enrichment desk,727-531-1441,,A,2000,prospect,Later,N,Open,Estimated,27.9659,-82.8001,,Public school identity,,Public school identity. Confirm admissions email on site.,tampa,school visit
admiral-farragut-academy-admissions-enrichment-desk,Admiral Farragut Academy,Tampa Bay,St. Petersburg,,,Violet,Fancy_Schools,School/VPK/PPEC,,Admissions / Enrichment desk,727-384-5500,,A,2000,prospect,Later,N,Open,Estimated,27.7676,-82.6403,,Public school identity,,Public school identity. Confirm admissions email on site.,tampa,school visit
keswick-christian-school-admissions-enrichment-desk,Keswick Christian School,Tampa Bay,St. Petersburg,,,Violet,Fancy_Schools,School/VPK/PPEC,,Admissions / Enrichment desk,727-541-3567,,A,2000,prospect,Later,N,Open,Estimated,27.7676,-82.6403,,Public school identity,,Public school identity. Confirm admissions email on site.,tampa,school visit
northside-christian-school-admissions-enrichment-desk,Northside Christian School,Tampa Bay,St. Petersburg,,,Violet,Fancy_Schools,School/VPK/PPEC,,Admissions / Enrichment desk,727-531-1433,,A,2000,prospect,Later,N,Open,Estimated,27.7676,-82.6403,,Public school identity,,Public school identity. Confirm admissions email on site.,tampa,school visit
cambridge-christian-school-admissions-enrichment-desk,Cambridge Christian School,Tampa Bay,Tampa,,,Violet,Fancy_Schools,School/VPK/PPEC,,Admissions / Enrichment desk,813-872-6744,,A,2000,prospect,Later,N,Open,Estimated,27.9506,-82.4572,,Public school identity,,Public school identity. Confirm admissions email on site.,tampa,school visit
bell-shoals-baptist-academy-admissions-enrichment-desk,Bell Shoals Baptist Academy,Tampa Bay,Brandon,,,Violet,Fancy_Schools,School/VPK/PPEC,,Admissions / Enrichment desk,813-689-6616,,A,2000,prospect,Later,N,Open,Estimated,27.9378,-82.2859,,Public school identity,,Public school identity. Confirm admissions email on site.,tampa,school visit
bayshore-christian-school-admissions-enrichment-desk,Bayshore Christian School,Tampa Bay,Tampa,,,Violet,Fancy_Schools,School/VPK/PPEC,,Admissions / Enrichment desk,813-253-0641,,A,2000,prospect,Later,N,Open,Estimated,27.9506,-82.4572,,Public school identity,,Public school identity. Confirm admissions email on site.,tampa,school visit
independent-day-school-tampa-admissions-enrichment-desk,Independent Day School — Tampa,Tampa Bay,Tampa,,,Violet,Fancy_Schools,School/VPK/PPEC,,Admissions / Enrichment desk,813-968-8841,,A,2000,prospect,Later,N,Open,Estimated,27.9506,-82.4572,,Public school identity,,Public school identity. Confirm admissions email on site.,tampa,school visit
the-goddard-school-westchase-admissions-enrichment-desk,The Goddard School — Westchase,Tampa Bay,Westchase,,,Violet,Fancy_Schools,School/VPK/PPEC,,Admissions / Enrichment desk,,,B,1500,prospect,Later,N,Open,Estimated,28.053,-82.612,,Public school identity,,Public school identity. Confirm admissions email on site.,tampa,school visit
the-goddard-school-wesley-chapel-admissions-enrichment-desk,The Goddard School — Wesley Chapel,Tampa Bay,Wesley Chapel,,,Violet,Fancy_Schools,School/VPK/PPEC,,Admissions / Enrichment desk,,,B,1500,prospect,Later,N,Open,Estimated,28.2397,-82.3279,,Public school identity,,Public school identity. Confirm admissions email on site.,tampa,school visit
primrose-school-south-tampa-admissions-enrichment-desk,Primrose School — South Tampa,Tampa Bay,Tampa,,,Violet,Fancy_Schools,School/VPK/PPEC,,Admissions / Enrichment desk,,,B,1500,prospect,Later,N,Open,Estimated,27.9506,-82.4572,,Public school identity,,Public school identity. Confirm admissions email on site.,tampa,school visit
primrose-school-riverview-admissions-enrichment-desk,Primrose School — Riverview,Tampa Bay,Riverview,,,Violet,Fancy_Schools,School/VPK/PPEC,,Admissions / Enrichment desk,,,B,1500,prospect,Later,N,Open,Estimated,27.8661,-82.3265,,Public school identity,,Public school identity. Confirm admissions email on site.,tampa,school visit
lightbridge-academy-tampa-bay-admissions-enrichment-desk,Lightbridge Academy — Tampa Bay,Tampa Bay,Tampa,,,Violet,Fancy_Schools,School/VPK/PPEC,,Admissions / Enrichment desk,,,B,1500,prospect,Later,N,Open,Estimated,27.9506,-82.4572,,Public school identity,,Public school identity. Confirm admissions email on site.,tampa,school visit
cheval-country-club-club-events-lifestyle,Cheval Country Club,Tampa Bay,Lutz,,,Fest_Events,Regional_Enterprise,Premium community,,Club / Events / Lifestyle,,,B,1500,prospect,Later,N,Open,Estimated,28.1511,-82.4615,,Public club / community identity,,Public club/community. Ask events. Email Open.,tampa,club family event
heritage-harbor-golf-country-club-club-events-lifestyle,Heritage Harbor Golf & Country Club,Tampa Bay,Lutz,,,Fest_Events,Regional_Enterprise,Premium community,,Club / Events / Lifestyle,,,B,1500,prospect,Later,N,Open,Estimated,28.1511,-82.4615,,Public club / community identity,,Public club/community. Ask events. Email Open.,tampa,club family event
saddlebrook-resort-community-events-club-events-lifestyle,Saddlebrook Resort — community events,Tampa Bay,Wesley Chapel,,,Fest_Events,Regional_Enterprise,Premium community,,Club / Events / Lifestyle,,,B,1500,prospect,Later,N,Open,Estimated,28.2397,-82.3279,,Public club / community identity,,Public club/community. Ask events. Email Open.,tampa,club family event
eagles-golf-club-odessa-club-events-lifestyle,Eagles Golf Club — Odessa,Tampa Bay,Odessa,,,Fest_Events,Regional_Enterprise,Premium community,,Club / Events / Lifestyle,,,B,1500,prospect,Later,N,Open,Estimated,28.1939,-82.5918,,Public club / community identity,,Public club/community. Ask events. Email Open.,tampa,club family event
bloomingdale-golfers-club-club-events-lifestyle,Bloomingdale Golfers Club,Tampa Bay,Brandon,,,Fest_Events,Regional_Enterprise,Premium community,,Club / Events / Lifestyle,,,B,1500,prospect,Later,N,Open,Estimated,27.9378,-82.2859,,Public club / community identity,,Public club/community. Ask events. Email Open.,tampa,club family event
river-hills-country-club-club-events-lifestyle,River Hills Country Club,Tampa Bay,Valrico,,,Fest_Events,Regional_Enterprise,Premium community,,Club / Events / Lifestyle,,,B,1500,prospect,Later,N,Open,Estimated,27.9386,-82.2423,,Public club / community identity,,Public club/community. Ask events. Email Open.,tampa,club family event
lake-jovita-golf-country-club-club-events-lifestyle,Lake Jovita Golf & Country Club,Tampa Bay,Dade City,,,Fest_Events,Regional_Enterprise,Premium community,,Club / Events / Lifestyle,,,B,1500,prospect,Later,N,Open,Estimated,28.3644,-82.1959,,Public club / community identity,,Public club/community. Ask events. Email Open.,tampa,club family event
new-tampa-community-center-parks-path-club-events-lifestyle,New Tampa Community Center / parks path,Tampa Bay,New Tampa,,,Fest_Events,Regional_Enterprise,Premium community,,Club / Events / Lifestyle,,,B,1500,prospect,Later,N,Open,Estimated,27.9506,-82.4572,,Public club / community identity,,Public club/community. Ask events. Email Open.,tampa,club family event
city-of-safety-harbor-parks-rec-parks-events,City of Safety Harbor Parks & Rec,Tampa Bay,Safety Harbor,,,Fest_Events,Corp_Field,Corporate/amenity city,,Parks / Events,727-724-1568,,B,1500,prospect,Later,Y,Open,Estimated,27.9906,-82.697,,Municipal parks identity,,Municipal parks — B2G. Confirm desk email on city site.,tampa,city parks event
city-of-tarpon-springs-parks-rec-parks-events,City of Tarpon Springs Parks & Rec,Tampa Bay,Tarpon Springs,,,Fest_Events,Corp_Field,Corporate/amenity city,,Parks / Events,727-942-5624,,B,1500,prospect,Later,Y,Open,Estimated,28.1461,-82.7568,,Municipal parks identity,,Municipal parks — B2G. Confirm desk email on city site.,tampa,city parks event
city-of-oldsmar-parks-rec-parks-events,City of Oldsmar Parks & Rec,Tampa Bay,Oldsmar,,,Fest_Events,Corp_Field,Corporate/amenity city,,Parks / Events,813-749-1115,,B,1500,prospect,Later,Y,Open,Estimated,28.0342,-82.6651,,Municipal parks identity,,Municipal parks — B2G. Confirm desk email on city site.,tampa,city parks event
city-of-pinellas-park-parks-rec-parks-events,City of Pinellas Park Parks & Rec,Tampa Bay,Pinellas Park,,,Fest_Events,Corp_Field,Corporate/amenity city,,Parks / Events,727-541-0700,,B,1500,prospect,Later,Y,Open,Estimated,27.8428,-82.6995,,Municipal parks identity,,Municipal parks — B2G. Confirm desk email on city site.,tampa,city parks event
city-of-new-port-richey-parks-rec-parks-events,City of New Port Richey Parks & Rec,Tampa Bay,New Port Richey,,,Fest_Events,Corp_Field,Corporate/amenity city,,Parks / Events,727-853-1023,,B,1500,prospect,Later,Y,Open,Estimated,28.2442,-82.7193,,Municipal parks identity,,Municipal parks — B2G. Confirm desk email on city site.,tampa,city parks event
city-of-zephyrhills-parks-rec-parks-events,City of Zephyrhills Parks & Rec,Tampa Bay,Zephyrhills,,,Fest_Events,Corp_Field,Corporate/amenity city,,Parks / Events,813-780-0026,,B,1500,prospect,Later,Y,Open,Estimated,28.2336,-82.1812,,Municipal parks identity,,Municipal parks — B2G. Confirm desk email on city site.,tampa,city parks event
city-of-plant-city-parks-rec-parks-events,City of Plant City Parks & Rec,Tampa Bay,Plant City,,,Fest_Events,Corp_Field,Corporate/amenity city,,Parks / Events,813-659-4242,,B,1500,prospect,Later,Y,Open,Estimated,28.0186,-82.1129,,Municipal parks identity,,Municipal parks — B2G. Confirm desk email on city site.,tampa,city parks event
hillsborough-county-southshore-parks-corridor-parks-events,Hillsborough County — Southshore parks corridor,Tampa Bay,Ruskin,,,Fest_Events,Corp_Field,Corporate/amenity city,,Parks / Events,813-744-5588,,B,1500,prospect,Later,Y,Open,Estimated,27.7209,-82.4332,,Municipal parks identity,,Municipal parks — B2G. Confirm desk email on city site.,tampa,city parks event
