id,company_name,county,place_label,lat,lng,geo_basis,geo_badge,management_company,manager_scale,sector,seat,s_tier,market_tier,wallet_tag,status,status_source,pipeline,contact,email,phone,target_acv,high_acv,related_count,account_page,is_cddish,investor_focus
st_johns_durbin_crossing_cdd_vesta,Durbin Crossing CDD (Vesta),St. Johns,Durbin / Julington,30.04818,-81.55818,place_centroid,Estimated,Vesta,regional,Fest_Events,Regional_Enterprise,S,Regional_Enterprise,Wallet S (top list),customer,06_VESTA_CLUSTER.penetration,True,Kate Smith,klsmith@vestapropertyservices.com,(904) 230-2011,5000,10000,26,account-vesta.html,True,True
duval_tamaya_beach_cdd_vesta,Tamaya / Beach CDD (Vesta),Duval,Tamaya / Beach,30.28243,-81.41849,place_centroid,Estimated,Vesta,regional,Fest_Events,Regional_Enterprise,S,Regional_Enterprise,Wallet S (top list),lapsed,06_VESTA_CLUSTER.penetration,False,Oliver Ingram,oingram@vestapropertyservices.com,(904) 355-1831,3000,6000,26,account-vesta.html,True,True
duval_etown_cypress_bluff_cdd_vesta,eTown / Cypress Bluff CDD (Vesta),Duval,eTown / Cypress Bluff,30.23309,-81.50713,place_centroid,Estimated,Vesta,regional,Fest_Events,Regional_Enterprise,S,Regional_Enterprise,Wallet S (top list),prospect,06_VESTA_CLUSTER.penetration,False,Marcy Pollicino,recharge@etownjax.com,(904) 527-1081,2500,6000,26,account-vesta.html,True,True
clay_fleming_island_plantation_cdd_vesta,Fleming Island Plantation CDD (Vesta),Clay,Fleming Island,30.08598,-81.71816,place_centroid,Estimated,Vesta,regional,Fest_Events,Regional_Enterprise,S,Regional_Enterprise,Wallet S (top list),prospect,06_VESTA_CLUSTER.penetration,False,Jennifer Meadows,jmeadows@vestapropertyservices.com,(904) 278-8613,3000,6000,26,account-vesta.html,True,True
st_johns_heritage_landing_cdd_camp_heritage_vesta,Heritage Landing CDD / Camp Heritage (Vesta),St. Johns,Heritage Landing,30.04673,-81.54682,place_centroid,Estimated,Vesta,regional,Fest_Events,Regional_Enterprise,S,Regional_Enterprise,Wallet S (top list),prospect,06_VESTA_CLUSTER.penetration,False,Todd Myhill,tmyhill@vestapropertyservices.com,(904) 940-6095,3000,6000,26,account-vesta.html,True,True
duval_jacksonville_golf_and_country_club_vesta_amenity,Jacksonville Golf and Country Club (Vesta amenity),Duval,Jacksonville,30.31775,-81.65992,county_centroid,Estimated,Vesta,regional,Fest_Events,Regional_Enterprise,S,Regional_Enterprise,Wallet S (top list),prospect,06_VESTA_CLUSTER.penetration,False,Jessica Morgan,jmorgan@jaxgcc.com,(904) 223-5555,3000,6000,26,account-vesta.html,True,True
st_johns_johns_creek_brandy_creek_cdd_vesta,Johns Creek / Brandy Creek CDD (Vesta),St. Johns,St. Augustine / St. Johns,29.86513,-81.29581,county_centroid,Estimated,Vesta,regional,Fest_Events,Regional_Enterprise,S,Regional_Enterprise,Wallet S (top list),prospect,06_VESTA_CLUSTER.penetration,False,Georgia Hamilton,ghamilton@vestapropertyservices.com,(904) 230-4208,1500,3000,26,account-vesta.html,True,True
st_johns_julington_creek_plantation_cdd_vesta,Julington Creek Plantation CDD (Vesta),St. Johns,Julington Creek,30.06512,-81.56742,place_centroid,Estimated,Vesta,regional,Fest_Events,Regional_Enterprise,S,Regional_Enterprise,Wallet S (top list),prospect,06_VESTA_CLUSTER.penetration,False,Debra Kincaid,dkincaid@jcpcdd.org,(904) 438-2464,3000,6000,26,account-vesta.html,True,True
st_johns_markland_southaven_cdd_vesta,Markland / Southaven CDD (Vesta),St. Johns,Markland / Southaven,29.87526,-81.34719,place_centroid,Estimated,Vesta,regional,Fest_Events,Regional_Enterprise,S,Regional_Enterprise,Wallet S (top list),prospect,06_VESTA_CLUSTER.penetration,False,Lisa Licata,llicata@vestapropertyservices.com,(904) 315-5171,1500,3000,26,account-vesta.html,True,True
st_johns_nocatee_tolomato_cdd_the_parc_group,Nocatee / Tolomato CDD (The PARC Group),St. Johns,Nocatee,30.10628,-81.41576,place_centroid,Estimated,,,Fest_Events,Regional_Enterprise,S,Regional_Enterprise,Wallet S (top list),prospect,02_ACCOUNTS.penetration,False,Hannah Davis,help@nocatee.com,(904) 924-6850,3000,8000,0,,True,True
st_johns_rivertown_rivers_edge_cdd_vesta,RiverTown / Rivers Edge CDD (Vesta),St. Johns,RiverTown,30.02317,-81.63609,place_centroid,Estimated,Vesta,regional,Fest_Events,Regional_Enterprise,S,Regional_Enterprise,Wallet S (top list),customer,bdr_tam_dialer.is_customer,False,Ken Council,kcouncil@vestapropertyservices.com,(904) 679-5523,3000,6000,26,account-vesta.html,True,True
st_johns_sampson_creek_cdd_st_johns_golf_cc_vesta,Sampson Creek CDD / St. Johns Golf & CC (Vesta),St. Johns,Sampson Creek,30.03673,-81.51354,place_centroid,Estimated,Vesta,regional,Fest_Events,Regional_Enterprise,S,Regional_Enterprise,Wallet S (top list),prospect,06_VESTA_CLUSTER.penetration,False,Stephanie Taylor,staylor@vestapropertyservices.com,(904) 599-9093,3000,6000,26,account-vesta.html,True,True
st_johns_st_augustine_lakes_cdd_vesta,St. Augustine Lakes CDD (Vesta),St. Johns,St. Augustine,29.90433,-81.31302,place_centroid,Estimated,Vesta,regional,Fest_Events,Regional_Enterprise,S,Regional_Enterprise,Wallet S (top list),prospect,06_VESTA_CLUSTER.penetration,False,Maria Czmyr,mczmyr@vestapropertyservices.com,(904) 747-0181,2500,6000,26,account-vesta.html,True,True
duval_vesta_property_services,Vesta Property Services,Duval,Jacksonville,30.30145,-81.68341,county_centroid,Estimated,Vesta,regional,Fest_Events,Regional_Enterprise,S,Regional_Enterprise,Wallet S (top list),prospect,06_VESTA_CLUSTER.penetration,False,Kaitlyn Smith,contact@vestapropertyservices.com,(904) 355-1831,2500,6000,26,account-vesta.html,True,True
st_johns_vesta_property_services_glen_st_johns_cdd,Vesta Property Services / Glen St. Johns CDD,St. Johns,St. Augustine / St. Johns,29.9047,-81.32914,county_centroid,Estimated,Vesta,regional,Fest_Events,Regional_Enterprise,S,Regional_Enterprise,Wallet S (top list),prospect,06_VESTA_CLUSTER.penetration,False,Winslow Wheeler,wwheeler@vestapropertyservices.com,(904) 318-0796,2500,6000,26,account-vesta.html,True,True
duval_wynnfield_lakes_cdd_vesta,Wynnfield Lakes CDD (Vesta),Duval,Jacksonville,30.35738,-81.65665,county_centroid,Estimated,Vesta,regional,Fest_Events,Regional_Enterprise,S,Regional_Enterprise,Wallet S (top list),prospect,06_VESTA_CLUSTER.penetration,False,Lina Hernandez,wynnfieldlakesmanager@gmail.com,(904) 565-9385,1500,3000,26,account-vesta.html,True,True
duval_yellow_bluff_landing_tison_s_landing_vesta,Yellow Bluff Landing / Tison's Landing (Vesta),Duval,Jacksonville,30.34431,-81.64713,county_centroid,Estimated,Vesta,regional,Fest_Events,Regional_Enterprise,S,Regional_Enterprise,Wallet S (top list),customer,bdr_tam_dialer.is_customer,False,Elizabeth Myers-Hesford,Emyers@vestapropertyservices.com,(904) 757-1547,3000,6000,26,account-vesta.html,True,True
duval_air_communities_jacksonville_region,AIR Communities (Jacksonville region),Duval,Jacksonville,30.36434,-81.61961,county_centroid,Estimated,AIR Communities,national,Fest_Events,Luxury_Apt,S,Regional_Enterprise,Wallet S (top list),prospect,02_ACCOUNTS.penetration,False,Alena Mullen,alena.mullen@aircommunities.com,(904) 749-0766,1500,3000,1,,True,True
st_johns_cimarrone_golf_club,Cimarrone Golf Club,St. Johns,St. Augustine / St. Johns,29.93144,-81.33928,county_centroid,Estimated,,,Fest_Events,Golf,S,Regional_Enterprise,Wallet S (top list),prospect,02_ACCOUNTS.penetration,False,Rick Shoemaker,rshoemaker@cimarronegolf.com,(904) 287-2000,1500,3000,0,,False,True
st_johns_marsh_landing_country_club_concert_golf,Marsh Landing Country Club (Concert Golf),St. Johns,St. Augustine / St. Johns,29.8602,-81.33258,county_centroid,Estimated,Concert Golf,national,Fest_Events,Golf,S,Regional_Enterprise,Wallet S (top list),customer,02_ACCOUNTS.penetration,False,Isabella Grady,Igrady@marshlandingcc.com,(904) 285-6514,1500,3000,1,,True,True
st_johns_rise_at_nocatee_greystar_rise,RISE at Nocatee (Greystar / RISE),St. Johns,Nocatee,30.11139,-81.43742,place_centroid,Estimated,Greystar,national,Fest_Events,Luxury_Apt,S,Regional_Enterprise,Wallet S (top list),prospect,02_ACCOUNTS.penetration,False,Michell Price,risenocatee@greystar.com,(904) 395-7065,1500,3000,7,,True,True
st_johns_st_johns_golf_country_club,St. Johns Golf & Country Club,St. Johns,St. Augustine / St. Johns,29.90913,-81.32784,county_centroid,Estimated,,,Fest_Events,Golf,S,Regional_Enterprise,Wallet S (top list),prospect,02_ACCOUNTS.penetration,False,Jessica Hurckes,jhurckes@stjohnsgolf.com,(904) 940-3200,1500,3000,0,,False,True
nassau_the_golf_club_of_amelia_island_concert_golf,The Golf Club of Amelia Island (Concert Golf),Nassau,Fernandina Beach / Yulee,30.6103,-81.62372,county_centroid,Estimated,Concert Golf,national,Fest_Events,Golf,S,Regional_Enterprise,Wallet S (top list),prospect,02_ACCOUNTS.penetration,False,Sheridan Regan,sregan@golfclubofamelia.com,(904) 277-8015,1500,3000,1,,True,True
st_johns_del_webb_nocatee_del_webb_ponte_vedra_firstservice_residential,Del Webb Nocatee / Del Webb Ponte Vedra (FirstService Residential),St. Johns,Ponte Vedra,30.22584,-81.38859,place_centroid,Estimated,FirstService Residential,national,Fest_Events,Regional_Enterprise,S,Regional_Enterprise,Wallet S (top list),prospect,02_ACCOUNTS.penetration,False,Elizabeth Digiacomo,canopyclub@fsresidential.com,(904) 436-5118,3000,8000,2,,True,True
st_johns_del_webb_ponte_vedra_hoa,Del Webb Ponte Vedra HOA,St. Johns,Ponte Vedra,30.2243,-81.37302,place_centroid,Estimated,,,Fest_Events,Regional_Enterprise,S,Regional_Enterprise,Wallet S (top list),prospect,02_ACCOUNTS.penetration,False,,help@nocatee.com,(904) 924-6850,3000,8000,0,,True,True
clay_magnolia_point_golf_country_club,Magnolia Point Golf & Country Club,Clay,Green Cove Springs / Fleming Island,30.01111,-81.73189,county_centroid,Estimated,,,Fest_Events,Golf,S,Regional_Enterprise,Wallet S (top list),prospect,02_ACCOUNTS.penetration,False,Aubrie,golf@magnoliapointgolfclub.com,(904) 891-9274,1500,3000,0,,False,True
st_johns_tolomato_cdd_nocatee,Tolomato CDD (Nocatee),St. Johns,Nocatee,30.0889,-81.44074,place_centroid,Estimated,,,Fest_Events,Regional_Enterprise,S,Regional_Enterprise,Wallet S (top list),prospect,02_ACCOUNTS.penetration,False,,help@nocatee.com,(904) 924-6850,3000,8000,0,,True,True
st_johns_ivybrook_academy_valley_ridge_pto,Ivybrook Academy Valley Ridge PTO,St. Johns,St. Augustine / St. Johns,29.8983,-81.31713,county_centroid,Estimated,,,Existing,Existing,S,Charity_Army,Wallet S (top list),customer,02_ACCOUNTS.penetration,False,Sanela Chan,ivybrookptovr@gmail.com,(904) 227-3320,1000,1200,0,,False,True
duval_lavilla_school_of_the_arts_ptsa,LaVilla School of the Arts PTSA,Duval,Jacksonville,30.34299,-81.69328,county_centroid,Estimated,,,Existing,Existing,S,Charity_Army,Wallet S (top list),customer,02_ACCOUNTS.penetration,False,Geretha Terrell Moore,lasotaptsa@gmail.com,(904) 633-6069,1000,1200,0,,False,True
nassau_amelia_concourse_cdd_heron_isles_cdd_gms,Amelia Concourse CDD / Heron Isles CDD (GMS),Nassau,Fernandina Beach / Yulee,30.64291,-81.65243,county_centroid,Estimated,GMS,regional,Fest_Events,Regional_Enterprise,S,Regional_Enterprise,Wallet S (top list),prospect,02_ACCOUNTS.penetration,False,Kelly Mullins,kmullins@gmsnf.com,(904) 940-5850,3000,8000,40,,True,True
nassau_amelia_walk_cdd_gms,Amelia Walk CDD (GMS),Nassau,Fernandina Beach / Yulee,30.5913,-81.6867,county_centroid,Estimated,GMS,regional,Fest_Events,Regional_Enterprise,S,Regional_Enterprise,Wallet S (top list),prospect,02_ACCOUNTS.penetration,False,Chip Delllinger,ameliawalkmanager@gmsnf.com,(904) 940-5850,3000,8000,40,,True,True
clay_armstrong_cdd_greyhawk_gms,Armstrong CDD / Greyhawk (GMS),Clay,Green Cove Springs / Fleming Island,29.95989,-81.74278,county_centroid,Estimated,GMS,regional,Fest_Events,Regional_Enterprise,S,Regional_Enterprise,Wallet S (top list),prospect,02_ACCOUNTS.penetration,False,Ryan Wilson,greyhawkmanager@gmsnf.com,(904) 322-3199,3000,8000,40,,True,True
duval_bartram_springs_cdd_gms,Bartram Springs CDD (GMS),Duval,Bartram,30.13082,-81.56752,place_centroid,Estimated,GMS,regional,Fest_Events,Regional_Enterprise,S,Regional_Enterprise,Wallet S (top list),prospect,02_ACCOUNTS.penetration,True,Danelle DeMarco,ddemarco@gmsnf.com,(904) 880-5156,3000,8000,40,,True,True
st_johns_first_coast_cms_silverleaf_amenities,First Coast CMS / SilverLeaf amenities,St. Johns,St. Augustine / St. Johns,29.90136,-81.32347,county_centroid,Estimated,First Coast CMS,regional,Fest_Events,Regional_Enterprise,S,Regional_Enterprise,Wallet S (top list),prospect,02_ACCOUNTS.penetration,False,Liz Giacobbi,desk@silverleafamenities.com,(904) 373-8986,3000,8000,11,account-first-coast.html,True,True
clay_magnolia_west_cdd,Magnolia West CDD,Clay,Green Cove Springs / Fleming Island,30.00291,-81.78672,county_centroid,Estimated,First Coast CMS,regional,Fest_Events,Regional_Enterprise,S,Regional_Enterprise,Wallet S (top list),prospect,02_ACCOUNTS.penetration,False,Marilyn Newbauer,marilyn@firstcoastcms.com,(904) 531-9382,3000,8000,11,account-first-coast.html,True,True
clay_oakleaf_plantation_master_hoa,Oakleaf Plantation Master HOA,Clay,Green Cove Springs / Fleming Island,30.02719,-81.76026,county_centroid,Estimated,GMS,regional,Fest_Events,Regional_Enterprise,S,Regional_Enterprise,Wallet S (top list),prospect,02_ACCOUNTS.penetration,False,Marilee Giles,mgiles@gmsnf.com,(904) 940-5850,3000,8000,40,,True,True
st_johns_six_mile_creek_cdd_trailmark_gms,Six Mile Creek CDD / TrailMark (GMS),St. Johns,St. Augustine / St. Johns,29.93255,-81.29898,county_centroid,Estimated,GMS,regional,Fest_Events,Regional_Enterprise,S,Regional_Enterprise,Wallet S (top list),prospect,02_ACCOUNTS.penetration,False,Elena Barron,trailmarkmanager@gmsnf.com,(904) 940-5850,3000,8000,40,,True,True
duval_the_goddard_school_of_jacksonville_southside_spartina,The Goddard School of Jacksonville (Southside / Spartina),Duval,Southside,30.22731,-81.57063,place_centroid,Estimated,,,Violet,Fancy_Schools,S,Fancy_Schools,Wallet S (top list),customer,02_ACCOUNTS.penetration,True,Christina Register,,(904) 821-0085,1500,3000,0,,False,True
duval_advanced_care_partners_jacksonville,"Advanced Care Partners, Jacksonville",Duval,Jacksonville,30.31935,-81.62415,county_centroid,Estimated,,,Recurring_Weekday,Regional_Subscription,S,Regional_Subscription,Wallet S (top list),customer,02_ACCOUNTS.penetration,False,Brittany Thomas,bthomas@advancedcarepartners.com,(904) 450-5309,2000,3000,0,,False,True
duval_ortega_gardens_alzheimer_s_special_care_center,Ortega Gardens Alzheimer's Special Care Center,Duval,Jacksonville,30.30282,-81.62108,county_centroid,Estimated,,,Recurring_Weekday,Regional_Subscription,S,Regional_Subscription,Wallet S (top list),customer,02_ACCOUNTS.penetration,False,Tracy Levanich,tracy.levanich@gardensmemorycare.com,(904) 701-7227,2000,3000,0,,False,True
duval_peaches_na_basket_adult_day_care_center_inc,"Peaches-Na-Basket Adult Day Care Center, Inc.",Duval,Jacksonville,30.34191,-81.6906,county_centroid,Estimated,,,Recurring_Weekday,Regional_Subscription,S,Regional_Subscription,Wallet S (top list),customer,02_ACCOUNTS.penetration,False,Dolores Flemming,peachesnabasket@gmail.com,(904) 766-4993,2000,3000,0,,False,True
st_johns_ponte_vedra_gardens_alzheimer_s_special_care_center,Ponte Vedra Gardens Alzheimer's Special Care Center,St. Johns,Ponte Vedra,30.23952,-81.3717,place_centroid,Estimated,,,Recurring_Weekday,Regional_Subscription,S,Regional_Subscription,Wallet S (top list),customer,02_ACCOUNTS.penetration,False,Dee Stanziano,dee.stanziano@gardensmemorycare.com,(904) 834-7578,2000,3000,0,,False,True
duval_san_jose_gardens_alzheimer_s_special_care_center,San Jose Gardens Alzheimer's Special Care Center,Duval,Jacksonville,30.3133,-81.68314,county_centroid,Estimated,,,Recurring_Weekday,Regional_Subscription,S,Regional_Subscription,Wallet S (top list),customer,02_ACCOUNTS.penetration,False,Christina Dutcher,christina.dutcher@gardensmemorycare.com,(904) 739-3500,2000,3000,0,,False,True
nassau_amelia_island_plantation_community_association_aipca,Amelia Island Plantation Community Association (AIPCA),Nassau,Fernandina Beach / Yulee,30.59695,-81.62805,county_centroid,Estimated,,,Fest_Events,Regional_Enterprise,S,Regional_Enterprise,Wallet S (top list),customer,02_ACCOUNTS.penetration,False,Katherine Bean,kbean@aipca.net,(904) 491-9850,3000,8000,0,,False,True
duval_fletcher_s_tender_care_llc,"Fletcher's Tender Care, LLC",Duval,Jacksonville,30.33092,-81.62881,county_centroid,Estimated,,,Existing,Existing,S,Charity_Army,Wallet S (top list),customer,02_ACCOUNTS.penetration,True,Ericka Cooks,info@fletcherstendercare.com,(904) 858-9797,850,1000,0,,False,True
st_johns_ivybrook_academy_valley_ridge,Ivybrook Academy Valley Ridge,St. Johns,St. Augustine / St. Johns,29.91071,-81.32455,county_centroid,Estimated,,,Violet,Fancy_Schools,S,Charity_Army,Wallet S (top list),customer,02_ACCOUNTS.penetration,False,Jennifer Ripkey,jennifer.ripkey@ivybrookacademy.com,(904) 227-3320,850,1000,0,,False,True
clay_chick_fil_a_fleming_island_eagle_harbor,Chick-fil-A Fleming Island – Eagle Harbor,Clay,Fleming Island,30.08686,-81.72595,place_centroid,Estimated,,,Existing,Existing,S,Corporate_Field,Wallet S (top list),customer,02_ACCOUNTS.penetration,False,Cary Arnold,,(904) 264-3644,1000,1500,0,,False,True
duval_dcc_lee_enterprises_mcdonald_s,DCC LEE Enterprises (McDonald's),Duval,Jacksonville,30.3584,-81.69123,county_centroid,Estimated,,,Existing,Existing,S,Corporate_Field,Wallet S (top list),customer,02_ACCOUNTS.penetration,False,David Mullins,comments@mcdjax.com,(904) 288-6750,1000,1500,0,,False,True
duval_csx_transportation,CSX Transportation,Duval,Jacksonville,30.342,-81.68467,county_centroid,Estimated,,,Fest_Events,Regional_Enterprise,S,Regional_Enterprise,Wallet S (top list),customer,02_ACCOUNTS.penetration,False,Leslie Higgins,,(904) 359-3100,3000,10000,0,,False,True
duval_cypress_village,Cypress Village,Duval,Jacksonville,30.35462,-81.66786,county_centroid,Estimated,,,Recurring_Weekday,Regional_Subscription,S,Regional_Subscription,Wallet S (top list),customer,02_ACCOUNTS.penetration,False,Carla Diaz,DiazCarla@cypressvillageretirement.com,(904) 507-6702,2000,3000,0,,False,True
duval_discovery_village_at_deerwood,Discovery Village at Deerwood,Duval,Jacksonville,30.2988,-81.65041,county_centroid,Estimated,,,Recurring_Weekday,Regional_Subscription,S,Regional_Subscription,Wallet S (top list),customer,02_ACCOUNTS.penetration,False,Felix,tfelix@discoveryvillages.com,(904) 667-3500,2000,3000,0,,False,True
duval_edward_waters_university,Edward Waters University,Duval,Jacksonville,30.34401,-81.62766,county_centroid,Estimated,,,Fest_Events,Regional_Enterprise,S,Regional_Enterprise,Wallet S (top list),customer,02_ACCOUNTS.penetration,False,Otha Nevels,o.nevels@ew.edu,(904) 470-8205,3000,8000,0,,False,True
duval_embry_riddle_aeronautical_university_worldwide,Embry-Riddle Aeronautical University Worldwide,Duval,Jacksonville,30.35622,-81.67752,county_centroid,Estimated,,,Fest_Events,Regional_Enterprise,S,Regional_Enterprise,Wallet S (top list),customer,02_ACCOUNTS.penetration,False,Kimberly Shaw,jacksonville@erau.edu,(904) 779-0240,3000,8000,0,,False,True
st_johns_flagler_college,Flagler College,St. Johns,St. Augustine / St. Johns,29.86347,-81.30325,county_centroid,Estimated,,,Fest_Events,Regional_Enterprise,S,Regional_Enterprise,Wallet S (top list),customer,02_ACCOUNTS.penetration,False,Tara Stevenson,TStevenson@flagler.edu,(904) 819-6238,3000,8000,0,,False,True
duval_harborchase_of_mandarin,HarborChase of Mandarin,Duval,Mandarin,30.14051,-81.63463,place_centroid,Estimated,,,Recurring_Weekday,Regional_Subscription,S,Regional_Subscription,Wallet S (top list),customer,02_ACCOUNTS.penetration,False,Manda Rindle,mandarindle@harborchase.com,(904) 580-7676,2000,3000,0,,False,True
duval_jacksonville_university,Jacksonville University,Duval,Jacksonville,30.33199,-81.62152,county_centroid,Estimated,,,Fest_Events,Regional_Enterprise,S,Regional_Enterprise,Wallet S (top list),customer,02_ACCOUNTS.penetration,False,Jesse James,jjames20@ju.edu,(904) 256-7201,3000,8000,0,,False,True
duval_liberty_landscape_supply,Liberty Landscape Supply,Duval,Jacksonville,30.32055,-81.6898,county_centroid,Estimated,,,Fest_Events,Regional_Enterprise,S,Regional_Enterprise,Wallet S (top list),customer,02_ACCOUNTS.penetration,False,Mike Zaffaroni,,(904) 733-7549,3000,10000,0,,False,True
clay_life_care_center_of_orange_park,Life Care Center of Orange Park,Clay,Orange Park,30.16733,-81.69792,place_centroid,Estimated,,,Recurring_Weekday,Regional_Subscription,S,Regional_Subscription,Wallet S (top list),customer,02_ACCOUNTS.penetration,False,Robin Dake,robin_dake@lcca.com,(904) 272-2424,2000,3000,0,,False,True
duval_ortega_gardens_memory_care,Ortega Gardens Memory Care,Duval,Jacksonville,30.30196,-81.68898,county_centroid,Estimated,,,Recurring_Weekday,Regional_Subscription,S,Regional_Subscription,Wallet S (top list),customer,02_ACCOUNTS.penetration,False,Tracy Levanich,tracy.levanich@gardensmemorycare.com,(904) 701-7227,2000,3000,0,,False,True
duval_palm_garden_of_jacksonville,Palm Garden of Jacksonville,Duval,Jacksonville,30.30017,-81.68913,county_centroid,Estimated,,,Recurring_Weekday,Regional_Subscription,S,Regional_Subscription,Wallet S (top list),lapsed,02_ACCOUNTS.penetration,False,Patrice Pusha,patrice.pusha@palmgarden.com,(904) 733-6954,2000,3000,0,,False,True
duval_san_jose_gardens_memory_care,San Jose Gardens Memory Care,Duval,Jacksonville,30.31113,-81.68149,county_centroid,Estimated,,,Recurring_Weekday,Regional_Subscription,S,Regional_Subscription,Wallet S (top list),customer,02_ACCOUNTS.penetration,False,Christina Dutcher,christina.dutcher@gardensmemorycare.com,(904) 739-3500,2000,3000,0,,False,True
duval_springfield_preservation_and_revitalization_council,Springfield Preservation and Revitalization Council,Duval,Jacksonville,30.33879,-81.67267,county_centroid,Estimated,,,Existing,Existing,S,Charity_Army,Wallet S (top list),customer,02_ACCOUNTS.penetration,False,Michael Haskins,michael.haskins@sparcouncil.org,(904) 353-7727,1000,1500,0,,False,True
duval_the_inn_at_cypress_village,The Inn at Cypress Village,Duval,Jacksonville,30.34207,-81.65582,county_centroid,Estimated,,,Recurring_Weekday,Regional_Subscription,S,Regional_Subscription,Wallet S (top list),customer,02_ACCOUNTS.penetration,False,Carla Diaz,diazcarla@cypressvillageretirement.com,(904) 807-6149,2000,3000,0,,False,True
duval_the_windsor_at_ortega,The Windsor at Ortega,Duval,Jacksonville,30.31299,-81.69023,county_centroid,Estimated,,,Recurring_Weekday,Regional_Subscription,S,Regional_Subscription,Wallet S (top list),customer,02_ACCOUNTS.penetration,False,Deandre Stringer,deandre.stringer@legendseniorliving.com,(904) 353-9500,2000,3000,0,,False,True
st_johns_university_of_st_augustine_for_health_sciences,University of St. Augustine for Health Sciences,St. Johns,St. Augustine,29.89347,-81.31967,place_centroid,Estimated,,,Fest_Events,Regional_Enterprise,S,Regional_Enterprise,Wallet S (top list),customer,02_ACCOUNTS.penetration,False,Jessica Murphy,jmurphy1@usa.edu,(904) 826-0084,3000,8000,0,,False,True
duval_wyndham_lakes_jacksonville,Wyndham Lakes Jacksonville,Duval,Jacksonville,30.33258,-81.62329,county_centroid,Estimated,,,Recurring_Weekday,Regional_Subscription,S,Regional_Subscription,Wallet S (top list),lapsed,02_ACCOUNTS.penetration,False,Libby Leroy,ad.wyndhamlakes@pacificaseniorliving.com,(904) 262-4600,2000,3000,0,,False,True
duval_atlantic_beach_country_club,Atlantic Beach Country Club,Duval,Atlantic Beach,30.33958,-81.38085,place_centroid,Estimated,,,Fest_Events,Golf,S,Regional_Enterprise,Wallet S (top list),prospect,02_ACCOUNTS.penetration,False,Laura Hazelwood,laura@atlanticbeachcountryclub.com,(904) 372-2223,1500,3000,0,,False,True
duval_queen_s_harbour_yacht_country_club_invited,Queen's Harbour Yacht & Country Club (Invited),Duval,Jacksonville,30.3419,-81.62772,county_centroid,Estimated,Invited,national,Fest_Events,Golf,S,Regional_Enterprise,Wallet S (top list),prospect,02_ACCOUNTS.penetration,False,Amy Beman,Amy.Beman@invitedclubs.com,(904) 220-2118,1500,3000,0,,True,True
duval_keiser_university_jacksonville,Keiser University Jacksonville,Duval,Jacksonville,30.30551,-81.63242,county_centroid,Estimated,,,Fest_Events,Regional_Enterprise,S,Regional_Enterprise,Wallet S (top list),customer,02_ACCOUNTS.penetration,False,,admissionsinfojax@keiseruniversity.edu,(904) 296-3440,3000,8000,0,,False,True
duval_the_aston_at_town_center_greystar,The Aston at Town Center (Greystar),Duval,Jacksonville,30.29894,-81.66278,county_centroid,Estimated,Greystar,national,Fest_Events,Luxury_Apt,S,Regional_Enterprise,Wallet S (top list),prospect,02_ACCOUNTS.penetration,False,Brenda Sherrill,,(904) 932-0514,1500,3000,7,,True,True
duval_florida_state_college_at_jacksonville,Florida State College at Jacksonville,Duval,Jacksonville,30.35521,-81.63261,county_centroid,Estimated,,,Fest_Events,Regional_Enterprise,S,Regional_Enterprise,Wallet S (top list),customer,02_ACCOUNTS.penetration,False,Angela Davis,angela.davis@fscj.edu,(904) 381-3674,3000,8000,0,,False,True
duval_university_of_north_florida,University of North Florida,Duval,Jacksonville,30.32559,-81.63946,county_centroid,Estimated,,,Fest_Events,Regional_Enterprise,S,Regional_Enterprise,Wallet S (top list),customer,02_ACCOUNTS.penetration,False,AJ Felix,a.j.felix@unf.edu,(904) 620-1077,3000,8000,0,,False,True
flagler_grand_haven_cdd_vesta,Grand Haven CDD (Vesta),Flagler,Grand Haven,29.47642,-81.24051,place_centroid,Estimated,Vesta,regional,Fest_Events,Regional_Enterprise,S,Regional_Enterprise,Wallet S (top list),customer,bdr_tam_dialer.is_customer,False,John Lucansky,jlucansky@vestapropertyservices.com,(386) 447-0192,2500,5000,26,account-vesta.html,True,True
duval_publix_super_markets,Publix Super Markets,Duval,Jacksonville,30.29677,-81.63757,county_centroid,Estimated,,,Existing,Existing,S,Corporate_Field,Wallet S (top list),customer,02_ACCOUNTS.penetration,False,Joshua Gibson,joshua.gibson@publix.com,904-781-8600 x37910,1000,1500,0,,False,True
st_johns_aberdeen_cdd,Aberdeen CDD,St. Johns,St. Augustine / St. Johns,29.86684,-81.29836,county_centroid,Estimated,FirstService Residential,national,Fest_Events,Regional_Enterprise,S,Regional_Enterprise,Wallet S (top list),prospect,02_ACCOUNTS.penetration,False,Kate Trivelpiece,kate.trivelpiece@fsresidential.com,(904) 217-0925,3000,8000,2,,True,True
nassau_east_nassau_stewardship_district_wildlight,East Nassau Stewardship District (Wildlight),Nassau,Fernandina Beach / Yulee,30.58848,-81.61486,county_centroid,Estimated,,,Fest_Events,Regional_Enterprise,S,Regional_Enterprise,Wallet S (top list),prospect,02_ACCOUNTS.penetration,True,Wes Hinton,wes.hinton@wildlight.com,(904) 478-9302,3000,8000,0,,False,True
st_johns_meadow_view_at_twin_creeks_cdd_beacon_lake_rms,Meadow View at Twin Creeks CDD / Beacon Lake (RMS),St. Johns,St. Augustine / St. Johns,29.89134,-81.27976,county_centroid,Estimated,,,Fest_Events,Regional_Enterprise,S,Regional_Enterprise,Wallet S (top list),prospect,02_ACCOUNTS.penetration,False,Jennifer Erickson,beaconmanager@rmsnf.com,(904) 217-3052,3000,8000,0,,True,True
clay_oakleaf_plantation,Oakleaf Plantation,Clay,Green Cove Springs / Fleming Island,29.97356,-81.76359,county_centroid,Estimated,,,Fest_Events,Regional_Enterprise,S,Regional_Enterprise,Wallet S (top list),prospect,02_ACCOUNTS.penetration,False,Susan Raab,aquatics@oakleafresidents.com,(904) 579-4343,3000,8000,0,,False,True
st_johns_shearwater_freehold_trout_creek_cdd,Shearwater (Freehold / Trout Creek CDD),St. Johns,Shearwater / Trout Creek,30.03705,-81.52837,place_centroid,Estimated,,,Fest_Events,Regional_Enterprise,S,Regional_Enterprise,Wallet S (top list),prospect,02_ACCOUNTS.penetration,False,Demetric Arnold,howard@cddmanagers.com,(904) 342-3739,3000,8000,0,,True,True
st_johns_turnbull_creek_cdd_murabella,Turnbull Creek CDD (Murabella),St. Johns,St. Augustine / St. Johns,29.9257,-81.3244,county_centroid,Estimated,,,Fest_Events,Regional_Enterprise,S,Regional_Enterprise,Wallet S (top list),prospect,02_ACCOUNTS.penetration,False,Erick Hutchinson,murabellamanager@rmsnf.com,(904) 940-1157,3000,8000,0,,True,True
clay_palagio_senior_living,Palagio Senior Living,Clay,Green Cove Springs / Fleming Island,29.97486,-81.7717,county_centroid,Estimated,,,Recurring_Weekday,Regional_Subscription,S,Regional_Subscription,Wallet S (top list),customer,02_ACCOUNTS.penetration,False,,lifeenrichmentdirector@palagioseniorliving.com,(904) 639-4700,2000,3000,0,,False,True
clay_eagle_landing_at_oakleaf_plantation_troon,Eagle Landing at Oakleaf Plantation (Troon),Clay,Green Cove Springs / Fleming Island,29.97756,-81.77446,county_centroid,Estimated,Troon,national,Fest_Events,Golf,S,Regional_Enterprise,Wallet S (top list),prospect,02_ACCOUNTS.penetration,False,Sean Biggs,,(904) 291-3535,1500,3000,1,,True,True
duval_greystar_jacksonville_region,Greystar (Jacksonville region),Duval,Jacksonville,30.32428,-81.66304,county_centroid,Estimated,Greystar,national,Fest_Events,Luxury_Apt,S,Regional_Enterprise,Wallet S (top list),prospect,02_ACCOUNTS.penetration,False,Melissa Burnett,,(407) 377-0600,1500,3000,7,,True,True
duval_windsor_parke_golf_club,Windsor Parke Golf Club,Duval,Jacksonville,30.32701,-81.64998,county_centroid,Estimated,,,Fest_Events,Golf,S,Regional_Enterprise,Wallet S (top list),prospect,02_ACCOUNTS.penetration,False,Andrew Minnis,,(904) 223-4653,1500,3000,0,,False,True
st_johns_nocatee_welcome_center_the_parc_group,Nocatee Welcome Center (The PARC Group),St. Johns,Nocatee,30.1018,-81.42218,place_centroid,Estimated,,,Fest_Events,Regional_Enterprise,S,Regional_Enterprise,Wallet S (top list),prospect,02_ACCOUNTS.penetration,False,Donna Lundgren,welcomecenter@nocatee.com,(904) 924-6863,3000,8000,0,,False,True
st_johns_palencia_fitness_center_vesta,Palencia Fitness Center (Vesta),St. Johns,Palencia,29.97277,-81.39587,place_centroid,Estimated,Vesta,regional,Fest_Events,Regional_Enterprise,S,Regional_Enterprise,Wallet S (top list),prospect,06_VESTA_CLUSTER.penetration,False,Cheryl Blythe,cblythe@vestapropertyservices.com,(904) 829-8584,2500,6000,26,account-vesta.html,True,True
st_johns_vesta_district_services_fip_palencia_parkland_preserve,Vesta District Services (FIP / Palencia / Parkland Preserve),St. Johns,Palencia,29.95385,-81.39554,place_centroid,Estimated,Vesta,regional,Fest_Events,Regional_Enterprise,S,Regional_Enterprise,Wallet S (top list),prospect,06_VESTA_CLUSTER.penetration,False,David McInnes,dmcinnes@vestapropertyservices.com,(321) 263-0132,2500,6000,26,account-vesta.html,True,True
clay_cross_creek_north_cdd_amenity_vesta,Cross Creek North CDD amenity (Vesta),Clay,Green Cove Springs / Fleming Island,29.97244,-81.76326,county_centroid,Estimated,Vesta,regional,Fest_Events,Regional_Enterprise,S,Regional_Enterprise,Wallet S (top list),prospect,06_VESTA_CLUSTER.penetration,False,Mark Insel,minsel@vestapropertyservices.com,(904) 408-7716,2500,6000,26,account-vesta.html,True,True
st_johns_grand_cypress_apartments_greystar,Grand Cypress Apartments (Greystar),St. Johns,St. Augustine / St. Johns,29.86836,-81.29744,county_centroid,Estimated,Greystar,national,Fest_Events,Luxury_Apt,S,Regional_Enterprise,Wallet S (top list),prospect,02_ACCOUNTS.penetration,False,,grandcypress@greystar.com,(904) 822-9164,1500,3000,7,,True,True
duval_rise_at_glen_kernan_park_greystar_rise,RISE at Glen Kernan Park (Greystar / RISE),Duval,Jacksonville,30.36942,-81.67754,county_centroid,Estimated,Greystar,national,Fest_Events,Luxury_Apt,S,Regional_Enterprise,Wallet S (top list),prospect,02_ACCOUNTS.penetration,False,,risegkp@greystar.com,(904) 372-8025,1500,3000,7,,True,True
clay_the_grove_at_orange_park_country_club,The Grove at Orange Park Country Club,Clay,Orange Park,30.17464,-81.71281,place_centroid,Estimated,,,Fest_Events,Golf,S,Regional_Enterprise,Wallet S (top list),prospect,02_ACCOUNTS.penetration,False,,events@letsgrove.com,(904) 784-7683,1500,3000,0,,False,True
st_johns_aspire_at_silverleaf_greystar,Aspire at Silverleaf (Greystar),St. Johns,St. Augustine / St. Johns,29.8782,-81.30695,county_centroid,Estimated,Greystar,national,Fest_Events,Luxury_Apt,S,Regional_Enterprise,Wallet S (top list),prospect,02_ACCOUNTS.penetration,False,Sherry Naydeck,sherry.naydeck@greystar.com,(904) 822-8245,1500,3000,7,,True,True
st_johns_gms_north_florida,GMS North Florida,St. Johns,St. Augustine / St. Johns,29.86223,-81.29869,county_centroid,Estimated,GMS,regional,Fest_Events,Regional_Enterprise,S,Regional_Enterprise,Wallet S (top list),prospect,02_ACCOUNTS.penetration,False,Marilee Giles,mgiles@gmsnf.com,(904) 940-5850,3000,8000,40,,True,True
duval_rosecastle_at_deerwood,Rosecastle at Deerwood,Duval,Jacksonville,30.3648,-81.63455,county_centroid,Estimated,,,Recurring_Weekday,Regional_Subscription,S,Regional_Subscription,Wallet S (top list),customer,02_ACCOUNTS.penetration,False,,,(904) 513-6990,2000,3000,0,,False,True
st_johns_bridgewater_north_hoa_sovereign_jacobs,Bridgewater North HOA (Sovereign-Jacobs),St. Johns,St. Augustine / St. Johns,29.90437,-81.33054,county_centroid,Estimated,First Coast CMS,regional,Fest_Events,Regional_Enterprise,S,Regional_Enterprise,Wallet S (top list),prospect,02_ACCOUNTS.penetration,False,Mary Olsen,molsen@sjhoa.com,(904) 461-5556,3000,8000,11,account-first-coast.html,True,True
st_johns_first_coast_cms,First Coast CMS,St. Johns,St. Augustine / St. Johns,29.90191,-81.29809,county_centroid,Estimated,First Coast CMS,regional,Fest_Events,Regional_Enterprise,S,Regional_Enterprise,Wallet S (top list),prospect,02_ACCOUNTS.penetration,False,Tony Shiver,service@firstcoastcms.com,(904) 537-9034,3000,8000,11,account-first-coast.html,True,True
st_johns_the_goddard_school_of_saint_johns_julington_creek,The Goddard School of Saint Johns — Julington Creek,St. Johns,Julington Creek,30.06992,-81.55924,place_centroid,Estimated,,,Violet,Fancy_Schools,S,Fancy_Schools,Wallet S (top list),customer,bdr_tam_dialer.is_customer,True,Niral Patel,niralnpatel1618@gmail.com,(904) 230-2002,1500,3000,0,,False,True
st_johns_the_goddard_school_of_st_augustine_county_road_210,The Goddard School of St. Augustine — County Road 210,St. Johns,St. Augustine,29.90548,-81.30882,place_centroid,Estimated,,,Violet,Fancy_Schools,S,Fancy_Schools,Wallet S (top list),prospect,02_ACCOUNTS.penetration,True,Sam Palli,realsampalli@gmail.com,(904) 441-1188,1500,3000,0,,False,True
duval_360_communities_at_avenues_walk,360 Communities at Avenues Walk,Duval,Jacksonville,30.2989,-81.65338,county_centroid,Estimated,,,Fest_Events,Luxury_Apt,S,Regional_Enterprise,Wallet S (top list),prospect,02_ACCOUNTS.penetration,False,,,(904) 921-2346,1500,3000,0,,False,True
duval_360_communities_at_crossroads,360 Communities at Crossroads,Duval,Jacksonville,30.29782,-81.65653,county_centroid,Estimated,,,Fest_Events,Luxury_Apt,S,Regional_Enterprise,Wallet S (top list),prospect,02_ACCOUNTS.penetration,False,,,(904) 431-0746,1500,3000,0,,False,True
st_johns_360_communities_at_shearwater,360 Communities at Shearwater,St. Johns,Shearwater / Trout Creek,30.04769,-81.5238,place_centroid,Estimated,,,Fest_Events,Luxury_Apt,S,Regional_Enterprise,Wallet S (top list),prospect,02_ACCOUNTS.penetration,False,,,(904) 842-3258,1500,3000,0,,False,True
duval_antlers_apartment_homes,Antlers Apartment Homes,Duval,Jacksonville,30.35123,-81.6485,county_centroid,Estimated,,,Fest_Events,Luxury_Apt,S,Regional_Enterprise,Wallet S (top list),prospect,02_ACCOUNTS.penetration,False,,,(904) 373-7244,1500,3000,0,,False,True
duval_avana_bartram_springs,Avana Bartram Springs,Duval,Bartram,30.14256,-81.54589,place_centroid,Estimated,,,Fest_Events,Luxury_Apt,S,Regional_Enterprise,Wallet S (top list),prospect,02_ACCOUNTS.penetration,True,,,(904) 344-5754,1500,3000,0,,False,True
duval_hidden_hills_golf_club,Hidden Hills Golf Club,Duval,Jacksonville,30.33266,-81.68854,county_centroid,Estimated,,,Fest_Events,Golf,S,Regional_Enterprise,Wallet S (top list),prospect,02_ACCOUNTS.penetration,False,,,(904) 641-8121,1500,3000,0,,False,True
st_johns_lago_st_augustine_apartments,Lago St. Augustine Apartments,St. Johns,St. Augustine,29.90613,-81.31201,place_centroid,Estimated,,,Fest_Events,Luxury_Apt,S,Regional_Enterprise,Wallet S (top list),prospect,02_ACCOUNTS.penetration,False,,,(904) 877-4621,1500,3000,0,,False,True
duval_levi_at_river_city_air_communities,Levi at River City (AIR Communities),Duval,Jacksonville,30.29589,-81.66882,county_centroid,Estimated,AIR Communities,national,Fest_Events,Luxury_Apt,S,Regional_Enterprise,Wallet S (top list),prospect,02_ACCOUNTS.penetration,False,,,(904) 915-3943,1500,3000,1,,True,True
duval_links_at_windsor_parke,Links at Windsor Parke,Duval,Jacksonville,30.30823,-81.64487,county_centroid,Estimated,,,Fest_Events,Luxury_Apt,S,Regional_Enterprise,Wallet S (top list),prospect,02_ACCOUNTS.penetration,False,,,(904) 977-5096,1500,3000,0,,False,True
st_johns_palacio_apartments,Palacio Apartments,St. Johns,St. Augustine / St. Johns,29.88172,-81.34785,county_centroid,Estimated,,,Fest_Events,Luxury_Apt,S,Regional_Enterprise,Wallet S (top list),prospect,02_ACCOUNTS.penetration,False,,,(904) 297-2476,1500,3000,0,,False,True
duval_river_house_jacksonville,River House Jacksonville,Duval,Jacksonville,30.33703,-81.62356,county_centroid,Estimated,,,Fest_Events,Luxury_Apt,S,Regional_Enterprise,Wallet S (top list),prospect,02_ACCOUNTS.penetration,False,,,(904) 717-5770,1500,3000,0,,False,True
duval_sands_on_beach_apartments,Sands on Beach Apartments,Duval,Jacksonville,30.32539,-81.6842,county_centroid,Estimated,,,Fest_Events,Luxury_Apt,S,Regional_Enterprise,Wallet S (top list),prospect,02_ACCOUNTS.penetration,False,,,(904) 937-0280,1500,3000,0,,False,True
duval_sur_southside_quarter_greystar,SUR Southside Quarter (Greystar),Duval,Southside,30.24791,-81.58753,place_centroid,Estimated,Greystar,national,Fest_Events,Luxury_Apt,S,Regional_Enterprise,Wallet S (top list),prospect,02_ACCOUNTS.penetration,False,,,(904) 875-8274,1500,3000,7,,True,True
duval_the_edge_at_town_center,The Edge at Town Center,Duval,Jacksonville,30.3597,-81.6237,county_centroid,Estimated,,,Fest_Events,Luxury_Apt,S,Regional_Enterprise,Wallet S (top list),prospect,02_ACCOUNTS.penetration,False,,,(904) 914-3145,1500,3000,0,,False,True
duval_the_enclave_at_atlantic_gables_residential,The Enclave at Atlantic (Gables Residential),Duval,Jacksonville,30.32491,-81.67906,county_centroid,Estimated,Gables Residential,national,Fest_Events,Luxury_Apt,S,Regional_Enterprise,Wallet S (top list),prospect,02_ACCOUNTS.penetration,False,,,(904) 720-4119,1500,3000,0,,True,True
duval_the_uptown_at_st_johns,The Uptown at St. Johns,Duval,Jacksonville,30.32054,-81.67184,county_centroid,Estimated,,,Fest_Events,Luxury_Apt,S,Regional_Enterprise,Wallet S (top list),prospect,02_ACCOUNTS.penetration,False,,,(904) 877-4824,1500,3000,0,,False,True
st_johns_velara_luxury_apartments,Velara Luxury Apartments,St. Johns,St. Augustine / St. Johns,29.88434,-81.30009,county_centroid,Estimated,,,Fest_Events,Luxury_Apt,S,Regional_Enterprise,Wallet S (top list),prospect,02_ACCOUNTS.penetration,False,,,(904) 231-9333,1500,3000,0,,False,True
st_johns_sawgrass_country_club,Sawgrass Country Club,St. Johns,St. Augustine / St. Johns,29.8595,-81.31191,county_centroid,Estimated,,,Fest_Events,Golf,S,Regional_Enterprise,Wallet S (top list),customer,bdr_tam_dialer.is_customer,False,Molly Alleger,,(904) 273-3748,1500,3000,0,,False,True
duval_assumption_catholic,Assumption Catholic,Duval,Jacksonville,30.31511,-81.63999,county_centroid,Estimated,,,Violet,Charity,S,Charity_Army,Wallet S (top list),prospect,02_ACCOUNTS.penetration,False,Assumption Catholic,assumption@assumptioncatholicchurch.org,(904) 398-1963,749,1000,0,,False,True
duval_christ_the_king_catholic_church,Christ the King Catholic Church,Duval,Jacksonville,30.34288,-81.68559,county_centroid,Estimated,,,Violet,Charity,S,Charity_Army,Wallet S (top list),prospect,02_ACCOUNTS.penetration,False,Claudia Danger,cdanger@ctkcatholic.com,(904) 724-0080,749,1000,0,,False,True
st_johns_first_baptist_church_jacksonville_nocatee_campus,First Baptist Church Jacksonville - Nocatee Campus,St. Johns,Nocatee,30.10478,-81.42881,place_centroid,Estimated,,,Violet,Charity,S,Charity_Army,Wallet S (top list),prospect,02_ACCOUNTS.penetration,False,Jess Cunningham,downtown@fbcjax.com,(904) 356-6077,749,1000,0,,False,True
st_johns_fruit_cove_baptist_church,Fruit Cove Baptist Church,St. Johns,St. Augustine / St. Johns,29.92893,-81.31194,county_centroid,Estimated,,,Violet,Charity,S,Charity_Army,Wallet S (top list),prospect,02_ACCOUNTS.penetration,False,Bryan Barrineau,info@fruitcove.com,(904) 287-0996,749,1000,0,,False,True
duval_mary_queen_of_heaven_catholic_church,"Mary, Queen of Heaven Catholic Church",Duval,Jacksonville,30.31532,-81.64875,county_centroid,Estimated,,,Violet,Charity,S,Charity_Army,Wallet S (top list),prospect,02_ACCOUNTS.penetration,False,Rudie Perry,maryqueenyouth@gmail.com,(904) 777-3168,749,1000,0,,False,True
duval_prince_of_peace_catholic_church,Prince of Peace Catholic Church,Duval,Jacksonville,30.32991,-81.64124,county_centroid,Estimated,,,Violet,Charity,S,Charity_Army,Wallet S (top list),prospect,02_ACCOUNTS.penetration,False,Terrie Curtis,popofficemanager@yahoo.com,(904) 733-6860,749,1000,0,,False,True
st_johns_san_juan_del_rio_catholic_church,San Juan del Rio Catholic Church,St. Johns,St. Augustine / St. Johns,29.87926,-81.35181,county_centroid,Estimated,,,Violet,Charity,S,Charity_Army,Wallet S (top list),prospect,02_ACCOUNTS.penetration,False,Monina Mulleague,monina@sjdrparish.org,(904) 287-0519,749,1000,0,,False,True
clay_st_catherine_of_siena_catholic_church,St. Catherine of Siena Catholic Church,Clay,Green Cove Springs / Fleming Island,30.01999,-81.76002,county_centroid,Estimated,,,Violet,Charity,S,Charity_Army,Wallet S (top list),prospect,02_ACCOUNTS.penetration,False,Amy Corrales,religioused@stcatherineop.com,(904) 264-0577,749,1000,0,,False,True
duval_st_matthew_catholic_church,St. Matthew Catholic Church,Duval,Jacksonville,30.34514,-81.638,county_centroid,Estimated,,,Violet,Charity,S,Charity_Army,Wallet S (top list),prospect,02_ACCOUNTS.penetration,False,Ryan Neill,ryan@stmatthewsjax.com,(904) 388-8698,749,1000,0,,False,True
nassau_st_michael_catholic_church,St. Michael Catholic Church,Nassau,Fernandina Beach / Yulee,30.63734,-81.61768,county_centroid,Estimated,,,Violet,Charity,S,Charity_Army,Wallet S (top list),prospect,02_ACCOUNTS.penetration,False,Abbie Johnson,youth@stmichaelscatholic.com,(904) 261-3472,749,1000,0,,False,True
nassau_st_michael_s_parish_fernandina,St. Michael's Parish Fernandina,Nassau,Fernandina Beach,30.66239,-81.45131,place_centroid,Estimated,,,Violet,Charity,S,Charity_Army,Wallet S (top list),prospect,02_ACCOUNTS.penetration,True,Abbie Johnson,srrosepaul@stmichaelscatholic.com,(904) 261-3472,749,1000,0,,False,True
duval_st_paul_catholic_church_riverside,St. Paul Catholic Church (Riverside),Duval,Riverside,30.29576,-81.67972,place_centroid,Estimated,,,Violet,Charity,S,Charity_Army,Wallet S (top list),prospect,02_ACCOUNTS.penetration,False,Onie Lee,onie.lee@spsjax.org,(904) 387-2554,749,1000,0,,False,True
clay_the_crossings_at_fleming_island_cdd_eagle_harbor,The Crossings at Fleming Island CDD (Eagle Harbor),Clay,Fleming Island,30.08216,-81.7224,place_centroid,Estimated,,,Fest_Events,Regional_Enterprise,S,Regional_Enterprise,Wallet S (top list),prospect,02_ACCOUNTS.penetration,False,Steve Andersen,sandersen@eagleharborcdd.com,(904) 509-6445,3000,8000,0,,True,True
duval_learning_ladders_preschool_mandarin_united_methodist,Learning Ladders Preschool (Mandarin United Methodist),Duval,Mandarin,30.14569,-81.63668,place_centroid,Estimated,,,Violet,Charity,S,Charity_Army,Wallet S (top list),prospect,02_ACCOUNTS.penetration,False,Cindy Kirby,director@learningladderspreschool.com,(904) 292-1126,850,1000,0,,False,True
duval_the_discovery_school,The Discovery School,Duval,Jacksonville,30.32401,-81.64205,county_centroid,Estimated,,,Violet,Charity,S,Charity_Army,Wallet S (top list),prospect,02_ACCOUNTS.penetration,False,Meghan Devlin,admissions@thediscoveryschool.org,(904) 247-4577,850,1000,0,,False,True
duval_the_discovery_tree_academy_oakleaf,The Discovery Tree Academy (Oakleaf),Duval,Jacksonville,30.36079,-81.61933,county_centroid,Estimated,,,Violet,Charity,S,Charity_Army,Wallet S (top list),prospect,02_ACCOUNTS.penetration,False,Jennifer Freeman,info@thediscoverytreeacademy.com,(904) 650-3495,850,1000,0,account-trees.html,False,True
st_johns_the_learning_experience_st_johns,The Learning Experience — St. Johns,St. Johns,St. Augustine / St. Johns,29.88294,-81.33363,county_centroid,Estimated,,,Violet,Charity,S,Charity_Army,Wallet S (top list),prospect,02_ACCOUNTS.penetration,False,Ashley,stjohns@tlechildcare.com,(904) 342-2458,850,1000,0,,False,True
duval_the_goddard_school_of_jacksonville_baymeadows_gate_parkway_etown,The Goddard School of Jacksonville — Baymeadows/Gate Parkway (eTown),Duval,Southside,30.24755,-81.56904,place_centroid,Estimated,,,Violet,Fancy_Schools,S,Fancy_Schools,Wallet S (top list),prospect,02_ACCOUNTS.penetration,False,Liz Scott,,(904) 648-9900,1500,3000,0,,False,True
clay_the_goddard_school_of_orange_park_oakleaf,The Goddard School of Orange Park (OakLeaf),Clay,Orange Park,30.15995,-81.71852,place_centroid,Estimated,,,Violet,Fancy_Schools,S,Fancy_Schools,Wallet S (top list),prospect,02_ACCOUNTS.penetration,True,Valerie Grayson,,(904) 291-9991,1500,3000,0,,False,True
st_johns_the_goddard_school_of_ponte_vedra_beach,The Goddard School of Ponte Vedra Beach,St. Johns,Ponte Vedra,30.23624,-81.37446,place_centroid,Estimated,,,Violet,Fancy_Schools,S,Fancy_Schools,Wallet S (top list),prospect,02_ACCOUNTS.penetration,True,Liz Scott,,(904) 373-6600,1500,3000,0,,False,True
st_johns_the_goddard_school_of_ponte_vedra_nocatee,The Goddard School of Ponte Vedra — Nocatee,St. Johns,Ponte Vedra,30.25095,-81.40339,place_centroid,Estimated,,,Violet,Fancy_Schools,S,Fancy_Schools,Wallet S (top list),prospect,02_ACCOUNTS.penetration,True,Liz Scott,,(904) 709-4740,1500,3000,0,,False,True
st_johns_the_goddard_school_of_silverleaf_coming_soon,The Goddard School of Silverleaf (coming soon),St. Johns,St. Augustine / St. Johns,29.91453,-81.28242,county_centroid,Estimated,,,Violet,Fancy_Schools,S,Fancy_Schools,Wallet S (top list),prospect,02_ACCOUNTS.penetration,True,Colton Weaver,,(904) 522-9055,1500,3000,0,,False,True
st_johns_entrada_hoa_vesta_property_services,Entrada HOA (Vesta Property Services),St. Johns,St. Augustine / St. Johns,29.87101,-81.28332,county_centroid,Estimated,Vesta,regional,Fest_Events,Regional_Enterprise,S,Regional_Enterprise,Wallet S (top list),prospect,06_VESTA_CLUSTER.penetration,False,Joe O'Lear,Jolear@vestapropertyservices.com,(904) 747-0181,2500,6000,26,account-vesta.html,True,True
camden_the_club_at_osprey_cove_brahm,The Club at Osprey Cove (Brahm),Camden,Kingsland / St. Marys GA,30.94604,-81.51461,county_centroid,Estimated,Brahm,local,Fest_Events,Golf,S,Regional_Enterprise,Wallet S (top list),prospect,02_ACCOUNTS.penetration,False,,contact@brahmcorp.com,(912) 882-5575,1500,3000,0,,True,True
st_johns_fruit_cove_baptist_church_weekday_preschool,Fruit Cove Baptist Church Weekday Preschool,St. Johns,St. Augustine / St. Johns,29.90445,-81.28906,county_centroid,Estimated,,,Violet,Charity,S,Charity_Army,Wallet S (top list),prospect,02_ACCOUNTS.penetration,False,Karin Woodley,,(904) 287-0996,749,1000,0,,False,True
st_johns_st_vincent_de_paul_san_juan_del_rio_catholic_church,St. Vincent de Paul / San Juan Del Rio Catholic Church,St. Johns,St. Augustine / St. Johns,29.91665,-81.31422,county_centroid,Estimated,,,Violet,Charity,S,Charity_Army,Wallet S (top list),prospect,02_ACCOUNTS.penetration,False,Monina Mulleague,,(904) 287-0519,749,1000,0,,False,True
duval_a_child_s_place_montessori_school,A Child's Place Montessori School,Duval,Jacksonville,30.31109,-81.65247,county_centroid,Estimated,,,Violet,Fancy_Schools,S,Charity_Army,Wallet S (top list),prospect,02_ACCOUNTS.penetration,False,Geoff Selhorst,,(904) 733-5797,850,1000,0,,False,True
clay_kiddie_academy_of_fleming_island,Kiddie Academy of Fleming Island,Clay,Fleming Island,30.07805,-81.71005,place_centroid,Estimated,,,Violet,Fancy_Schools,S,Charity_Army,Wallet S (top list),prospect,02_ACCOUNTS.penetration,False,Mauricio Azevedo Fracon,,(904) 592-9009,850,1000,0,,False,True
st_johns_kiddie_academy_of_st_johns,Kiddie Academy of St. Johns,St. Johns,St. Augustine / St. Johns,29.88594,-81.33144,county_centroid,Estimated,,,Violet,Fancy_Schools,S,Charity_Army,Wallet S (top list),prospect,02_ACCOUNTS.penetration,False,LeAnna Palluch,,(904) 647-9186,850,1000,0,,False,True
duval_la_petite_academy_on_st_johns_bluff_rd,La Petite Academy on St Johns Bluff Rd,Duval,World Golf Village,29.94881,-81.42584,place_centroid,Estimated,,,Violet,Charity,S,Charity_Army,Wallet S (top list),prospect,02_ACCOUNTS.penetration,False,Macy Hatter,,(904) 642-3224,850,1000,0,,False,True
duval_o2b_kids_mandarin,O2B Kids Mandarin,Duval,Mandarin,30.15032,-81.63645,place_centroid,Estimated,,,Violet,Charity,S,Charity_Army,Wallet S (top list),prospect,02_ACCOUNTS.penetration,False,Alana,,(904) 644-7162,850,1000,0,,False,True
st_johns_o2b_kids_village_north,O2B Kids Village North,St. Johns,St. Augustine / St. Johns,29.89097,-81.31544,county_centroid,Estimated,,,Violet,Charity,S,Charity_Army,Wallet S (top list),prospect,02_ACCOUNTS.penetration,False,Christie,,(904) 824-7997,850,1000,0,,False,True
st_johns_o2b_kids_village_south,O2B Kids Village South,St. Johns,St. Augustine / St. Johns,29.85892,-81.31362,county_centroid,Estimated,,,Violet,Charity,S,Charity_Army,Wallet S (top list),prospect,02_ACCOUNTS.penetration,False,Brittany,,(904) 797-5909,850,1000,0,,False,True
duval_praise_is_what_we_do_early_learning_christian_academy,Praise is What We Do Early Learning Christian Academy,Duval,Jacksonville,30.32248,-81.62448,county_centroid,Estimated,,,Violet,Charity,S,Charity_Army,Wallet S (top list),prospect,02_ACCOUNTS.penetration,False,Kimberly Wilson,,(904) 765-1830,850,1000,0,,False,True
duval_the_bolles_school,The Bolles School,Duval,Jacksonville,30.36514,-81.65036,county_centroid,Estimated,,,Violet,Fancy_Schools,S,Charity_Army,Wallet S (top list),prospect,02_ACCOUNTS.penetration,False,Sandy Catanese,,(904) 256-5016,850,1000,0,,False,True
nassau_amelia_concourse_cdd,Amelia Concourse CDD,Nassau,Fernandina Beach / Yulee,30.5813,-81.68904,county_centroid,Estimated,GMS,regional,Fest_Events,Regional_Enterprise,S,Regional_Enterprise,Wallet S (top list),prospect,02_ACCOUNTS.penetration,False,Daniel Laughlin,dlaughlin@gmsnf.com,(904) 940-5850,3000,8000,40,,True,True
clay_anabelle_island_cdd,Anabelle Island CDD,Clay,Green Cove Springs / Fleming Island,29.98322,-81.76988,county_centroid,Estimated,GMS,regional,Fest_Events,Regional_Enterprise,S,Regional_Enterprise,Wallet S (top list),prospect,02_ACCOUNTS.penetration,False,Marilee Giles,mgiles@gmsnf.com,(904) 940-5850,3000,8000,40,,True,True
duval_bainebridge_cdd,Bainebridge CDD,Duval,Jacksonville,30.32699,-81.65145,county_centroid,Estimated,First Coast CMS,regional,Fest_Events,Regional_Enterprise,S,Regional_Enterprise,Wallet S (top list),prospect,02_ACCOUNTS.penetration,False,Benjamin Pfuhl,bpfuhl@rizzetta.com,(904) 436-6270,3000,8000,11,account-first-coast.html,True,True
duval_bartram_park_cdd,Bartram Park CDD,Duval,Bartram,30.14776,-81.53588,place_centroid,Estimated,GMS,regional,Fest_Events,Regional_Enterprise,S,Regional_Enterprise,Wallet S (top list),prospect,02_ACCOUNTS.penetration,True,Jim Oliver,joliver@gmsnf.com,(904) 940-5850,3000,8000,40,,True,True
st_johns_cordova_palms_cdd,Cordova Palms CDD,St. Johns,St. Augustine / St. Johns,29.92987,-81.29924,county_centroid,Estimated,GMS,regional,Fest_Events,Regional_Enterprise,S,Regional_Enterprise,Wallet S (top list),prospect,02_ACCOUNTS.penetration,False,Daniel Laughlin,dlaughlin@gmsnf.com,(904) 940-5850,3000,8000,40,,True,True
clay_double_branch_cdd_oakleaf_plantation,Double Branch CDD (Oakleaf Plantation),Clay,Green Cove Springs / Fleming Island,29.96256,-81.767,county_centroid,Estimated,GMS,regional,Fest_Events,Regional_Enterprise,S,Regional_Enterprise,Wallet S (top list),prospect,02_ACCOUNTS.penetration,False,Marilee Giles,mgiles@gmsnf.com,(904) 940-5850,3000,8000,40,,True,True
nassau_heron_isles_cdd,Heron Isles CDD,Nassau,Fernandina Beach / Yulee,30.57435,-81.64642,county_centroid,Estimated,GMS,regional,Fest_Events,Regional_Enterprise,S,Regional_Enterprise,Wallet S (top list),prospect,02_ACCOUNTS.penetration,False,Kelly Mullins,kmullins@gmsnf.com,(904) 940-5850,3000,8000,40,,True,True
st_johns_may_management_services_world_golf_village,MAY Management Services (World Golf Village),St. Johns,World Golf Village,29.94967,-81.4065,place_centroid,Estimated,MAY Management,regional,Fest_Events,Regional_Enterprise,S,Regional_Enterprise,Wallet S (top list),prospect,02_ACCOUNTS.penetration,False,Kathryn Almeida,customerservice@maymgt.com,(904) 940-1002,3000,8000,17,account-may.html,True,True
clay_middle_village_cdd_oakleaf_plantation,Middle Village CDD (Oakleaf Plantation),Clay,Green Cove Springs / Fleming Island,30.0158,-81.77373,county_centroid,Estimated,GMS,regional,Fest_Events,Regional_Enterprise,S,Regional_Enterprise,Wallet S (top list),prospect,02_ACCOUNTS.penetration,False,Marilee Giles,mgiles@gmsnf.com,(904) 940-5850,3000,8000,40,,True,True
duval_otc_cdd,OTC CDD,Duval,Jacksonville,30.35096,-81.65376,county_centroid,Estimated,GMS,regional,Fest_Events,Regional_Enterprise,S,Regional_Enterprise,Wallet S (top list),prospect,02_ACCOUNTS.penetration,False,Marilee Giles,mgiles@gmsnf.com,(904) 940-5850,3000,8000,40,,True,True
clay_pine_ridge_plantation_cdd,Pine Ridge Plantation CDD,Clay,Green Cove Springs / Fleming Island,29.99579,-81.77466,county_centroid,Estimated,GMS,regional,Fest_Events,Regional_Enterprise,S,Regional_Enterprise,Wallet S (top list),prospect,02_ACCOUNTS.penetration,False,Marilee Giles,mgiles@gmsnf.com,(904) 940-5850,3000,8000,40,,True,True
clay_ridgewood_trails_cdd,Ridgewood Trails CDD,Clay,Green Cove Springs / Fleming Island,30.03212,-81.72761,county_centroid,Estimated,GMS,regional,Fest_Events,Regional_Enterprise,S,Regional_Enterprise,Wallet S (top list),prospect,02_ACCOUNTS.penetration,False,Marilee Giles,mgiles@gmsnf.com,(904) 940-5850,3000,8000,40,,True,True
nassau_river_glen_cdd,River Glen CDD,Nassau,Fernandina Beach / Yulee,30.60286,-81.64631,county_centroid,Estimated,First Coast CMS,regional,Fest_Events,Regional_Enterprise,S,Regional_Enterprise,Wallet S (top list),prospect,02_ACCOUNTS.penetration,False,Ron Jones,ron@firstcoastcms.com,(904) 537-9034,3000,8000,11,account-first-coast.html,True,True
clay_rolling_hills_cdd,Rolling Hills CDD,Clay,Green Cove Springs / Fleming Island,29.96012,-81.73813,county_centroid,Estimated,GMS,regional,Fest_Events,Regional_Enterprise,S,Regional_Enterprise,Wallet S (top list),prospect,02_ACCOUNTS.penetration,False,Marilee Giles,mgiles@gmsnf.com,(904) 940-5850,3000,8000,40,,True,True
st_johns_six_mile_creek_cdd_gms,Six Mile Creek CDD (GMS),St. Johns,St. Augustine / St. Johns,29.87018,-81.33421,county_centroid,Estimated,GMS,regional,Fest_Events,Regional_Enterprise,S,Regional_Enterprise,Wallet S (top list),prospect,02_ACCOUNTS.penetration,False,Sarah Sweeting,ssweeting@gmsnf.com,(904) 940-5850,3000,8000,40,,True,True
clay_south_village_cdd_eagle_landing,South Village CDD (Eagle Landing),Clay,Green Cove Springs / Fleming Island,29.96724,-81.74203,county_centroid,Estimated,GMS,regional,Fest_Events,Regional_Enterprise,S,Regional_Enterprise,Wallet S (top list),prospect,02_ACCOUNTS.penetration,False,Marilee Giles,mgiles@gmsnf.com,(904) 940-5850,3000,8000,40,,True,True
clay_two_creeks_cdd,Two Creeks CDD,Clay,Green Cove Springs / Fleming Island,29.98181,-81.7873,county_centroid,Estimated,First Coast CMS,regional,Fest_Events,Regional_Enterprise,S,Regional_Enterprise,Wallet S (top list),prospect,02_ACCOUNTS.penetration,False,Marty Czako,marty@firstcoastcms.com,(904) 537-9034,3000,8000,11,account-first-coast.html,True,True
clay_wilford_preserve_cdd,Wilford Preserve CDD,Clay,Green Cove Springs / Fleming Island,29.98579,-81.7386,county_centroid,Estimated,GMS,regional,Fest_Events,Regional_Enterprise,S,Regional_Enterprise,Wallet S (top list),prospect,02_ACCOUNTS.penetration,False,Marilee Giles,mgiles@gmsnf.com,(904) 940-5850,3000,8000,40,,True,True
duval_chick_fil_a_river_city_marketplace_duval_station,Chick-fil-A River City Marketplace / Duval Station,Duval,Jacksonville,30.33935,-81.64891,county_centroid,Estimated,,,Fest_Events,Corp_Field,S,Corporate_Field,Wallet S (top list),prospect,02_ACCOUNTS.penetration,False,Charles Campbell,,(904) 757-1430,1000,1500,0,,False,True
duval_glen_kernan_club,Glen Kernan Club,Duval,Jacksonville,30.35558,-81.63817,county_centroid,Estimated,,,Fest_Events,Golf,A,Regional_Enterprise,Wallet A,prospect,02_ACCOUNTS.penetration,False,,,(904) 646-1116,1500,3000,0,,False,True
duval_greystar_jacksonville,Greystar (Jacksonville),Duval,Jacksonville,30.3315,-81.67878,county_centroid,Estimated,Greystar,national,Fest_Events,Luxury_Apt,A,Regional_Enterprise,Wallet A,prospect,02_ACCOUNTS.penetration,False,Jessica Hernandez,,,1500,3000,7,,True,True
st_johns_may_management_markland_southaven_hoa,MAY Management (Markland / Southaven HOA),St. Johns,Markland / Southaven,29.86455,-81.36372,place_centroid,Estimated,MAY Management,regional,Fest_Events,Regional_Enterprise,A,Regional_Enterprise,Wallet A,prospect,02_ACCOUNTS.penetration,False,Kelly Frick,kfrick@maymgt.com,(904) 940-1002,1500,3000,17,account-may.html,True,True
duval_assumption_catholic_church,Assumption Catholic Church,Duval,Jacksonville,30.29932,-81.66696,county_centroid,Estimated,,,Violet,Charity,A,Charity_Army,Wallet A,prospect,02_ACCOUNTS.penetration,False,Kaitlyn Dedek,msyouth@assumptioncatholicchurch.org,(904) 398-1963,749,1000,0,,False,True
duval_blessed_trinity_catholic_church,Blessed Trinity Catholic Church,Duval,Jacksonville,30.34328,-81.63833,county_centroid,Estimated,,,Violet,Charity,A,Charity_Army,Wallet A,prospect,02_ACCOUNTS.penetration,False,Noel DeLeon,syg@btccjax.org,(904) 641-1414,749,1000,0,,False,True
st_johns_cathedral_basilica_of_st_augustine,Cathedral Basilica of St. Augustine,St. Johns,St. Augustine,29.90948,-81.32906,place_centroid,Estimated,,,Violet,Charity,A,Charity_Army,Wallet A,prospect,02_ACCOUNTS.penetration,False,Elisa Bennett,catholicyouthgroup@gmail.com,(904) 824-2806,749,1000,0,,False,True
st_johns_cathedral_basilica_parish_ofc,Cathedral Basilica Parish Ofc,St. Johns,St. Augustine / St. Johns,29.90725,-81.33466,county_centroid,Estimated,,,Violet,Charity,A,Charity_Army,Wallet A,prospect,02_ACCOUNTS.penetration,False,Elaine Corrigan,cathparish@gmail.com,(904) 824-2806,749,1000,0,,False,True
st_johns_corpus_christi_catholic_church,Corpus Christi Catholic Church,St. Johns,St. Augustine / St. Johns,29.87145,-81.30883,county_centroid,Estimated,,,Violet,Charity,A,Charity_Army,Wallet A,prospect,02_ACCOUNTS.penetration,False,Michelle Cash-Chapman,youthministry@ccstaug.com,(904) 797-4842,749,1000,0,,False,True
duval_first_baptist_church_of_jacksonville_downtown_campus,First Baptist Church of Jacksonville - Downtown Campus,Duval,Jacksonville,30.30886,-81.62838,county_centroid,Estimated,,,Violet,Charity,A,Charity_Army,Wallet A,prospect,02_ACCOUNTS.penetration,False,Taylor,taylorh@fbcjax.com,(904) 356-6077,749,1000,0,,False,True
duval_holy_family_catholic_church,Holy Family Catholic Church,Duval,Jacksonville,30.3022,-81.6555,county_centroid,Estimated,,,Violet,Charity,A,Charity_Army,Wallet A,prospect,02_ACCOUNTS.penetration,False,Annie Resendez,aresendez@holyfamilyjax.com,(904) 641-5838,749,1000,0,,False,True
duval_holy_spirit_catholic_church,Holy Spirit Catholic Church,Duval,Jacksonville,30.29704,-81.65831,county_centroid,Estimated,,,Violet,Charity,A,Charity_Army,Wallet A,prospect,02_ACCOUNTS.penetration,False,Jane Collins,jcollins@holyspiritchurchjax.org,(904) 641-7244,749,1000,0,,False,True
duval_most_holy_redeemer_catholic_church,Most Holy Redeemer Catholic Church,Duval,Jacksonville,30.34514,-81.66915,county_centroid,Estimated,,,Violet,Charity,A,Charity_Army,Wallet A,prospect,02_ACCOUNTS.penetration,False,Stacia Goral,sgoral@mhrjax.org,(904) 786-1192,749,1000,0,,False,True
st_johns_our_lady_of_good_counsel_catholic_church,Our Lady of Good Counsel Catholic Church,St. Johns,St. Augustine / St. Johns,29.88096,-81.28707,county_centroid,Estimated,,,Violet,Charity,A,Charity_Army,Wallet A,prospect,02_ACCOUNTS.penetration,False,Claude Fiori,claude@fiorifamily.com,(904) 377-3378,749,1000,0,,False,True
st_johns_our_lady_star_of_the_sea_catholic_church,Our Lady Star of the Sea Catholic Church,St. Johns,St. Augustine / St. Johns,29.86847,-81.32547,county_centroid,Estimated,,,Violet,Charity,A,Charity_Army,Wallet A,prospect,02_ACCOUNTS.penetration,False,Ethan Sapp,youth@olsspvb.org,(904) 285-2698,749,1000,0,,False,True
clay_sacred_heart_catholic_church_fleming_island,Sacred Heart Catholic Church (Fleming Island),Clay,Fleming Island,30.09539,-81.72705,place_centroid,Estimated,,,Violet,Charity,A,Charity_Army,Wallet A,prospect,02_ACCOUNTS.penetration,False,Nancy Valdes,nancy.valdes@sacredheartcatholicchurch.org,(904) 284-3811,749,1000,0,,False,True
duval_san_jose_catholic_church,San Jose Catholic Church,Duval,Jacksonville,30.33877,-81.68971,county_centroid,Estimated,,,Violet,Charity,A,Charity_Army,Wallet A,prospect,02_ACCOUNTS.penetration,False,Denisse Collins,reception@sjcatholic.org,(904) 733-1630,749,1000,0,,False,True
st_johns_san_sebastian_catholic_church,San Sebastian Catholic Church,St. Johns,St. Augustine / St. Johns,29.89106,-81.32869,county_centroid,Estimated,,,Violet,Charity,A,Charity_Army,Wallet A,prospect,02_ACCOUNTS.penetration,False,Laura Gunter,youthgroup@sansebastiancatholicchurch.com,(904) 824-6625,749,1000,0,,False,True
st_johns_st_ambrose_catholic_church,St. Ambrose Catholic Church,St. Johns,St. Augustine / St. Johns,29.89728,-81.29739,county_centroid,Estimated,,,Violet,Charity,A,Charity_Army,Wallet A,prospect,02_ACCOUNTS.penetration,False,Michele Santagato,stambrosehsyouth@gmail.com,(904) 692-1366,749,1000,0,,False,True
st_johns_st_anastasia_catholic_church,St. Anastasia Catholic Church,St. Johns,St. Augustine / St. Johns,29.89614,-81.32337,county_centroid,Estimated,,,Violet,Charity,A,Charity_Army,Wallet A,prospect,02_ACCOUNTS.penetration,False,Callan McCutcheon,youth@saccfl.org,(904) 471-5364,749,1000,0,,False,True
st_johns_st_john_paul_ii_catholic_church,St. John Paul II Catholic Church,St. Johns,St. Augustine / St. Johns,29.92341,-81.29804,county_centroid,Estimated,,,Violet,Charity,A,Charity_Army,Wallet A,prospect,02_ACCOUNTS.penetration,False,Dominic Salamida,flc@nocateecatholic.com,(904) 330-0153,749,1000,0,,False,True
duval_st_john_the_baptist_catholic_church,St. John the Baptist Catholic Church,Duval,Jacksonville,30.33053,-81.66097,county_centroid,Estimated,,,Violet,Charity,A,Charity_Army,Wallet A,prospect,02_ACCOUNTS.penetration,False,Jen Weber,jweber@stjohnsab.org,(904) 246-6014,749,1000,0,,False,True
duval_st_joseph_catholic_church,St. Joseph Catholic Church,Duval,Jacksonville,30.34735,-81.62103,county_centroid,Estimated,,,Violet,Charity,A,Charity_Army,Wallet A,prospect,02_ACCOUNTS.penetration,False,Katie Gunkle,kgunkle@stjosephsjax.org,(904) 268-5422,749,1000,0,,False,True
clay_st_luke_catholic_church,St. Luke Catholic Church,Clay,Green Cove Springs / Fleming Island,29.96757,-81.75137,county_centroid,Estimated,,,Violet,Charity,A,Charity_Army,Wallet A,prospect,02_ACCOUNTS.penetration,False,Laura Austin,laura@stlukesparish.org,(904) 282-0439,749,1000,0,,False,True
duval_st_paul_s_catholic_church,St. Paul's Catholic Church,Duval,Jacksonville,30.3328,-81.63796,county_centroid,Estimated,,,Violet,Charity,A,Charity_Army,Wallet A,prospect,02_ACCOUNTS.penetration,False,Onie Lee,parishoffice@spsjax.org,(904) 387-2554,749,1000,0,,False,True
clay_eagle_landing_troon_membership_services,Eagle Landing (Troon) Membership Services,Clay,Green Cove Springs / Fleming Island,29.96081,-81.78371,county_centroid,Estimated,Troon,national,Fest_Events,Golf,A,Regional_Enterprise,Wallet A,prospect,02_ACCOUNTS.penetration,False,Rachael MacNabb,rmacnabb@troon.com,(904) 637-0642,1500,3000,1,,True,True
duval_marsh_landing_management_sawgrass_players_club,Marsh Landing Management / Sawgrass Players Club,Duval,Jacksonville,30.35166,-81.66011,county_centroid,Estimated,,,Fest_Events,Golf,A,Regional_Enterprise,Wallet A,prospect,02_ACCOUNTS.penetration,False,Kristy Richland,krichland@marshlanding.org,(904) 273-3033,1500,3000,0,,False,True
duval_jacksonville_golf_and_country_club,Jacksonville Golf and Country Club,Duval,Jacksonville,30.36497,-81.62164,county_centroid,Estimated,,,Fest_Events,Golf,A,Regional_Enterprise,Wallet A,prospect,02_ACCOUNTS.penetration,False,Jessica Morgan,jmorgan@jaxgcc.com,(904) 223-5555,1500,3000,0,,False,True
st_johns_sampson_creek_cdd_st_johns_golf_cc_amenities_vesta,Sampson Creek CDD / St. Johns Golf & CC amenities (Vesta),St. Johns,Sampson Creek,30.04514,-81.5176,place_centroid,Estimated,Vesta,regional,Fest_Events,Golf,A,Regional_Enterprise,Wallet A,prospect,06_VESTA_CLUSTER.penetration,False,Stephanie Taylor,staylor@vestapropertyservices.com,(904) 599-9093,1500,3000,26,account-vesta.html,True,True
duval_chets_creek_church,Chets Creek Church,Duval,Jacksonville,30.29617,-81.65749,county_centroid,Estimated,,,Violet,Charity,A,Charity_Army,Wallet A,prospect,02_ACCOUNTS.penetration,False,Alexis Morris,,(904) 223-5954,749,1000,0,,False,True
duval_christ_s_church,Christ's Church,Duval,Jacksonville,30.36105,-81.64176,county_centroid,Estimated,,,Violet,Charity,A,Charity_Army,Wallet A,prospect,02_ACCOUNTS.penetration,False,Alisa Hendry,,(904) 268-2500,749,1000,0,,False,True
duval_christ_s_church_river_city_campus,Christ's Church - River City Campus,Duval,Jacksonville,30.33621,-81.69031,county_centroid,Estimated,,,Violet,Charity,A,Charity_Army,Wallet A,prospect,02_ACCOUNTS.penetration,False,Karina Carriedo,,(904) 268-2500,749,1000,0,,False,True
duval_first_baptist_church_jacksonville,First Baptist Church Jacksonville,Duval,Jacksonville,30.3059,-81.63365,county_centroid,Estimated,,,Violet,Charity,A,Charity_Army,Wallet A,prospect,02_ACCOUNTS.penetration,False,Bobbie Reiter,,(904) 356-6077,749,1000,0,,False,True
clay_o2b_kids_north_florida_fleming_island_supercenter,O2B Kids (North Florida) / Fleming Island Supercenter,Clay,Fleming Island,30.1003,-81.70691,place_centroid,Estimated,,,Violet,Charity,A,Charity_Army,Wallet A,prospect,02_ACCOUNTS.penetration,False,Linda,,(904) 264-4202,850,1000,0,,False,True
duval_the_bolles_school_whitehurst_lower_school,The Bolles School - Whitehurst Lower School,Duval,Jacksonville,30.35008,-81.64363,county_centroid,Estimated,,,Violet,Fancy_Schools,A,Charity_Army,Wallet A,prospect,02_ACCOUNTS.penetration,False,Christy Lusk,,(904) 256-5256,850,1000,0,,False,True
duval_associa_community_management_concepts_of_jacksonville,Associa Community Management Concepts of Jacksonville,Duval,Jacksonville,30.36731,-81.62862,county_centroid,Estimated,,,Fest_Events,Regional_Enterprise,A,Regional_Enterprise,Wallet A,prospect,02_ACCOUNTS.penetration,False,Corey Clapper,cclapper@cmcjaxfla.com,(904) 367-8532,3000,8000,0,,False,True
duval_bcm_services,BCM Services,Duval,Jacksonville,30.32847,-81.64895,county_centroid,Estimated,,,Fest_Events,Regional_Enterprise,A,Regional_Enterprise,Wallet A,prospect,02_ACCOUNTS.penetration,False,Amanda Goodson,info@bcmservices.net,(904) 242-0666,3000,8000,0,,False,True
st_johns_del_webb_saint_johns_firstservice_residential,Del Webb Saint Johns (FirstService Residential),St. Johns,St. Augustine / St. Johns,29.91571,-81.3438,county_centroid,Estimated,FirstService Residential,national,Fest_Events,Regional_Enterprise,A,Regional_Enterprise,Wallet A,prospect,02_ACCOUNTS.penetration,False,Monica Hodges,info@orangebranchcdd.net,(904) 436-5118,3000,8000,2,,True,True
clay_eagle_landing_troon,Eagle Landing (Troon),Clay,Green Cove Springs / Fleming Island,30.00163,-81.73243,county_centroid,Estimated,,,Fest_Events,Regional_Enterprise,A,Regional_Enterprise,Wallet A,prospect,02_ACCOUNTS.penetration,False,Rachael MacNabb,rmacnabb@troon.com,(904) 637-0642,3000,8000,0,,False,True
duval_marsh_landing_management_company,Marsh Landing Management Company,Duval,Jacksonville,30.33842,-81.64636,county_centroid,Estimated,,,Fest_Events,Regional_Enterprise,A,Regional_Enterprise,Wallet A,prospect,02_ACCOUNTS.penetration,False,Tripp Richland,trichland@marshlanding.org,(904) 273-3033,3000,8000,0,,False,True
duval_riverside_management_services_governmental_management_services,Riverside Management Services / Governmental Management Services,Duval,Riverside,30.32347,-81.70287,place_centroid,Estimated,,,Fest_Events,Regional_Enterprise,A,Regional_Enterprise,Wallet A,prospect,02_ACCOUNTS.penetration,False,Darrin Mossing,dmossing@gmstnn.com,(904) 940-5850,3000,8000,0,,False,True
st_johns_turnbull_creek_cdd_murabella_rms,Turnbull Creek CDD / Murabella (RMS),St. Johns,St. Augustine / St. Johns,29.9211,-81.2904,county_centroid,Estimated,,,Fest_Events,Regional_Enterprise,A,Regional_Enterprise,Wallet A,prospect,02_ACCOUNTS.penetration,False,Erick Hutchinson,murabellamanager@rmsnf.com,(904) 940-1157,3000,8000,0,,True,True
nassau_wildlight_east_nassau_stewardship_district,Wildlight / East Nassau Stewardship District,Nassau,Fernandina Beach / Yulee,30.61475,-81.66249,county_centroid,Estimated,,,Fest_Events,Regional_Enterprise,A,Regional_Enterprise,Wallet A,prospect,02_ACCOUNTS.penetration,True,Wes Hinton,wes.hinton@wildlight.com,(904) 478-9302,3000,8000,0,,False,True
st_johns_cimarrone_hoa,Cimarrone HOA,St. Johns,St. Augustine / St. Johns,29.91659,-81.29756,county_centroid,Estimated,Vesta,regional,Fest_Events,Regional_Enterprise,A,Regional_Enterprise,Wallet A,prospect,06_VESTA_CLUSTER.penetration,False,,contact@vestapropertyservices.com,(904) 355-1831,2500,6000,26,account-vesta.html,True,True
duval_deerwood_country_club,Deerwood Country Club,Duval,Jacksonville,30.33324,-81.62829,county_centroid,Estimated,,,Fest_Events,Golf,A,Regional_Enterprise,Wallet A,prospect,02_ACCOUNTS.penetration,False,,info@hampton.golf,(904) 641-6100,1500,3000,0,,False,True
st_johns_parkland_preserve_cdd,Parkland Preserve CDD,St. Johns,St. Augustine / St. Johns,29.90902,-81.32015,county_centroid,Estimated,Vesta,regional,Fest_Events,Regional_Enterprise,A,Regional_Enterprise,Wallet A,prospect,06_VESTA_CLUSTER.penetration,False,,contact@vestapropertyservices.com,(321) 263-0132,2500,6000,26,account-vesta.html,True,True
duval_crowley,Crowley,Duval,Jacksonville,30.29858,-81.65217,county_centroid,Estimated,,,Fest_Events,Corp_HR,A,Corporate_HR,Wallet A,prospect,02_ACCOUNTS.penetration,False,David DeCamp,david.decamp@crowley.com,(904) 727-4263,1500,3000,0,,False,True
duval_dream_finders_homes,Dream Finders Homes,Duval,Jacksonville,30.34131,-81.67011,county_centroid,Estimated,,,Fest_Events,Corp_HR,A,Corporate_HR,Wallet A,prospect,02_ACCOUNTS.penetration,False,Stephen Halloran,Talent@dreamfindershomes.com,(904) 644-7670,1500,3000,0,,False,True
duval_duval_landscape_maintenance,Duval Landscape Maintenance,Duval,Jacksonville,30.29921,-81.62416,county_centroid,Estimated,,,Fest_Events,Corp_HR,A,Corporate_HR,Wallet A,prospect,02_ACCOUNTS.penetration,False,Rob Bullock,info@duvallandscape.com,(904) 900-1127,1500,3000,0,,False,True
duval_jea,JEA,Duval,Jacksonville,30.34307,-81.68358,county_centroid,Estimated,,,Fest_Events,Corp_HR,A,Corporate_HR,Wallet A,customer,bdr_tam_dialer.is_customer,False,Karen McAllister,media@jea.com,(904) 665-5500,1500,3000,0,,False,True
st_johns_ponte_vedra_inn_club,Ponte Vedra Inn & Club,St. Johns,Ponte Vedra,30.23618,-81.40007,place_centroid,Estimated,,,Fest_Events,Regional_Enterprise,A,Regional_Enterprise,Wallet A,prospect,02_ACCOUNTS.penetration,False,Mike Keller,mkeller@pvresorts.com,(904) 273-4010,3000,8000,0,,False,True
duval_alta_lakes_cdd,Alta Lakes CDD,Duval,Jacksonville,30.32771,-81.66596,county_centroid,Estimated,First Coast CMS,regional,Fest_Events,Regional_Enterprise,A,Regional_Enterprise,Wallet A,prospect,02_ACCOUNTS.penetration,False,,service@firstcoastcms.com,(904) 537-9034,3000,8000,11,account-first-coast.html,True,True
nassau_amelia_walk_neighborhood_socials,Amelia Walk neighborhood socials,Nassau,Fernandina Beach / Yulee,30.60956,-81.6214,county_centroid,Estimated,GMS,regional,Fest_Events,Regional_Enterprise,A,Regional_Enterprise,Wallet A,prospect,02_ACCOUNTS.penetration,False,,ameliawalkmanager@gmsnf.com,(904) 940-5850,3000,8000,40,,True,True
clay_armstrong_cdd_greyhawk,Armstrong CDD (Greyhawk),Clay,Green Cove Springs / Fleming Island,30.01697,-81.7338,county_centroid,Estimated,GMS,regional,Fest_Events,Regional_Enterprise,A,Regional_Enterprise,Wallet A,prospect,02_ACCOUNTS.penetration,False,,greyhawkmanager@gmsnf.com,(904) 322-3199,3000,8000,40,,True,True
st_johns_grand_oaks_cdd,Grand Oaks CDD,St. Johns,St. Augustine / St. Johns,29.89267,-81.29151,county_centroid,Estimated,GMS,regional,Fest_Events,Regional_Enterprise,A,Regional_Enterprise,Wallet A,prospect,02_ACCOUNTS.penetration,False,,grandoaksmanager@gmsnf.com,(904) 940-5850,3000,8000,40,,True,True
st_johns_grand_oaks_neighborhood_hoa_pulte,Grand Oaks neighborhood HOA (Pulte),St. Johns,St. Augustine / St. Johns,29.91942,-81.32532,county_centroid,Estimated,GMS,regional,Fest_Events,Regional_Enterprise,A,Regional_Enterprise,Wallet A,prospect,02_ACCOUNTS.penetration,False,,grandoaksmanager@gmsnf.com,(904) 940-5850,3000,8000,40,,True,True
clay_greyhawk_hoa_armstrong,Greyhawk HOA (Armstrong),Clay,Green Cove Springs / Fleming Island,29.98146,-81.71983,county_centroid,Estimated,GMS,regional,Fest_Events,Regional_Enterprise,A,Regional_Enterprise,Wallet A,prospect,02_ACCOUNTS.penetration,False,,greyhawkmanager@gmsnf.com,(904) 322-3199,3000,8000,40,,True,True
st_johns_reverie_at_silverleaf_55,Reverie at SilverLeaf (55+),St. Johns,St. Augustine / St. Johns,29.88315,-81.34026,county_centroid,Estimated,First Coast CMS,regional,Fest_Events,Regional_Enterprise,A,Regional_Enterprise,Wallet A,prospect,02_ACCOUNTS.penetration,False,,desk@silverleafamenities.com,(904) 373-8986,3000,8000,11,account-first-coast.html,True,True
nassau_rookery_cdd,Rookery CDD,Nassau,Fernandina Beach / Yulee,30.62666,-81.6258,county_centroid,Estimated,First Coast CMS,regional,Fest_Events,Regional_Enterprise,A,Regional_Enterprise,Wallet A,prospect,02_ACCOUNTS.penetration,False,,service@firstcoastcms.com,(904) 537-9034,3000,8000,11,account-first-coast.html,True,True
st_johns_silverleaf_master_association_hoa,SilverLeaf Master Association (HOA),St. Johns,St. Augustine / St. Johns,29.88163,-81.28464,county_centroid,Estimated,First Coast CMS,regional,Fest_Events,Regional_Enterprise,A,Regional_Enterprise,Wallet A,prospect,02_ACCOUNTS.penetration,False,,desk@silverleafamenities.com,(904) 373-8986,3000,8000,11,account-first-coast.html,True,True
st_johns_trailmark_hoa,TrailMark HOA,St. Johns,St. Augustine / St. Johns,29.88149,-81.34953,county_centroid,Estimated,GMS,regional,Fest_Events,Regional_Enterprise,A,Regional_Enterprise,Wallet A,prospect,02_ACCOUNTS.penetration,False,,trailmarkmanager@gmsnf.com,(904) 940-5850,3000,8000,40,,True,True
duval_hidden_hills_country_club_hoa_cmc_jacksonville,Hidden Hills Country Club / HOA (CMC Jacksonville),Duval,Jacksonville,30.31178,-81.68611,county_centroid,Estimated,CMC Jacksonville,local,Fest_Events,Regional_Enterprise,A,Regional_Enterprise,Wallet A,prospect,02_ACCOUNTS.penetration,False,Katelyn Degges,hiddenhills@cmcjaxfla.com,(904) 379-1920,3000,8000,0,,True,True
clay_aging_true_adult_day_care_at_revels_senior_center,Aging True Adult Day Care at Revels Senior Center,Clay,Green Cove Springs / Fleming Island,29.9981,-81.79164,county_centroid,Estimated,,,Recurring_Weekday,Regional_Subscription,A,Regional_Subscription,Wallet A,prospect,02_ACCOUNTS.penetration,False,Teresa Barton,adultdaycare@agingtrue.org,(904) 284-3134,2000,3000,0,,False,True
duval_almost_home_daybreak,Almost Home Daybreak,Duval,Jacksonville,30.33758,-81.64711,county_centroid,Estimated,,,Recurring_Weekday,Regional_Subscription,A,Regional_Subscription,Wallet A,prospect,02_ACCOUNTS.penetration,False,Jamie Glavich,info@almosthomeseniorservices.com,(904) 731-4002,2000,3000,0,,False,True
st_johns_brightside_pediatrics,Brightside Pediatrics,St. Johns,St. Augustine / St. Johns,29.88198,-81.34878,county_centroid,Estimated,,,Recurring_Weekday,Regional_Subscription,A,Regional_Subscription,Wallet A,customer,bdr_tam_dialer.is_customer,False,Jacque Dennie,jdennie@brightsidepediatrics.com,(904) 895-7337,2000,3000,0,,False,True
nassau_canopy_way_adult_day_care,Canopy Way Adult Day Care,Nassau,Fernandina Beach / Yulee,30.57343,-81.63454,county_centroid,Estimated,,,Recurring_Weekday,Regional_Subscription,A,Regional_Subscription,Wallet A,prospect,02_ACCOUNTS.penetration,False,Kim Kelly-Speranza,ksperanza@canopyway.com,(404) 992-1176,2000,3000,0,,False,True
duval_developmental_learning_center_inc,"Developmental Learning Center, Inc.",Duval,Jacksonville,30.34827,-81.63117,county_centroid,Estimated,,,Recurring_Weekday,Regional_Subscription,A,Regional_Subscription,Wallet A,prospect,02_ACCOUNTS.penetration,False,Heather Corey,enrollment@dlcjax.org,(904) 387-0370,2000,3000,0,,False,True
duval_jumpstart_pediatrics_south_university_blvd,JumpStart Pediatrics (South / University Blvd),Duval,Jacksonville,30.33658,-81.66202,county_centroid,Estimated,,,Recurring_Weekday,Regional_Subscription,A,Regional_Subscription,Wallet A,prospect,02_ACCOUNTS.penetration,False,Anita Walton,referrals@jumpstartppec.com,(904) 683-4355,2000,3000,0,,False,True
camden_lakes_crossing_senior_care,Lakes Crossing Senior Care,Camden,Kingsland / St. Marys GA,30.95264,-81.54291,county_centroid,Estimated,,,Recurring_Weekday,Regional_Subscription,A,Regional_Subscription,Wallet A,prospect,02_ACCOUNTS.penetration,False,Patti McNeal,pmcneal@georgialivingseniorcare.com,(912) 882-9700,2000,3000,0,,False,True
duval_spark_pediatrics_arlington_atlantic_blvd,Spark Pediatrics (Arlington / Atlantic Blvd),Duval,Arlington,30.35428,-81.56634,place_centroid,Estimated,,,Recurring_Weekday,Regional_Subscription,A,Regional_Subscription,Wallet A,prospect,02_ACCOUNTS.penetration,False,Tonia Thompson,hello@sparkpediatrics.com,(904) 380-0419,2000,3000,0,,False,True
duval_stay_for_the_day_adult_day_care,Stay For The Day Adult Day Care,Duval,Jacksonville,30.36631,-81.64864,county_centroid,Estimated,,,Recurring_Weekday,Regional_Subscription,A,Regional_Subscription,Wallet A,prospect,02_ACCOUNTS.penetration,False,Evelyn Scott,stayforthedayjax@gmail.com,(904) 400-5020,2000,3000,0,,False,True
duval_the_pace_place,The PACE Place,Duval,Jacksonville,30.34657,-81.63832,county_centroid,Estimated,,,Recurring_Weekday,Regional_Subscription,A,Regional_Subscription,Wallet A,prospect,02_ACCOUNTS.penetration,False,Qwanderlyn Goodson,enrollments@thepaceplace.org,(904) 428-0400,2000,3000,0,,False,True
duval_jca_michele_block_gan_yeladim_preschool_kindergarten,JCA Michele Block Gan Yeladim Preschool & Kindergarten,Duval,Jacksonville,30.31364,-81.63836,county_centroid,Estimated,,,Violet,Charity,A,Charity_Army,Wallet A,prospect,02_ACCOUNTS.penetration,False,Connie Clark,ganyeladim@jcajax.org,(904) 730-2100,500,1000,0,,False,True
duval_the_learning_experience_flagler_center,The Learning Experience — Flagler Center,Duval,Jacksonville,30.32491,-81.6403,county_centroid,Estimated,,,Violet,Charity,A,Charity_Army,Wallet A,prospect,02_ACCOUNTS.penetration,False,Leslie,flaglercenter@tlechildcare.com,(904) 647-6262,500,1000,0,,False,True
duval_the_learning_experience_jacksonville_mandarin,The Learning Experience — Jacksonville Mandarin,Duval,Mandarin,30.13809,-81.63334,place_centroid,Estimated,,,Violet,Charity,A,Charity_Army,Wallet A,prospect,02_ACCOUNTS.penetration,False,Cynthia Marrero,jacksonvillemandarin@tlechildcare.com,(904) 880-1695,500,1000,0,,False,True
duval_the_learning_experience_jacksonville_southside,The Learning Experience — Jacksonville Southside,Duval,Southside,30.25364,-81.59221,place_centroid,Estimated,,,Violet,Charity,A,Charity_Army,Wallet A,prospect,02_ACCOUNTS.penetration,False,Mary,jacksonville@tlechildcare.com,(904) 620-8320,500,1000,0,,False,True
duval_the_learning_experience_jacksonville_southside_mandarin,The Learning Experience — Jacksonville Southside / Mandarin,Duval,Southside,30.25852,-81.57912,place_centroid,Estimated,,,Violet,Charity,A,Charity_Army,Wallet A,prospect,02_ACCOUNTS.penetration,False,Grace,jacksonville@tlechildcare.com,(904) 620-8320,500,1000,0,,False,True
st_johns_the_learning_experience_nocatee,The Learning Experience — Nocatee,St. Johns,Nocatee,30.10967,-81.41606,place_centroid,Estimated,,,Violet,Charity,A,Charity_Army,Wallet A,prospect,02_ACCOUNTS.penetration,False,Loran,nocatee@tlechildcare.com,(904) 295-3129,500,1000,0,,False,True
duval_unf_preschool_educational_research_center_for_child_development,UNF Preschool (Educational Research Center for Child Development),Duval,Jacksonville,30.36704,-81.67272,county_centroid,Estimated,,,Violet,Charity,A,Charity_Army,Wallet A,prospect,02_ACCOUNTS.penetration,False,Gigi Morales David,g.david@unf.edu,(904) 620-2372,500,1000,0,,False,True
clay_orange_park_country_club_hoa_lifestyles_property_services,Orange Park Country Club HOA (Lifestyles Property Services),Clay,Orange Park,30.14887,-81.72339,place_centroid,Estimated,Lifestyles Property Services,local,Fest_Events,Golf,A,Regional_Enterprise,Wallet A,prospect,02_ACCOUNTS.penetration,False,Kim Lang,kim@mylrw.com,(904) 310-7484,1500,3000,0,,True,True
duval_asbury_automotive_group_coggin_platform,Asbury Automotive Group (Coggin platform),Duval,Jacksonville,30.35702,-81.63158,county_centroid,Estimated,,,Fest_Events,Corp_HR,A,Corporate_HR,Wallet A,prospect,02_ACCOUNTS.penetration,False,Tracy Wood,,(904) 642-2420,1500,3000,0,,False,True
duval_auld_white_constructors,Auld & White Constructors,Duval,Jacksonville,30.29925,-81.64537,county_centroid,Estimated,,,Fest_Events,Corp_HR,A,Corporate_HR,Wallet A,prospect,02_ACCOUNTS.penetration,False,Nathaniel Marty,,(904) 296-2555,1500,3000,0,,False,True
duval_beaver_street_fisheries_bsf,Beaver Street Fisheries (BSF),Duval,Jacksonville,30.33,-81.66159,county_centroid,Estimated,,,Fest_Events,Corp_HR,A,Corporate_HR,Wallet A,prospect,02_ACCOUNTS.penetration,False,Ben Frisch,,(904) 354-8533,1500,3000,0,,False,True
duval_chets_creek_elementary_pta,Chets Creek Elementary PTA,Duval,Jacksonville,30.30136,-81.63813,county_centroid,Estimated,,,Violet,Charity,A,Charity_Army,Wallet A,prospect,02_ACCOUNTS.penetration,False,Laura Sambito,chetscreekelementarypta@gmail.com,(904) 992-6390,1000,1200,0,,False,True
duval_city_of_jacksonville_employee_services,City of Jacksonville — Employee Services,Duval,Jacksonville,30.35187,-81.63875,county_centroid,Estimated,,,Fest_Events,Corp_HR,A,Corporate_HR,Wallet A,prospect,02_ACCOUNTS.penetration,False,Leah Hayes,,(904) 255-5600,1500,3000,0,,False,True
duval_coggin_chevrolet_at_the_avenues,Coggin Chevrolet at the Avenues,Duval,Jacksonville,30.35866,-81.64616,county_centroid,Estimated,,,Fest_Events,Corp_HR,A,Corporate_HR,Wallet A,prospect,02_ACCOUNTS.penetration,False,Christos Rodis,,(904) 513-8178,1500,3000,0,,False,True
duval_coggin_ford,Coggin Ford,Duval,Jacksonville,30.36926,-81.63067,county_centroid,Estimated,,,Fest_Events,Corp_HR,A,Corporate_HR,Wallet A,prospect,02_ACCOUNTS.penetration,False,Shaun Atkinson,,(904) 747-8996,1500,3000,0,,False,True
duval_coggin_nissan_on_atlantic,Coggin Nissan on Atlantic,Duval,Jacksonville,30.29653,-81.67133,county_centroid,Estimated,,,Fest_Events,Corp_HR,A,Corporate_HR,Wallet A,prospect,02_ACCOUNTS.penetration,False,Robert Johnson,,(904) 747-3915,1500,3000,0,,False,True
duval_coggin_toyota_at_the_avenues,Coggin Toyota at the Avenues,Duval,Jacksonville,30.32961,-81.66833,county_centroid,Estimated,,,Fest_Events,Corp_HR,A,Corporate_HR,Wallet A,prospect,02_ACCOUNTS.penetration,False,John Clark,,(904) 337-6618,1500,3000,0,,False,True
st_johns_d_r_horton_north_florida_division,D.R. Horton (North Florida Division),St. Johns,St. Augustine / St. Johns,29.88134,-81.33586,county_centroid,Estimated,,,Fest_Events,Corp_HR,A,Corporate_HR,Wallet A,prospect,02_ACCOUNTS.penetration,False,Crain Rogers,,(904) 268-2845,1500,3000,0,,False,True
duval_david_weekley_homes_jacksonville_division,David Weekley Homes (Jacksonville Division),Duval,Jacksonville,30.3036,-81.63084,county_centroid,Estimated,,,Fest_Events,Corp_HR,A,Corporate_HR,Wallet A,prospect,02_ACCOUNTS.penetration,False,KC Middleton,,(904) 345-4293,1500,3000,0,,False,True
st_johns_durbin_creek_elementary_pto,Durbin Creek Elementary PTO,St. Johns,Durbin / Julington,30.08157,-81.56356,place_centroid,Estimated,,,Violet,Charity,A,Charity_Army,Wallet A,prospect,02_ACCOUNTS.penetration,False,Chantelle Gauthier,explorers@dcepto.org,(904) 547-3880,1000,1200,0,,False,True
duval_fanatics,Fanatics,Duval,Jacksonville,30.31714,-81.66537,county_centroid,Estimated,,,Fest_Events,Corp_HR,A,Corporate_HR,Wallet A,prospect,02_ACCOUNTS.penetration,False,Deborah Eckhoff,,(855) 346-8602,1500,3000,0,,False,True
st_johns_gamble_rogers_middle_school_pto,Gamble Rogers Middle School PTO,St. Johns,St. Augustine / St. Johns,29.86128,-81.30756,county_centroid,Estimated,,,Violet,Charity,A,Charity_Army,Wallet A,prospect,02_ACCOUNTS.penetration,False,Devin Schneider,gamblerogerspto@gmail.com,(904) 547-8700,1000,1200,0,,False,True
duval_greenland_pines_elementary_pta,Greenland Pines Elementary PTA,Duval,Jacksonville,30.32951,-81.64001,county_centroid,Estimated,,,Violet,Charity,A,Charity_Army,Wallet A,prospect,02_ACCOUNTS.penetration,False,Amy Wilson,gpeptapresident@gmail.com,(904) 260-5450,1000,1200,0,,False,True
duval_holiday_hill_elementary_pta,Holiday Hill Elementary PTA,Duval,Jacksonville,30.32444,-81.63603,county_centroid,Estimated,,,Violet,Charity,A,Charity_Army,Wallet A,prospect,02_ACCOUNTS.penetration,False,Kelli Carpenter,holidayhillpta@gmail.com,(904) 720-1676,1000,1200,0,,False,True
st_johns_james_a_webster_elementary_pto,James A. Webster Elementary PTO,St. Johns,St. Augustine / St. Johns,29.88652,-81.30184,county_centroid,Estimated,,,Violet,Charity,A,Charity_Army,Wallet A,prospect,02_ACCOUNTS.penetration,False,Sherria Joye,thewebsterschoolpto@gmail.com,(904) 547-3860,1000,1200,0,,False,True
duval_jaxport,JAXPORT,Duval,Jacksonville,30.30809,-81.66545,county_centroid,Estimated,,,Fest_Events,Corp_HR,A,Corporate_HR,Wallet A,prospect,02_ACCOUNTS.penetration,False,Kelly Harris,,(904) 357-3029,1500,3000,0,,False,True
duval_kernan_trail_elementary_pta,Kernan Trail Elementary PTA,Duval,Jacksonville,30.32227,-81.66698,county_centroid,Estimated,,,Violet,Charity,A,Charity_Army,Wallet A,prospect,02_ACCOUNTS.penetration,False,Isabel Lawton,kernantrailpta@gmail.com,(904) 220-1310,1000,1200,0,,False,True
duval_key_buick_gmc,Key Buick GMC,Duval,Jacksonville,30.35513,-81.65207,county_centroid,Estimated,,,Fest_Events,Corp_HR,A,Corporate_HR,Wallet A,prospect,02_ACCOUNTS.penetration,False,Chuck Sale,,(904) 586-1025,1500,3000,0,,False,True
duval_landstar_system,Landstar System,Duval,Jacksonville,30.30755,-81.62602,county_centroid,Estimated,,,Fest_Events,Corp_HR,A,Corporate_HR,Wallet A,prospect,02_ACCOUNTS.penetration,False,Terri Lewis,,(904) 398-9400,1500,3000,0,,False,True
duval_lennar_jacksonville_division,Lennar (Jacksonville Division),Duval,Jacksonville,30.30712,-81.62418,county_centroid,Estimated,,,Fest_Events,Corp_HR,A,Corporate_HR,Wallet A,prospect,02_ACCOUNTS.penetration,False,Randy Thrash,,(904) 380-0777,1500,3000,0,,False,True
duval_mandarin_middle_ptsa,Mandarin Middle PTSA,Duval,Mandarin,30.14609,-81.66214,place_centroid,Estimated,,,Violet,Charity,A,Charity_Army,Wallet A,prospect,02_ACCOUNTS.penetration,False,Valerie Wurdeman,mandarinmiddleptsa@gmail.com,(904) 292-0555,1000,1200,0,,False,True
duval_mattamy_homes_jacksonville_division,Mattamy Homes (Jacksonville Division),Duval,Jacksonville,30.36269,-81.62792,county_centroid,Estimated,,,Fest_Events,Corp_HR,A,Corporate_HR,Wallet A,prospect,02_ACCOUNTS.penetration,False,Cliff Nelson,,(904) 279-9500,1500,3000,0,,False,True
duval_nimnicht_family_of_dealerships,Nimnicht Family of Dealerships,Duval,Jacksonville,30.35135,-81.61802,county_centroid,Estimated,,,Fest_Events,Corp_HR,A,Corporate_HR,Wallet A,prospect,02_ACCOUNTS.penetration,False,Billie Nimnicht III,,(904) 387-4041,1500,3000,0,,False,True
st_johns_patriot_oaks_academy_pto,Patriot Oaks Academy PTO,St. Johns,St. Augustine / St. Johns,29.92915,-81.33147,county_centroid,Estimated,,,Violet,Charity,A,Charity_Army,Wallet A,prospect,02_ACCOUNTS.penetration,False,Amanda Causey,patriotoakspto@gmail.com,(904) 547-4050,1000,1200,0,,False,True
duval_pultegroup_northeast_florida,PulteGroup Northeast Florida,Duval,Jacksonville,30.31843,-81.62235,county_centroid,Estimated,,,Fest_Events,Corp_HR,A,Corporate_HR,Wallet A,prospect,02_ACCOUNTS.penetration,False,Justin Cook,,(904) 712-1140,1500,3000,0,,False,True
duval_sysco_jacksonville,Sysco Jacksonville,Duval,Jacksonville,30.31385,-81.6529,county_centroid,Estimated,,,Fest_Events,Corp_HR,A,Corporate_HR,Wallet A,prospect,02_ACCOUNTS.penetration,False,Arlin DeLeon,,(904) 786-2600,1500,3000,0,,False,True
duval_the_haskell_company,The Haskell Company,Duval,Jacksonville,30.35463,-81.63158,county_centroid,Estimated,,,Fest_Events,Corp_HR,A,Corporate_HR,Wallet A,prospect,02_ACCOUNTS.penetration,False,David Thaeler,,(904) 791-4500,1500,3000,0,,False,True
st_johns_the_palencia_club,The Palencia Club,St. Johns,Palencia,29.97288,-81.38914,place_centroid,Estimated,,,Fest_Events,Golf,A,Regional_Enterprise,Wallet A,prospect,02_ACCOUNTS.penetration,False,,,(904) 599-9040,1500,3000,0,,False,True
duval_the_suddath_companies,The Suddath Companies,Duval,Jacksonville,30.36709,-81.64159,county_centroid,Estimated,,,Fest_Events,Corp_HR,A,Corporate_HR,Wallet A,prospect,02_ACCOUNTS.penetration,False,Melissa Dore,,(904) 306-7671,1500,3000,0,,False,True
duval_tom_bush_family_of_dealerships,Tom Bush Family of Dealerships,Duval,Jacksonville,30.31533,-81.65917,county_centroid,Estimated,,,Fest_Events,Corp_HR,A,Corporate_HR,Wallet A,prospect,02_ACCOUNTS.penetration,False,Brian Bush,,(904) 725-0911,1500,3000,0,,False,True
duval_trailer_bridge,Trailer Bridge,Duval,Jacksonville,30.3256,-81.62927,county_centroid,Estimated,,,Fest_Events,Corp_HR,A,Corporate_HR,Wallet A,prospect,02_ACCOUNTS.penetration,False,Kacy Swanson,,(904) 751-7100,1500,3000,0,,False,True
duval_turner_pest_control,Turner Pest Control,Duval,Jacksonville,30.33382,-81.65436,county_centroid,Estimated,,,Fest_Events,Corp_HR,A,Corporate_HR,Wallet A,prospect,02_ACCOUNTS.penetration,False,Elaine Agramonte,,(904) 355-5300,1500,3000,0,,False,True
clay_vallencourt_construction_co_inc,"Vallencourt Construction Co., Inc.",Clay,Green Cove Springs / Fleming Island,29.95771,-81.77216,county_centroid,Estimated,,,Fest_Events,Corp_HR,A,Corporate_HR,Wallet A,prospect,02_ACCOUNTS.penetration,False,Tiffanie Knox,,(904) 291-9330,1500,3000,0,,False,True
duval_vystar_credit_union,VyStar Credit Union,Duval,Jacksonville,30.32929,-81.6389,county_centroid,Estimated,,,Fest_Events,Corp_HR,A,Corporate_HR,Wallet A,prospect,02_ACCOUNTS.penetration,False,Byron Allmond,,(904) 777-6000,1500,3000,0,,False,True
st_johns_w_d_hartley_elementary_pto,W. D. Hartley Elementary PTO,St. Johns,St. Augustine / St. Johns,29.92355,-81.29731,county_centroid,Estimated,,,Violet,Charity,A,Charity_Army,Wallet A,prospect,02_ACCOUNTS.penetration,False,Amanda Grant,ptohartley@gmail.com,(904) 547-8400,1000,1200,0,,False,True
duval_w_w_gay_mechanical_contractor_inc,"W.W. Gay Mechanical Contractor, Inc.",Duval,Jacksonville,30.31521,-81.67921,county_centroid,Estimated,,,Fest_Events,Corp_HR,A,Corporate_HR,Wallet A,prospect,02_ACCOUNTS.penetration,False,Bruce Cox,,(904) 388-2696,1500,3000,0,,False,True
duval_yellowstone_landscape_jacksonville,Yellowstone Landscape (Jacksonville),Duval,Jacksonville,30.31316,-81.63239,county_centroid,Estimated,,,Fest_Events,Corp_HR,A,Corporate_HR,Wallet A,customer,bdr_tam_dialer.is_customer,False,Elise Johnson,,(904) 268-2626,1500,3000,0,,False,True
st_johns_world_golf_village_renaissance_st_augustine_resort,World Golf Village Renaissance St. Augustine Resort,St. Johns,St. Augustine,29.88828,-81.29961,place_centroid,Estimated,,,Fest_Events,Regional_Enterprise,A,Regional_Enterprise,Wallet A,prospect,02_ACCOUNTS.penetration,False,Eric Lyman,,(904) 940-8000,3000,8000,0,,False,True
duval_all_kids_care_of_north_jacksonville_llc,All Kids Care of North Jacksonville LLC,Duval,Jacksonville,30.32863,-81.64768,county_centroid,Estimated,,,Recurring_Weekday,Regional_Subscription,A,Regional_Subscription,Wallet A,prospect,02_ACCOUNTS.penetration,False,Cristol Therien-Douglas,,(904) 379-4021,2000,3000,0,,False,True
clay_all_kids_care_of_orange_park_llc,All Kids Care of Orange Park LLC,Clay,Orange Park,30.16697,-81.71862,place_centroid,Estimated,,,Recurring_Weekday,Regional_Subscription,A,Regional_Subscription,Wallet A,prospect,02_ACCOUNTS.penetration,False,Cristol Therien-Douglas,,(904) 375-1197,2000,3000,0,,False,True
duval_church_of_hope,Church of Hope,Duval,Jacksonville,30.36589,-81.65242,county_centroid,Estimated,,,Violet,Charity,A,Charity_Army,Wallet A,prospect,02_ACCOUNTS.penetration,False,Danny Baggett,pastor@cohjax.com,(904) 716-9628,749,1000,0,,False,True
duval_crucifixion_catholic_church,Crucifixion Catholic Church,Duval,Jacksonville,30.3132,-81.62641,county_centroid,Estimated,,,Violet,Charity,A,Charity_Army,Wallet A,prospect,02_ACCOUNTS.penetration,False,Erskeline Favors,churchofcrucifixion@outlook.com,(904) 797-4842,749,1000,0,,False,True
duval_happy_hearts_minds_adult_day_care_and_services,Happy Hearts & Minds Adult Day Care and Services,Duval,Jacksonville,30.31937,-81.68596,county_centroid,Estimated,,,Recurring_Weekday,Regional_Subscription,A,Regional_Subscription,Wallet A,prospect,02_ACCOUNTS.penetration,False,Jacquelyn Valentine,,(904) 485-6810,2000,3000,0,,False,True
duval_martha_s_adult_daycare_services_inc,"Martha's Adult Daycare & Services, Inc.",Duval,Jacksonville,30.32247,-81.66324,county_centroid,Estimated,,,Recurring_Weekday,Regional_Subscription,A,Regional_Subscription,Wallet A,prospect,02_ACCOUNTS.penetration,False,Mary Martha Jones-Walker,,(904) 766-0496,2000,3000,0,,False,True
duval_my_guardian_angels_home_care_llc,My Guardian Angels Home Care LLC,Duval,Jacksonville,30.32035,-81.66444,county_centroid,Estimated,,,Recurring_Weekday,Regional_Subscription,A,Regional_Subscription,Wallet A,prospect,02_ACCOUNTS.penetration,False,Reshena Plant,,(904) 576-1066,2000,3000,0,,False,True
duval_porter_s_adult_care_inc,Porter's Adult Care Inc.,Duval,Jacksonville,30.30681,-81.65773,county_centroid,Estimated,,,Recurring_Weekday,Regional_Subscription,A,Regional_Subscription,Wallet A,prospect,02_ACCOUNTS.penetration,False,Lashana Porter,,(904) 381-8962,2000,3000,0,,False,True
duval_st_patrick_catholic_church,St. Patrick Catholic Church,Duval,Jacksonville,30.36048,-81.62986,county_centroid,Estimated,,,Violet,Charity,A,Charity_Army,Wallet A,prospect,02_ACCOUNTS.penetration,False,Cathy Taylor,cataylor@addressplus.net,(904) 768-2593,749,1000,0,,False,True
duval_st_pius_v_catholic_church,St. Pius V Catholic Church,Duval,Jacksonville,30.3141,-81.66745,county_centroid,Estimated,,,Violet,Charity,A,Charity_Army,Wallet A,prospect,02_ACCOUNTS.penetration,False,Regina Taylor-Murphy,reggi1967@yahoo.com,(904) 354-1501,749,1000,0,,False,True
duval_tambolina_adult_day_care,Tambolina Adult Day Care,Duval,Jacksonville,30.33464,-81.67952,county_centroid,Estimated,,,Recurring_Weekday,Regional_Subscription,A,Regional_Subscription,Wallet A,prospect,02_ACCOUNTS.penetration,False,Linda Momorie,,(904) 629-9922,2000,3000,0,,False,True
st_johns_tender_care_medical_services_of_st_johns_county_inc_st_augustine,Tender Care Medical Services of St Johns County Inc (St. Augustine),St. Johns,St. Augustine,29.88952,-81.31208,place_centroid,Estimated,,,Recurring_Weekday,Regional_Subscription,A,Regional_Subscription,Wallet A,prospect,02_ACCOUNTS.penetration,True,Phyllis Middleton,,(904) 217-7648,2000,3000,0,,False,True
camden_childtime_of_kingsland,Childtime of Kingsland,Camden,Kingsland,30.81509,-81.70586,place_centroid,Estimated,,,Violet,Charity,A,Charity_Army,Wallet A,prospect,02_ACCOUNTS.penetration,False,Arlicia Foreman,,(912) 729-5437,500,1000,0,,False,True
clay_eagle_harbor_parkway_kindercare,Eagle Harbor Parkway KinderCare,Clay,Green Cove Springs / Fleming Island,29.9755,-81.76872,county_centroid,Estimated,,,Violet,Charity,A,Charity_Army,Wallet A,prospect,02_ACCOUNTS.penetration,False,Elizabeth O'Daniel,,(904) 278-7710,500,1000,0,,False,True
st_johns_fruit_cove_kindercare,Fruit Cove KinderCare,St. Johns,St. Augustine / St. Johns,29.88731,-81.34963,county_centroid,Estimated,,,Violet,Charity,A,Charity_Army,Wallet A,prospect,02_ACCOUNTS.penetration,False,Parris Douglas,,(904) 230-1380,500,1000,0,,False,True
duval_gate_parkway_kindercare,Gate Parkway KinderCare,Duval,Jacksonville,30.29523,-81.66087,county_centroid,Estimated,,,Violet,Charity,A,Charity_Army,Wallet A,prospect,02_ACCOUNTS.penetration,False,Quana Register,,(904) 538-0900,500,1000,0,,False,True
duval_intercoastal_kindercare,Intercoastal KinderCare,Duval,Jacksonville,30.29627,-81.62973,county_centroid,Estimated,,,Violet,Charity,A,Charity_Army,Wallet A,prospect,02_ACCOUNTS.penetration,False,Shavonne Williams,,(904) 641-5273,500,1000,0,,False,True
duval_monument_road_kindercare,Monument Road KinderCare,Duval,Jacksonville,30.29636,-81.67069,county_centroid,Estimated,,,Violet,Charity,A,Charity_Army,Wallet A,prospect,02_ACCOUNTS.penetration,False,Jasmine Washington,,(904) 807-9191,500,1000,0,,False,True
camden_noah_s_ark_preschool_kingsland_first_methodist_church,Noah's Ark Preschool (Kingsland First Methodist Church),Camden,Kingsland,30.80472,-81.68506,place_centroid,Estimated,,,Violet,Charity,A,Charity_Army,Wallet A,prospect,02_ACCOUNTS.penetration,False,Tracey Holliday,,(912) 729-5445,500,1000,0,,False,True
clay_oakleaf_kindercare,Oakleaf KinderCare,Clay,Green Cove Springs / Fleming Island,29.97075,-81.78346,county_centroid,Estimated,,,Violet,Charity,A,Charity_Army,Wallet A,prospect,02_ACCOUNTS.penetration,False,Turkan Jones,,(904) 406-0670,500,1000,0,,False,True
st_johns_ponte_vedra_kindercare,Ponte Vedra KinderCare,St. Johns,Ponte Vedra,30.24781,-81.3886,place_centroid,Estimated,,,Violet,Charity,A,Charity_Army,Wallet A,prospect,02_ACCOUNTS.penetration,False,Tyler Jacobsen,,(904) 285-9054,500,1000,0,,False,True
duval_primrose_school_of_glen_kernan,Primrose School of Glen Kernan,Duval,Jacksonville,30.30648,-81.66506,county_centroid,Estimated,,,Violet,Charity,A,Charity_Army,Wallet A,prospect,02_ACCOUNTS.penetration,False,Carlos Granados,,(904) 992-9002,500,1000,0,,False,True
st_johns_primrose_school_of_julington_creek,Primrose School of Julington Creek,St. Johns,Julington Creek,30.08869,-81.57307,place_centroid,Estimated,,,Violet,Charity,A,Charity_Army,Wallet A,prospect,02_ACCOUNTS.penetration,False,Monique Buchanan,,(904) 230-2828,500,1000,0,,False,True
st_johns_primrose_school_of_julington_creek_st_johns_forest,Primrose School of Julington Creek / St. Johns Forest,St. Johns,Julington Creek,30.06994,-81.54337,place_centroid,Estimated,,,Violet,Charity,A,Charity_Army,Wallet A,prospect,02_ACCOUNTS.penetration,False,Ed Guevara,,(904) 230-2828,500,1000,0,,False,True
st_johns_primrose_schools_julington_creek_st_johns_forest,Primrose Schools (Julington Creek / St. Johns Forest),St. Johns,Julington Creek,30.07897,-81.54924,place_centroid,Estimated,,,Violet,Charity,A,Charity_Army,Wallet A,prospect,02_ACCOUNTS.penetration,False,Amber R. Walker,,(904) 230-2828,500,1000,0,,False,True
duval_southside_kindercare,Southside KinderCare,Duval,Southside,30.26175,-81.58675,place_centroid,Estimated,,,Violet,Charity,A,Charity_Army,Wallet A,prospect,02_ACCOUNTS.penetration,False,Carla Albertie,,(904) 997-1971,500,1000,0,,False,True
st_johns_st_augustine_kindercare,St. Augustine KinderCare,St. Johns,St. Augustine,29.89146,-81.33193,place_centroid,Estimated,,,Violet,Charity,A,Charity_Army,Wallet A,prospect,02_ACCOUNTS.penetration,False,Paige Reis,,(904) 940-5693,500,1000,0,,False,True
nassau_yulee_kindercare,Yulee KinderCare,Nassau,Yulee,30.61581,-81.60756,place_centroid,Estimated,,,Violet,Charity,A,Charity_Army,Wallet A,prospect,02_ACCOUNTS.penetration,False,Kelli Watson,,(904) 225-1096,500,1000,0,,False,True
st_johns_aberdeen_stonehaven_townhomes_may,Aberdeen Stonehaven Townhomes (MAY),St. Johns,St. Augustine / St. Johns,29.91273,-81.34028,county_centroid,Estimated,,,Fest_Events,Regional_Enterprise,A,Regional_Enterprise,Wallet A,prospect,02_ACCOUNTS.penetration,False,Jane Sapere,jsapere@maymgt.com,(904) 880-8796,3000,8000,0,,False,True
nassau_amelia_national_cdd,Amelia National CDD,Nassau,Fernandina Beach / Yulee,30.64168,-81.64244,county_centroid,Estimated,,,Fest_Events,Regional_Enterprise,A,Regional_Enterprise,Wallet A,prospect,02_ACCOUNTS.penetration,False,Venessa Ripoll,ripollv@pfm.com,(407) 723-5900,3000,8000,0,,True,True
clay_azalea_ridge_hoa_awakenings_ridgewood_trails_area,Azalea Ridge HOA (Awakenings / Ridgewood Trails area),Clay,Green Cove Springs / Fleming Island,30.01506,-81.77089,county_centroid,Estimated,,,Fest_Events,Regional_Enterprise,A,Regional_Enterprise,Wallet A,prospect,02_ACCOUNTS.penetration,False,Vina Delcomyn,Vina.Delcomyn@awakeningsami.com,(904) 940-5850,3000,8000,0,,True,True
duval_bartram_springs_master_hoa_trinity_property_services_group,Bartram Springs Master HOA (Trinity Property Services Group),Duval,Bartram,30.14652,-81.54124,place_centroid,Estimated,,,Fest_Events,Regional_Enterprise,A,Regional_Enterprise,Wallet A,prospect,02_ACCOUNTS.penetration,True,Jan Herren,compliance@trinitypsg.com,(904) 605-2559,3000,8000,0,,True,True
duval_boggy_branch_cdd,Boggy Branch CDD,Duval,Jacksonville,30.34639,-81.68961,county_centroid,Estimated,,,Fest_Events,Regional_Enterprise,A,Regional_Enterprise,Wallet A,prospect,02_ACCOUNTS.penetration,False,Vivian Carvalho,carvalhov@pfm.com,(407) 723-5900,3000,8000,0,,True,True
duval_cedar_pointe_cdd,Cedar Pointe CDD,Duval,Jacksonville,30.36666,-81.62108,county_centroid,Estimated,,,Fest_Events,Regional_Enterprise,A,Regional_Enterprise,Wallet A,prospect,02_ACCOUNTS.penetration,False,Vivian Carvalho,carvalhov@pfm.com,(407) 723-5900,3000,8000,0,,True,True
duval_cedar_pointe_cdd_boggy_branch_cdd_pfm,Cedar Pointe CDD / Boggy Branch CDD (PFM),Duval,Jacksonville,30.31175,-81.68558,county_centroid,Estimated,,,Fest_Events,Regional_Enterprise,A,Regional_Enterprise,Wallet A,prospect,02_ACCOUNTS.penetration,False,Vivian Carvalho,carvalhov@pfm.com,(407) 723-5900,3000,8000,0,,True,True
duval_cmc_jacksonville_associa_magnolia_west_hoa,CMC Jacksonville / Associa (Magnolia West HOA),Duval,Jacksonville,30.31163,-81.6332,county_centroid,Estimated,,,Fest_Events,Regional_Enterprise,A,Regional_Enterprise,Wallet A,prospect,02_ACCOUNTS.penetration,False,Lisa Jones,lisa.jones@cmcjaxfla.com,(904) 448-3639,3000,8000,0,,True,True
st_johns_creekside_at_twin_creeks_cdd,Creekside at Twin Creeks CDD,St. Johns,St. Augustine / St. Johns,29.93168,-81.30439,county_centroid,Estimated,,,Fest_Events,Regional_Enterprise,A,Regional_Enterprise,Wallet A,prospect,02_ACCOUNTS.penetration,False,Wrathell,wrathellc@whassociates.com,(877) 276-0889,3000,8000,0,,True,True
clay_eagle_harbor_hoa,Eagle Harbor HOA,Clay,Green Cove Springs / Fleming Island,30.0155,-81.72674,county_centroid,Estimated,,,Fest_Events,Regional_Enterprise,A,Regional_Enterprise,Wallet A,prospect,02_ACCOUNTS.penetration,False,Steve Andersen,sandersen@eagleharborcdd.com,(904) 509-6445,3000,8000,0,,True,True
clay_eagle_landing_at_oakleaf_plantation_hoa_the_cam_team,Eagle Landing at Oakleaf Plantation HOA (The CAM Team),Clay,Green Cove Springs / Fleming Island,29.9681,-81.76763,county_centroid,Estimated,,,Fest_Events,Regional_Enterprise,A,Regional_Enterprise,Wallet A,prospect,02_ACCOUNTS.penetration,False,Kathy Melton,eaglelanding@agentlink.net,(904) 278-2338,3000,8000,0,,True,True
clay_inframark,Inframark,Clay,Green Cove Springs / Fleming Island,29.98666,-81.75509,county_centroid,Estimated,,,Fest_Events,Regional_Enterprise,A,Regional_Enterprise,Wallet A,prospect,02_ACCOUNTS.penetration,False,Jessica Rivera,Jessica.rivera@inframark.com,(877) 350-0372,3000,8000,0,,False,True
duval_marsh_landing_management_company_sawgrass_players_club,Marsh Landing Management Company / Sawgrass Players Club,Duval,Jacksonville,30.32249,-81.68275,county_centroid,Estimated,,,Fest_Events,Regional_Enterprise,A,Regional_Enterprise,Wallet A,customer,bdr_tam_dialer.is_customer,False,Kate Richardson,krichardson@marshlanding.org,(904) 273-3033,3000,8000,0,,False,True
st_johns_murabella_hoa_freedom_community_management,Murabella HOA (Freedom Community Management),St. Johns,St. Augustine / St. Johns,29.86676,-81.28669,county_centroid,Estimated,,,Fest_Events,Regional_Enterprise,A,Regional_Enterprise,Wallet A,prospect,02_ACCOUNTS.penetration,False,Teri Gormley,customercare@fcmjax.com,(904) 490-8191,3000,8000,0,,True,True
clay_orange_park_country_club_hoa,Orange Park Country Club HOA,Clay,Orange Park,30.16909,-81.69115,place_centroid,Estimated,,,Fest_Events,Regional_Enterprise,A,Regional_Enterprise,Wallet A,prospect,02_ACCOUNTS.penetration,False,Kim Lang,kim@mylrw.com,(904) 310-7484,3000,8000,0,,True,True
st_johns_priority_community_management_cross_creek_north_rookery_hoas,Priority Community Management (Cross Creek North / Rookery HOAs),St. Johns,St. Augustine / St. Johns,29.91403,-81.3254,county_centroid,Estimated,,,Fest_Events,Regional_Enterprise,A,Regional_Enterprise,Wallet A,prospect,02_ACCOUNTS.penetration,False,Erin Wells,erin@prioritymngmt.com,(904) 945-8955,3000,8000,0,,False,True
st_johns_rizzetta_company_glen_st_johns_hoa_verify,Rizzetta & Company (Glen St. Johns HOA — verify),St. Johns,St. Augustine / St. Johns,29.92893,-81.31581,county_centroid,Estimated,,,Fest_Events,Regional_Enterprise,A,Regional_Enterprise,Wallet A,prospect,02_ACCOUNTS.penetration,False,Ashley Brassfield,abrassfield@rizzetta.com,(904) 436-6270,3000,8000,0,,True,True
duval_sevilla_at_world_commerce_hoa_leland_management,Sevilla at World Commerce HOA (Leland Management),Duval,Jacksonville,30.29797,-81.6816,county_centroid,Estimated,,,Fest_Events,Regional_Enterprise,A,Regional_Enterprise,Wallet A,prospect,02_ACCOUNTS.penetration,False,Hazel Fiel,hfiel@lelandmanagement.com,(904) 770-4050,3000,8000,0,,True,True
duval_the_district_cdd,The District CDD,Duval,Jacksonville,30.36879,-81.63816,county_centroid,Estimated,,,Fest_Events,Regional_Enterprise,A,Regional_Enterprise,Wallet A,prospect,02_ACCOUNTS.penetration,False,Wrathell,wrathellc@whassociates.com,(877) 276-0889,3000,8000,0,,True,True
clay_the_preserve_at_two_creeks_hoa_freedom_community_management,The Preserve at Two Creeks HOA (Freedom Community Management),Clay,Green Cove Springs / Fleming Island,30.00434,-81.75843,county_centroid,Estimated,,,Fest_Events,Regional_Enterprise,A,Regional_Enterprise,Wallet A,prospect,02_ACCOUNTS.penetration,False,Matthew Manolis,customercare@fcmjax.com,(904) 490-8191,3000,8000,0,,True,True
nassau_three_rivers_cdd,Three Rivers CDD,Nassau,Fernandina Beach / Yulee,30.62435,-81.632,county_centroid,Estimated,,,Fest_Events,Regional_Enterprise,A,Regional_Enterprise,Wallet A,prospect,02_ACCOUNTS.penetration,False,Felix Rodriguez,info@threeriverscdd.com,(561) 571-0010,3000,8000,0,,True,True
duval_villages_of_westport_cdd,Villages of Westport CDD,Duval,Jacksonville,30.34039,-81.6478,county_centroid,Estimated,,,Fest_Events,Regional_Enterprise,A,Regional_Enterprise,Wallet A,prospect,02_ACCOUNTS.penetration,False,Samantha Harvey,samantha.harvey@inframark.com,(877) 350-0372,3000,8000,0,,True,True
duval_assumption_early_learning_center,Assumption Early Learning Center,Duval,Jacksonville,30.32853,-81.67343,county_centroid,Estimated,,,Violet,Charity,A,Charity_Army,Wallet A,prospect,02_ACCOUNTS.penetration,False,Theresa Little,tlittle@assumptionjax.org,(904) 398-1774,850,1000,0,,False,True
duval_blessed_trinity_catholic_school,Blessed Trinity Catholic School,Duval,Jacksonville,30.34139,-81.69346,county_centroid,Estimated,,,Violet,Charity,A,Charity_Army,Wallet A,prospect,02_ACCOUNTS.penetration,False,Robin Dartt,dartt@blessedtrinitycatholicschool.org,(904) 641-6458,850,1000,0,,False,True
duval_christ_the_king_early_learning_center,Christ the King Early Learning Center,Duval,Jacksonville,30.36429,-81.66306,county_centroid,Estimated,,,Violet,Charity,A,Charity_Army,Wallet A,prospect,02_ACCOUNTS.penetration,False,Rachel Hawkins,rhawkins@ctkearlylearning.com,(904) 724-2954,850,1000,0,,False,True
nassau_st_clare_early_learning_center,St. Clare Early Learning Center,Nassau,Fernandina Beach / Yulee,30.58732,-81.68008,county_centroid,Estimated,,,Violet,Charity,A,Charity_Army,Wallet A,prospect,02_ACCOUNTS.penetration,False,Kemaulani Burnette,kburnette@stclareelc.org,(904) 771-5800,850,1000,0,,False,True
st_johns_st_john_paul_ii_early_learning_center,St. John Paul II Early Learning Center,St. Johns,St. Augustine / St. Johns,29.92748,-81.34626,county_centroid,Estimated,,,Violet,Charity,A,Charity_Army,Wallet A,prospect,02_ACCOUNTS.penetration,False,Christina Carolino,ccarolino@stjp2elc.net,(386) 445-2411,850,1000,0,,False,True
clay_st_luke_child_care_center,St. Luke Child Care Center,Clay,Green Cove Springs / Fleming Island,30.01819,-81.73318,county_centroid,Estimated,,,Violet,Charity,A,Charity_Army,Wallet A,prospect,02_ACCOUNTS.penetration,False,Amy Roberts,director@stlukechildcare.org,(904) 406-9510,850,1000,0,,False,True
duval_st_paul_early_learning_center,St. Paul Early Learning Center,Duval,Jacksonville,30.30753,-81.63092,county_centroid,Estimated,,,Violet,Charity,A,Charity_Army,Wallet A,prospect,02_ACCOUNTS.penetration,False,Doreene Rollings,drollings@stpaulsbeach.com,(904) 249-5934,850,1000,0,,False,True
duval_deerwood_pointe_ii_condo_vesta,Deerwood Pointe II Condo (Vesta),Duval,Jacksonville,30.30863,-81.63146,county_centroid,Estimated,Vesta,regional,Fest_Events,Regional_Enterprise,A,Regional_Enterprise,Wallet A,prospect,06_VESTA_CLUSTER.penetration,False,,contact@vestapropertyservices.com,(904) 355-1831,2500,6000,26,account-vesta.html,True,True
duval_john_gorrie_condo_vesta,John Gorrie Condo (Vesta),Duval,Jacksonville,30.31967,-81.65234,county_centroid,Estimated,Vesta,regional,Fest_Events,Regional_Enterprise,A,Regional_Enterprise,Wallet A,prospect,06_VESTA_CLUSTER.penetration,False,,contact@vestapropertyservices.com,(904) 355-1831,2500,6000,26,account-vesta.html,True,True
duval_the_chelsea_condo_vesta,The Chelsea Condo (Vesta),Duval,Jacksonville,30.3608,-81.69044,county_centroid,Estimated,Vesta,regional,Fest_Events,Regional_Enterprise,A,Regional_Enterprise,Wallet A,prospect,06_VESTA_CLUSTER.penetration,False,,contact@vestapropertyservices.com,(904) 355-1831,2500,6000,26,account-vesta.html,True,True
duval_chick_fil_a_tinseltown,Chick-fil-A Tinseltown,Duval,Jacksonville,30.35938,-81.68339,county_centroid,Estimated,,,Fest_Events,Corp_Field,A,Corporate_Field,Wallet A,prospect,02_ACCOUNTS.penetration,False,Kaylee Murray,marketing.cfatinseltown@gmail.com,(904) 646-9333,1000,1500,0,,False,True
duval_royal_restaurant_group_burger_king_jacksonville,Royal Restaurant Group (Burger King Jacksonville),Duval,Jacksonville,30.30231,-81.63481,county_centroid,Estimated,,,Fest_Events,Corp_Field,A,Corporate_Field,Wallet A,prospect,02_ACCOUNTS.penetration,False,Brandon Ballasso,inquiries@royalrg.com,(561) 221-1025,1000,1500,0,,False,True
duval_duncan_u_fletcher_middle_ptsa,Duncan U. Fletcher Middle PTSA,Duval,Jacksonville,30.34677,-81.67838,county_centroid,Estimated,,,Violet,Charity,A,Charity_Army,Wallet A,prospect,02_ACCOUNTS.penetration,True,Manya Prescott,,(904) 247-5929,1000,1200,0,,False,True
duval_jacksonville_country_day_school_parents_association,Jacksonville Country Day School Parents Association,Duval,Jacksonville,30.3553,-81.68236,county_centroid,Estimated,,,Violet,Charity,A,Charity_Army,Wallet A,prospect,02_ACCOUNTS.penetration,False,Stephanie Christensen,,(904) 641-6644,1000,1200,0,,False,True
duval_loretto_elementary_pta,Loretto Elementary PTA,Duval,Jacksonville,30.35495,-81.64318,county_centroid,Estimated,,,Violet,Charity,A,Charity_Army,Wallet A,prospect,02_ACCOUNTS.penetration,False,Kim Harris,,(904) 260-5800,1000,1200,0,,False,True
duval_mandarin_oaks_elementary_pta,Mandarin Oaks Elementary PTA,Duval,Mandarin,30.1334,-81.64609,place_centroid,Estimated,,,Violet,Charity,A,Charity_Army,Wallet A,prospect,02_ACCOUNTS.penetration,False,Kristen Davis,,(904) 260-5820,1000,1200,0,,False,True
st_johns_picolata_crossing_elementary_pta,Picolata Crossing Elementary PTA,St. Johns,St. Augustine / St. Johns,29.91873,-81.3485,county_centroid,Estimated,,,Violet,Charity,A,Charity_Army,Wallet A,prospect,02_ACCOUNTS.penetration,False,Kristina Higgins,,(904) 547-4160,1000,1200,0,,False,True
st_johns_sebastian_middle_school_pto,Sebastian Middle School PTO,St. Johns,St. Augustine / St. Johns,29.88772,-81.27932,county_centroid,Estimated,,,Violet,Charity,A,Charity_Army,Wallet A,prospect,02_ACCOUNTS.penetration,False,Cara Shaw,,(904) 547-3840,1000,1200,0,,False,True
st_johns_south_woods_elementary_pto,South Woods Elementary PTO,St. Johns,St. Augustine / St. Johns,29.86193,-81.33418,county_centroid,Estimated,,,Violet,Charity,A,Charity_Army,Wallet A,prospect,02_ACCOUNTS.penetration,False,Lori Kosier,,(904) 547-8610,1000,1200,0,,False,True
duval_community_first_credit_union,Community First Credit Union,Duval,Jacksonville,30.35375,-81.64952,county_centroid,Estimated,,,Fest_Events,Corp_HR,A,Corporate_HR,Wallet A,prospect,02_ACCOUNTS.penetration,False,Katie Komarek,CommunityFirst@c1cufl.org,(904) 354-8537,1500,3000,0,,False,True
duval_duval_ford,Duval Ford,Duval,Jacksonville,30.32273,-81.61933,county_centroid,Estimated,,,Fest_Events,Corp_HR,A,Corporate_HR,Wallet A,prospect,02_ACCOUNTS.penetration,False,Jordan Massenburg,jordan.massenburg@duvalmotor.com,(904) 387-6541,1500,3000,0,,False,True
duval_patriot_rail,Patriot Rail,Duval,Jacksonville,30.35622,-81.67914,county_centroid,Estimated,,,Fest_Events,Corp_HR,A,Corporate_HR,Wallet A,prospect,02_ACCOUNTS.penetration,False,Josie Curtis,josie.curtis@patriotrail.com,(904) 265-3475,1500,3000,0,,False,True
duval_one_ocean_resort_spa,One Ocean Resort & Spa,Duval,Jacksonville,30.32444,-81.62918,county_centroid,Estimated,,,Fest_Events,Regional_Enterprise,A,Regional_Enterprise,Wallet A,prospect,02_ACCOUNTS.penetration,False,Charlotte Gallagher,CharlotteGallagher@OneOceanResort.com,(904) 853-2346,3000,8000,0,,False,True
st_johns_antigua_at_st_augustine_cdd,Antigua at St. Augustine CDD,St. Johns,St. Augustine,29.8835,-81.31836,place_centroid,Estimated,GMS,regional,Fest_Events,Regional_Enterprise,B,Regional_Enterprise,Wallet B,prospect,02_ACCOUNTS.penetration,False,,info@gmsnf.com,(904) 940-5850,3000,8000,40,,True,True
st_johns_atlantic_east_condo_may_management,Atlantic East Condo (MAY Management),St. Johns,St. Augustine / St. Johns,29.8586,-81.32182,county_centroid,Estimated,MAY Management,regional,Fest_Events,Regional_Enterprise,B,Regional_Enterprise,Wallet B,prospect,02_ACCOUNTS.penetration,False,,customerservice@maymgt.com,(904) 461-9708,3000,8000,17,account-may.html,True,True
duval_avenues_walk_cdd,Avenues Walk CDD,Duval,Jacksonville,30.29727,-81.65198,county_centroid,Estimated,GMS,regional,Fest_Events,Regional_Enterprise,B,Regional_Enterprise,Wallet B,prospect,02_ACCOUNTS.penetration,False,,info@gmsnf.com,(904) 940-5850,3000,8000,40,,True,True
duval_bartram_park_neighborhood_hoas,Bartram Park neighborhood HOAs,Duval,Bartram,30.12345,-81.56776,place_centroid,Estimated,GMS,regional,Fest_Events,Regional_Enterprise,B,Regional_Enterprise,Wallet B,prospect,02_ACCOUNTS.penetration,True,,joliver@gmsnf.com,(904) 940-5850,3000,8000,40,,True,True
duval_cope_s_landing_cdd,Cope's Landing CDD,Duval,Jacksonville,30.32943,-81.62128,county_centroid,Estimated,First Coast CMS,regional,Fest_Events,Regional_Enterprise,B,Regional_Enterprise,Wallet B,prospect,02_ACCOUNTS.penetration,False,,info@copeslandingcdd.net,(877) 276-0889,3000,8000,11,account-first-coast.html,True,True
st_johns_deer_run_villas_may_management,Deer Run Villas (MAY Management),St. Johns,St. Augustine / St. Johns,29.91893,-81.33566,county_centroid,Estimated,MAY Management,regional,Fest_Events,Regional_Enterprise,B,Regional_Enterprise,Wallet B,prospect,02_ACCOUNTS.penetration,False,,customerservice@maymgt.com,(904) 273-9832,3000,8000,17,account-may.html,True,True
st_johns_deerfield_preserve_cdd,Deerfield Preserve CDD,St. Johns,St. Augustine / St. Johns,29.88302,-81.27907,county_centroid,Estimated,GMS,regional,Fest_Events,Regional_Enterprise,B,Regional_Enterprise,Wallet B,prospect,02_ACCOUNTS.penetration,False,,info@gmsnf.com,(904) 940-5850,3000,8000,40,,True,True
st_johns_dp1_cdd,DP1 CDD,St. Johns,St. Augustine / St. Johns,29.9045,-81.28984,county_centroid,Estimated,GMS,regional,Fest_Events,Regional_Enterprise,B,Regional_Enterprise,Wallet B,prospect,02_ACCOUNTS.penetration,False,,info@gmsnf.com,(904) 940-5850,3000,8000,40,,True,True
duval_edgewater_at_sunbeam_condo_may_management,Edgewater at Sunbeam Condo (MAY Management),Duval,Jacksonville,30.326,-81.69078,county_centroid,Estimated,MAY Management,regional,Fest_Events,Regional_Enterprise,B,Regional_Enterprise,Wallet B,prospect,02_ACCOUNTS.penetration,False,,customerservice@maymgt.com,(904) 273-9832,3000,8000,17,account-may.html,True,True
st_johns_fishermans_cove_i_condo_may_management,Fishermans Cove I Condo (MAY Management),St. Johns,St. Augustine / St. Johns,29.87893,-81.3516,county_centroid,Estimated,MAY Management,regional,Fest_Events,Regional_Enterprise,B,Regional_Enterprise,Wallet B,prospect,02_ACCOUNTS.penetration,False,,customerservice@maymgt.com,(904) 273-9832,3000,8000,17,account-may.html,True,True
st_johns_fishermans_cove_ii_condo_may_management,Fishermans Cove II Condo (MAY Management),St. Johns,St. Augustine / St. Johns,29.91713,-81.31807,county_centroid,Estimated,MAY Management,regional,Fest_Events,Regional_Enterprise,B,Regional_Enterprise,Wallet B,prospect,02_ACCOUNTS.penetration,False,,customerservice@maymgt.com,(904) 273-9832,3000,8000,17,account-may.html,True,True
st_johns_fishermans_cove_iii_condo_may_management,Fishermans Cove III Condo (MAY Management),St. Johns,St. Augustine / St. Johns,29.89142,-81.34431,county_centroid,Estimated,MAY Management,regional,Fest_Events,Regional_Enterprise,B,Regional_Enterprise,Wallet B,prospect,02_ACCOUNTS.penetration,False,,customerservice@maymgt.com,(904) 273-9832,3000,8000,17,account-may.html,True,True
duval_hampstead_riverfront_villas_may_management,Hampstead Riverfront Villas (MAY Management),Duval,Jacksonville,30.31858,-81.61793,county_centroid,Estimated,MAY Management,regional,Fest_Events,Regional_Enterprise,B,Regional_Enterprise,Wallet B,prospect,02_ACCOUNTS.penetration,False,,customerservice@maymgt.com,(904) 273-9832,3000,8000,17,account-may.html,True,True
st_johns_heritage_park_cdd,Heritage Park CDD,St. Johns,St. Augustine / St. Johns,29.93219,-81.29717,county_centroid,Estimated,GMS,regional,Fest_Events,Regional_Enterprise,B,Regional_Enterprise,Wallet B,prospect,02_ACCOUNTS.penetration,False,,info@gmsnf.com,(904) 940-5850,3000,8000,40,,True,True
st_johns_isles_of_bartram_park_cdd,Isles of Bartram Park CDD,St. Johns,Bartram,30.157,-81.53558,place_centroid,Estimated,GMS,regional,Fest_Events,Regional_Enterprise,B,Regional_Enterprise,Wallet B,prospect,02_ACCOUNTS.penetration,True,,info@gmsnf.com,(904) 940-5850,3000,8000,40,,True,True
duval_knightsbridge_riverfront_villas_may_management,Knightsbridge Riverfront Villas (MAY Management),Duval,Jacksonville,30.32395,-81.65553,county_centroid,Estimated,MAY Management,regional,Fest_Events,Regional_Enterprise,B,Regional_Enterprise,Wallet B,prospect,02_ACCOUNTS.penetration,False,,customerservice@maymgt.com,(904) 273-9832,3000,8000,17,account-may.html,True,True
st_johns_lake_beluthahatchee_cdd,Lake Beluthahatchee CDD,St. Johns,St. Augustine / St. Johns,29.93019,-81.31905,county_centroid,Estimated,GMS,regional,Fest_Events,Regional_Enterprise,B,Regional_Enterprise,Wallet B,prospect,02_ACCOUNTS.penetration,False,,info@gmsnf.com,(904) 940-5850,3000,8000,40,,True,True
st_johns_madeira_cdd,Madeira CDD,St. Johns,St. Augustine / St. Johns,29.88377,-81.29401,county_centroid,Estimated,GMS,regional,Fest_Events,Regional_Enterprise,B,Regional_Enterprise,Wallet B,prospect,02_ACCOUNTS.penetration,False,,info@gmsnf.com,(904) 940-5850,3000,8000,40,,True,True
st_johns_main_street_cdd_st_johns,Main Street CDD (St. Johns),St. Johns,St. Augustine / St. Johns,29.92869,-81.34832,county_centroid,Estimated,GMS,regional,Fest_Events,Regional_Enterprise,B,Regional_Enterprise,Wallet B,prospect,02_ACCOUNTS.penetration,False,,info@gmsnf.com,(904) 940-5850,3000,8000,40,,True,True
st_johns_meditierra_at_ponte_vedra_condo_may_management,Meditierra at Ponte Vedra Condo (MAY Management),St. Johns,Ponte Vedra,30.24298,-81.37563,place_centroid,Estimated,MAY Management,regional,Fest_Events,Regional_Enterprise,B,Regional_Enterprise,Wallet B,prospect,02_ACCOUNTS.penetration,False,,customerservice@maymgt.com,(904) 273-9832,3000,8000,17,account-may.html,True,True
st_johns_moultrie_creek_cdd,Moultrie Creek CDD,St. Johns,St. Augustine / St. Johns,29.89528,-81.28767,county_centroid,Estimated,GMS,regional,Fest_Events,Regional_Enterprise,B,Regional_Enterprise,Wallet B,prospect,02_ACCOUNTS.penetration,False,,info@gmsnf.com,(904) 940-5850,3000,8000,40,,True,True
st_johns_northridge_lakes_cdd,Northridge Lakes CDD,St. Johns,St. Augustine / St. Johns,29.86263,-81.29358,county_centroid,Estimated,GMS,regional,Fest_Events,Regional_Enterprise,B,Regional_Enterprise,Wallet B,prospect,02_ACCOUNTS.penetration,False,,info@gmsnf.com,(904) 940-5850,3000,8000,40,,True,True
st_johns_premium_pointe_cdd,Premium Pointe CDD,St. Johns,St. Augustine / St. Johns,29.90141,-81.34771,county_centroid,Estimated,GMS,regional,Fest_Events,Regional_Enterprise,B,Regional_Enterprise,Wallet B,prospect,02_ACCOUNTS.penetration,False,,info@gmsnf.com,(904) 940-5850,3000,8000,40,,True,True
duval_principal_one_cdd,Principal One CDD,Duval,Jacksonville,30.29459,-81.69063,county_centroid,Estimated,GMS,regional,Fest_Events,Regional_Enterprise,B,Regional_Enterprise,Wallet B,prospect,02_ACCOUNTS.penetration,False,,info@gmsnf.com,(904) 940-5850,3000,8000,40,,True,True
st_johns_quail_pointe_i_may_management,Quail Pointe I (MAY Management),St. Johns,St. Augustine / St. Johns,29.87129,-81.33431,county_centroid,Estimated,MAY Management,regional,Fest_Events,Regional_Enterprise,B,Regional_Enterprise,Wallet B,prospect,02_ACCOUNTS.penetration,False,,customerservice@maymgt.com,(904) 273-9832,3000,8000,17,account-may.html,True,True
st_johns_rough_creek_villas_may_management,Rough Creek Villas (MAY Management),St. Johns,St. Augustine / St. Johns,29.88644,-81.28095,county_centroid,Estimated,MAY Management,regional,Fest_Events,Regional_Enterprise,B,Regional_Enterprise,Wallet B,prospect,02_ACCOUNTS.penetration,False,,customerservice@maymgt.com,(904) 273-9832,3000,8000,17,account-may.html,True,True
st_johns_sandy_creek_cdd,Sandy Creek CDD,St. Johns,St. Augustine / St. Johns,29.86909,-81.29599,county_centroid,Estimated,GMS,regional,Fest_Events,Regional_Enterprise,B,Regional_Enterprise,Wallet B,prospect,02_ACCOUNTS.penetration,False,,info@gmsnf.com,(904) 940-5850,3000,8000,40,,True,True
st_johns_spinnakers_reach_i_condo_may_management,Spinnakers Reach I Condo (MAY Management),St. Johns,St. Augustine / St. Johns,29.9157,-81.33697,county_centroid,Estimated,MAY Management,regional,Fest_Events,Regional_Enterprise,B,Regional_Enterprise,Wallet B,prospect,02_ACCOUNTS.penetration,False,,customerservice@maymgt.com,(904) 273-9832,3000,8000,17,account-may.html,True,True
st_johns_spinnakers_reach_ii_condo_may_management,Spinnakers Reach II Condo (MAY Management),St. Johns,St. Augustine / St. Johns,29.90844,-81.29323,county_centroid,Estimated,MAY Management,regional,Fest_Events,Regional_Enterprise,B,Regional_Enterprise,Wallet B,prospect,02_ACCOUNTS.penetration,False,,customerservice@maymgt.com,(904) 273-9832,3000,8000,17,account-may.html,True,True
st_johns_st_johns_forest_cdd,St. Johns Forest CDD,St. Johns,St. Augustine / St. Johns,29.86826,-81.34537,county_centroid,Estimated,GMS,regional,Fest_Events,Regional_Enterprise,B,Regional_Enterprise,Wallet B,prospect,02_ACCOUNTS.penetration,False,,info@gmsnf.com,(904) 940-5850,3000,8000,40,,True,True
st_johns_stillwater_cdd,Stillwater CDD,St. Johns,St. Augustine / St. Johns,29.86771,-81.30486,county_centroid,Estimated,GMS,regional,Fest_Events,Regional_Enterprise,B,Regional_Enterprise,Wallet B,prospect,02_ACCOUNTS.penetration,False,,info@gmsnf.com,(904) 940-5850,3000,8000,40,,True,True
duval_the_oceanic_condo_may_management,The Oceanic Condo (MAY Management),Duval,Jacksonville,30.3399,-81.65045,county_centroid,Estimated,MAY Management,regional,Fest_Events,Regional_Enterprise,B,Regional_Enterprise,Wallet B,prospect,02_ACCOUNTS.penetration,False,,customerservice@maymgt.com,(904) 273-9832,3000,8000,17,account-may.html,True,True
st_johns_tifton_cove_condo_may_management,Tifton Cove Condo (MAY Management),St. Johns,St. Augustine / St. Johns,29.90459,-81.28108,county_centroid,Estimated,MAY Management,regional,Fest_Events,Regional_Enterprise,B,Regional_Enterprise,Wallet B,prospect,02_ACCOUNTS.penetration,False,,customerservice@maymgt.com,(904) 273-9832,3000,8000,17,account-may.html,True,True
st_johns_treaty_oaks_cdd,Treaty Oaks CDD,St. Johns,St. Augustine / St. Johns,29.87422,-81.29897,county_centroid,Estimated,GMS,regional,Fest_Events,Regional_Enterprise,B,Regional_Enterprise,Wallet B,prospect,02_ACCOUNTS.penetration,False,,info@gmsnf.com,(904) 940-5850,3000,8000,40,,True,True
st_johns_twin_creeks_north_cdd_beachwalk,Twin Creeks North CDD (Beachwalk),St. Johns,St. Augustine / St. Johns,29.88616,-81.31606,county_centroid,Estimated,GMS,regional,Fest_Events,Regional_Enterprise,B,Regional_Enterprise,Wallet B,prospect,02_ACCOUNTS.penetration,False,,info@gmsnf.com,(904) 940-5850,3000,8000,40,,True,True
duval_watermark_condo_may_management,Watermark Condo (MAY Management),Duval,Jacksonville,30.32188,-81.6917,county_centroid,Estimated,MAY Management,regional,Fest_Events,Regional_Enterprise,B,Regional_Enterprise,Wallet B,prospect,02_ACCOUNTS.penetration,False,,customerservice@maymgt.com,(904) 273-9832,3000,8000,17,account-may.html,True,True
st_johns_world_commerce_cdd,World Commerce CDD,St. Johns,St. Augustine / St. Johns,29.85855,-81.30166,county_centroid,Estimated,GMS,regional,Fest_Events,Regional_Enterprise,B,Regional_Enterprise,Wallet B,prospect,02_ACCOUNTS.penetration,False,,info@gmsnf.com,(904) 940-5850,3000,8000,40,,True,True
duval_bainebridge_hoa_units_1_2_bcm_services,Bainebridge HOA Units 1 & 2 (BCM Services),Duval,Jacksonville,30.32767,-81.64786,county_centroid,Estimated,,,Fest_Events,Regional_Enterprise,B,Regional_Enterprise,Wallet B,prospect,02_ACCOUNTS.penetration,False,Eve Briscoe,,(904) 746-7639,3000,8000,0,,True,True
duval_leland_management_jacksonville_office,Leland Management (Jacksonville office),Duval,Jacksonville,30.30176,-81.66214,county_centroid,Estimated,,,Fest_Events,Regional_Enterprise,B,Regional_Enterprise,Wallet B,prospect,02_ACCOUNTS.penetration,False,Monica Abello,,(904) 770-4050,3000,8000,0,,False,True
st_johns_wrathell_hunt_associates_jcp_cdd,"Wrathell, Hunt & Associates (JCP CDD)",St. Johns,St. Augustine / St. Johns,29.92864,-81.32102,county_centroid,Estimated,,,Fest_Events,Regional_Enterprise,B,Regional_Enterprise,Wallet B,prospect,02_ACCOUNTS.penetration,False,Ray Passaro,,(561) 571-0010,3000,8000,0,,True,True
nassau_nassau_county_council_on_aging_the_club_adult_day_healthcare,Nassau County Council on Aging — The Club Adult Day HealthCare,Nassau,Fernandina Beach / Yulee,30.58156,-81.62805,county_centroid,Estimated,,,Recurring_Weekday,Regional_Subscription,B,Regional_Subscription,Wallet B,prospect,02_ACCOUNTS.penetration,False,Jennifer Gundling,jgundling@nassaucountycoa.org,(904) 261-0701,2000,3000,0,,False,False
st_johns_the_sunshine_center,The Sunshine Center,St. Johns,St. Augustine / St. Johns,29.89328,-81.32919,county_centroid,Estimated,,,Recurring_Weekday,Regional_Subscription,B,Regional_Subscription,Wallet B,prospect,02_ACCOUNTS.penetration,True,Paulette Kozlowski,pkozlowski@coasjc.org,(904) 209-3690,2000,3000,0,,False,False
duval_chick_fil_a_at_marsh_landing_pkwy,Chick-fil-A at Marsh Landing Pkwy,Duval,Jacksonville,30.35416,-81.62656,county_centroid,Estimated,,,Fest_Events,Corp_Field,B,Corporate_Field,Wallet B,prospect,02_ACCOUNTS.penetration,False,Todd Coleman,,(904) 280-0255,1000,1500,0,,False,False
duval_chick_fil_a_atlantic_kernan_atlantic_hodges,Chick-fil-A Atlantic & Kernan / Atlantic & Hodges,Duval,Jacksonville,30.32676,-81.61911,county_centroid,Estimated,,,Fest_Events,Corp_Field,B,Corporate_Field,Wallet B,prospect,02_ACCOUNTS.penetration,False,Melinda Sowers,,(904) 371-7728,1000,1500,0,,False,False
camden_chick_fil_a_kingsland,Chick-fil-A Kingsland,Camden,Kingsland,30.80319,-81.67733,place_centroid,Estimated,,,Fest_Events,Corp_Field,B,Corporate_Field,Wallet B,prospect,02_ACCOUNTS.penetration,False,Justin Whitfield,,(912) 510-6215,1000,1500,0,,False,False
duval_chick_fil_a_mandarin_south_mandarin,Chick-fil-A Mandarin / South Mandarin,Duval,Mandarin,30.14829,-81.63375,place_centroid,Estimated,,,Fest_Events,Corp_Field,B,Corporate_Field,Wallet B,prospect,02_ACCOUNTS.penetration,False,Eric Gillis,,(904) 503-9773,1000,1500,0,,False,False
duval_chick_fil_a_oakleaf_town_center,Chick-fil-A Oakleaf Town Center,Duval,Jacksonville,30.31813,-81.65848,county_centroid,Estimated,,,Fest_Events,Corp_Field,B,Corporate_Field,Wallet B,prospect,02_ACCOUNTS.penetration,False,Joe Mayo,,(904) 908-4488,1000,1500,0,,False,False
duval_chick_fil_a_ortega_park,Chick-fil-A Ortega Park,Duval,Jacksonville,30.34429,-81.6464,county_centroid,Estimated,,,Fest_Events,Corp_Field,B,Corporate_Field,Wallet B,prospect,02_ACCOUNTS.penetration,False,Darrell Crawford,,(904) 387-1322,1000,1500,0,,False,False
flagler_chick_fil_a_palm_coast,Chick-fil-A Palm Coast,Flagler,Palm Coast,29.58562,-81.22473,place_centroid,Estimated,,,Fest_Events,Corp_Field,B,Corporate_Field,Wallet B,prospect,02_ACCOUNTS.penetration,False,Glen Efford,,(386) 445-0399,1000,1500,0,,False,False
duval_chick_fil_a_regency_park,Chick-fil-A Regency Park,Duval,Jacksonville,30.36997,-81.65385,county_centroid,Estimated,,,Fest_Events,Corp_Field,B,Corporate_Field,Wallet B,prospect,02_ACCOUNTS.penetration,False,Robert Kramer,,(904) 724-4828,1000,1500,0,,False,False
duval_chick_fil_a_southside_blvd_at_the_avenues,Chick-fil-A Southside Blvd at the Avenues,Duval,Southside,30.23921,-81.56785,place_centroid,Estimated,,,Fest_Events,Corp_Field,B,Corporate_Field,Wallet B,prospect,02_ACCOUNTS.penetration,False,Joel Parker,,(904) 519-0505,1000,1500,0,,False,False
st_johns_chick_fil_a_st_augustine,Chick-fil-A St. Augustine,St. Johns,St. Augustine,29.89438,-81.32007,place_centroid,Estimated,,,Fest_Events,Corp_Field,B,Corporate_Field,Wallet B,prospect,02_ACCOUNTS.penetration,False,Wayne Efford,,(904) 810-2201,1000,1500,0,,False,False
duval_chick_fil_a_st_johns_town_center,Chick-fil-A St. Johns Town Center,Duval,Jacksonville,30.31452,-81.66442,county_centroid,Estimated,,,Fest_Events,Corp_Field,B,Corporate_Field,Wallet B,prospect,02_ACCOUNTS.penetration,False,Jeff Bucy,,(904) 928-9498,1000,1500,0,,False,False
clay_chick_fil_a_wells_road,Chick-fil-A Wells Road,Clay,Green Cove Springs / Fleming Island,30.0159,-81.74529,county_centroid,Estimated,,,Fest_Events,Corp_Field,B,Corporate_Field,Wallet B,prospect,02_ACCOUNTS.penetration,False,Craig Phillips,,(904) 541-1111,1000,1500,0,,False,False
nassau_chick_fil_a_yulee_amelia_island,Chick-fil-A Yulee / Amelia Island,Nassau,Yulee,30.64583,-81.59835,place_centroid,Estimated,,,Fest_Events,Corp_Field,B,Corporate_Field,Wallet B,prospect,02_ACCOUNTS.penetration,False,Lita Fannin,,(904) 491-5552,1000,1500,0,,False,False
nassau_m_lisante_enterprises_inc_lisante_enterprises_llc_dba_mcdonald_s,M Lisante Enterprises Inc / Lisante Enterprises LLC dba McDonald's,Nassau,Fernandina Beach / Yulee,30.59297,-81.65475,county_centroid,Estimated,,,Fest_Events,Corp_Field,B,Corporate_Field,Wallet B,prospect,02_ACCOUNTS.penetration,False,Tom Lisante,,(904) 225-0045,1000,1500,0,,False,False
nassau_m_lisante_enterprises_inc_dba_mcdonald_s,"M. Lisante Enterprises, Inc. dba McDonald's",Nassau,Fernandina Beach / Yulee,30.60456,-81.66981,county_centroid,Estimated,,,Fest_Events,Corp_Field,B,Corporate_Field,Wallet B,prospect,02_ACCOUNTS.penetration,False,Diane Lisante,,(904) 225-0045,1000,1500,0,,False,False
clay_the_king_group_inc_dba_mcdonald_s,"The King Group, Inc. dba McDonald's",Clay,Green Cove Springs / Fleming Island,30.02223,-81.72324,county_centroid,Estimated,,,Fest_Events,Corp_Field,B,Corporate_Field,Wallet B,prospect,02_ACCOUNTS.penetration,False,Karen King,,(904) 264-1920,1000,1500,0,,False,False
duval_alimacani_elementary_pta,Alimacani Elementary PTA,Duval,Jacksonville,30.35842,-81.6621,county_centroid,Estimated,,,Violet,Charity,B,Charity_Army,Wallet B,prospect,02_ACCOUNTS.penetration,False,Alex Mack,alimacanipta@gmail.com,(904) 221-7101,1000,1200,0,,False,False
duval_coggin_honda_jacksonville,Coggin Honda Jacksonville,Duval,Jacksonville,30.31641,-81.66203,county_centroid,Estimated,,,Fest_Events,Corp_HR,B,Corporate_HR,Wallet B,prospect,02_ACCOUNTS.penetration,False,Kristen Bass,,(904) 747-8668,1500,3000,0,,False,False
duval_community_first_credit_union_of_florida,Community First Credit Union of Florida,Duval,Jacksonville,30.30433,-81.65837,county_centroid,Estimated,,,Fest_Events,Corp_HR,B,Corporate_HR,Wallet B,prospect,02_ACCOUNTS.penetration,False,Jimmy Lovelace,,(904) 354-8537,1500,3000,0,,False,False
duval_duval_honda,Duval Honda,Duval,Jacksonville,30.32017,-81.66845,county_centroid,Estimated,,,Fest_Events,Corp_HR,B,Corporate_HR,Wallet B,prospect,02_ACCOUNTS.penetration,False,Brian Conway,,(904) 387-9024,1500,3000,0,,False,False
duval_elkins_construction_llc,Elkins Construction LLC,Duval,Jacksonville,30.33853,-81.67111,county_centroid,Estimated,,,Fest_Events,Corp_HR,B,Corporate_HR,Wallet B,prospect,02_ACCOUNTS.penetration,False,Phil Chandler,,(904) 677-4610,1500,3000,0,,False,False
duval_first_florida_credit_union,First Florida Credit Union,Duval,Jacksonville,30.3574,-81.68871,county_centroid,Estimated,,,Fest_Events,Corp_HR,B,Corporate_HR,Wallet B,prospect,02_ACCOUNTS.penetration,False,Keith Manze,,(904) 359-6800,1500,3000,0,,False,False
duval_hanania_automotive_group,Hanania Automotive Group,Duval,Jacksonville,30.36902,-81.66893,county_centroid,Estimated,,,Fest_Events,Corp_HR,B,Corporate_HR,Wallet B,prospect,02_ACCOUNTS.penetration,False,Meredith Barbara,,(904) 777-5600,1500,3000,0,,False,False
duval_hendricks_avenue_elementary_pta,Hendricks Avenue Elementary PTA,Duval,Jacksonville,30.3121,-81.65506,county_centroid,Estimated,,,Violet,Charity,B,Charity_Army,Wallet B,prospect,02_ACCOUNTS.penetration,False,Carlie Peyton,contacthendrickspta@gmail.com,(904) 346-5610,1000,1200,0,,False,False
duval_jean_ribault_high_school_ptsa,Jean Ribault High School PTSA,Duval,Jacksonville,30.36332,-81.68797,county_centroid,Estimated,,,Violet,Charity,B,Charity_Army,Wallet B,prospect,02_ACCOUNTS.penetration,False,Kimberly Rivers,jeanribaulthsptsa@gmail.com,(904) 525-6338,1000,1200,0,,False,False
st_johns_lakeside_academy_pto,Lakeside Academy PTO,St. Johns,St. Augustine / St. Johns,29.89864,-81.32528,county_centroid,Estimated,,,Violet,Charity,B,Charity_Army,Wallet B,prospect,02_ACCOUNTS.penetration,False,Brianna Einhorn,vpls2@lakesideacademypto.org,(904) 547-4500,1000,1200,0,,False,False
duval_miller_electric_company,Miller Electric Company,Duval,Jacksonville,30.30768,-81.66071,county_centroid,Estimated,,,Fest_Events,Corp_HR,B,Corporate_HR,Wallet B,prospect,02_ACCOUNTS.penetration,False,Henry Brown,,(904) 388-8000,1500,3000,0,,False,False
duval_newfold_digital_web_com,Newfold Digital (Web.com),Duval,Jacksonville,30.32798,-81.6913,county_centroid,Estimated,,,Fest_Events,Corp_HR,B,Corporate_HR,Wallet B,prospect,02_ACCOUNTS.penetration,False,Deb Myers,,(904) 680-6600,1500,3000,0,,False,False
st_johns_ocean_palms_elementary_pto,Ocean Palms Elementary PTO,St. Johns,St. Augustine / St. Johns,29.8753,-81.29546,county_centroid,Estimated,,,Violet,Charity,B,Charity_Army,Wallet B,prospect,02_ACCOUNTS.penetration,False,Caryn Drew,otterboosters@gmail.com,(904) 547-3760,1000,1200,0,,False,False
duval_paxon_school_for_advanced_studies_ptsa,Paxon School for Advanced Studies PTSA,Duval,Jacksonville,30.35099,-81.65228,county_centroid,Estimated,,,Violet,Charity,B,Charity_Army,Wallet B,prospect,02_ACCOUNTS.penetration,False,Bobbie Brewer,ptsapresidentpsas@gmail.com,(904) 693-7583,1000,1200,0,,False,False
duval_radifi_credit_union_formerly_jacksonville_federal_credit_union,RadiFi Credit Union (formerly Jacksonville Federal Credit Union),Duval,Jacksonville,30.34897,-81.62048,county_centroid,Estimated,,,Fest_Events,Corp_HR,B,Corporate_HR,Wallet B,prospect,02_ACCOUNTS.penetration,False,Tara McQuillen,,(904) 475-8000,1500,3000,0,,False,False
st_johns_ring_power_corporation,Ring Power Corporation,St. Johns,St. Augustine / St. Johns,29.89677,-81.32899,county_centroid,Estimated,,,Fest_Events,Corp_HR,B,Corporate_HR,Wallet B,prospect,02_ACCOUNTS.penetration,False,David Alban,,(904) 737-7730,1500,3000,0,,False,False
duval_san_pablo_elementary_pta,San Pablo Elementary PTA,Duval,Jacksonville,30.35745,-81.67363,county_centroid,Estimated,,,Violet,Charity,B,Charity_Army,Wallet B,prospect,02_ACCOUNTS.penetration,False,Erin Harris,erinfitzharris81@gmail.com,(904) 247-5947,1000,1200,0,,False,False
duval_sandalwood_high_school_ptsa,Sandalwood High School PTSA,Duval,Jacksonville,30.36838,-81.6197,county_centroid,Estimated,,,Violet,Charity,B,Charity_Army,Wallet B,prospect,02_ACCOUNTS.penetration,False,Christy Canaday,shssaintsptsa@gmail.com,(904) 544-8588,1000,1200,0,,False,False
clay_st_johns_classical_academy_lions_council,St. Johns Classical Academy Lions Council,Clay,Green Cove Springs / Fleming Island,29.96997,-81.71958,county_centroid,Estimated,,,Violet,Charity,B,Charity_Army,Wallet B,prospect,02_ACCOUNTS.penetration,False,Julie Borkoski,chairman.lioncouncil@stjca.org,(904) 458-8240,1000,1200,0,,False,False
duval_trugreen_jacksonville,TruGreen (Jacksonville),Duval,Jacksonville,30.32749,-81.61791,county_centroid,Estimated,,,Fest_Events,Corp_HR,B,Corporate_HR,Wallet B,prospect,02_ACCOUNTS.penetration,False,Timothy Newton,,(904) 268-7001,1500,3000,0,,False,False
duval_holy_family_by_the_sea,Holy Family by the Sea,Duval,Jacksonville,30.33061,-81.63638,county_centroid,Estimated,,,Violet,Charity,B,Charity_Army,Wallet B,prospect,02_ACCOUNTS.penetration,False,Alline Zwarycz,alline.zwarycz@navy.mil,(904) 270-5212,749,1000,0,,False,False
nassau_our_lady_of_consolation_catholic_church,Our Lady of Consolation Catholic Church,Nassau,Fernandina Beach / Yulee,30.59856,-81.68703,county_centroid,Estimated,,,Violet,Charity,B,Charity_Army,Wallet B,prospect,02_ACCOUNTS.penetration,False,Traci Nickens,olccatholicchurch@comcast.net,(904) 879-3662,749,1000,0,,False,False
duval_resurrection_catholic_church,Resurrection Catholic Church,Duval,Jacksonville,30.34561,-81.63938,county_centroid,Estimated,,,Violet,Charity,B,Charity_Army,Wallet B,prospect,02_ACCOUNTS.penetration,False,Joanne Jones,jjones@respar.net,(904) 744-0833,749,1000,0,,False,False
nassau_st_francis_of_assisi_catholic_church,St. Francis of Assisi Catholic Church,Nassau,Fernandina Beach / Yulee,30.58625,-81.68622,county_centroid,Estimated,,,Violet,Charity,B,Charity_Army,Wallet B,prospect,02_ACCOUNTS.penetration,False,Victoria Blackwell,religiouseducation@stfrancisyulee.org,(386) 445-2246,749,1000,0,,False,False
clay_annunciation_interparish_school,Annunciation Interparish School,Clay,Green Cove Springs / Fleming Island,30.00993,-81.75473,county_centroid,Estimated,,,Violet,Charity,B,Charity_Army,Wallet B,prospect,02_ACCOUNTS.penetration,False,Stephen Eiswert,principal@annunciationcatholic.org,(904) 282-0504,850,1000,0,,False,False
duval_assumption_catholic_school,Assumption Catholic School,Duval,Jacksonville,30.30927,-81.64357,county_centroid,Estimated,,,Violet,Charity,B,Charity_Army,Wallet B,prospect,02_ACCOUNTS.penetration,False,Maryann Jimenez,mjimenez@assumptionjax.org,(904) 398-1774,850,1000,0,,False,False
duval_bishop_john_j_snyder_high_school,Bishop John J. Snyder High School,Duval,Jacksonville,30.34298,-81.63114,county_centroid,Estimated,,,Violet,Charity,B,Charity_Army,Wallet B,prospect,02_ACCOUNTS.penetration,False,Arsenio Yumul,ayumul@bishopsnyder.org,(904) 771-1029,850,1000,0,,False,False
duval_bishop_kenny_high_school,Bishop Kenny High School,Duval,Jacksonville,30.30983,-81.68272,county_centroid,Estimated,,,Violet,Charity,B,Charity_Army,Wallet B,prospect,02_ACCOUNTS.penetration,False,Todd Orlando,torlando@bishopkenny.org,(904) 398-7545,850,1000,0,,False,False
st_johns_cathedral_parish_school,Cathedral Parish School,St. Johns,St. Augustine / St. Johns,29.91951,-81.31542,county_centroid,Estimated,,,Violet,Charity,B,Charity_Army,Wallet B,prospect,02_ACCOUNTS.penetration,False,Bryan Ott,bott@cpsschool.org,(904) 824-2861,850,1000,0,,False,False
duval_christ_the_king_catholic_school,Christ the King Catholic School,Duval,Jacksonville,30.3484,-81.68269,county_centroid,Estimated,,,Violet,Charity,B,Charity_Army,Wallet B,prospect,02_ACCOUNTS.penetration,False,Deanna Sands,deannasands@ctkschooljax.com,(904) 724-2954,850,1000,0,,False,False
duval_guardian_catholic_school,Guardian Catholic School,Duval,Jacksonville,30.33262,-81.67171,county_centroid,Estimated,,,Violet,Charity,B,Charity_Army,Wallet B,prospect,02_ACCOUNTS.penetration,False,Jenn Lord,jlord@guardiancatholic.com,(904) 765-6522,850,1000,0,,False,False
duval_holy_family_catholic_school,Holy Family Catholic School,Duval,Jacksonville,30.32191,-81.64325,county_centroid,Estimated,,,Violet,Charity,B,Charity_Army,Wallet B,prospect,02_ACCOUNTS.penetration,False,Michael Kavanagh,mkavanagh@hfcatholicschool.com,(904) 645-9875,850,1000,0,,False,False
duval_holy_spirit_catholic_school,Holy Spirit Catholic School,Duval,Jacksonville,30.31035,-81.62428,county_centroid,Estimated,,,Violet,Charity,B,Charity_Army,Wallet B,prospect,02_ACCOUNTS.penetration,False,Chelsea Sult,csult@hscatholicschool.com,(904) 642-9165,850,1000,0,,False,False
duval_morning_star_high_school,Morning Star High School,Duval,Jacksonville,30.31504,-81.67296,county_centroid,Estimated,,,Violet,Charity,B,Charity_Army,Wallet B,prospect,02_ACCOUNTS.penetration,False,Elaine Shott,principal@morningstar-jax.org,(904) 721-2144,850,1000,0,,False,False
st_johns_palmer_catholic_academy,Palmer Catholic Academy,St. Johns,St. Augustine / St. Johns,29.89981,-81.34065,county_centroid,Estimated,,,Violet,Charity,B,Charity_Army,Wallet B,prospect,02_ACCOUNTS.penetration,False,Daniela DosSantos,ddossantos@pcapvb.org,(904) 543-8515,850,1000,0,,False,False
duval_resurrection_catholic_school,Resurrection Catholic School,Duval,Jacksonville,30.36245,-81.65354,county_centroid,Estimated,,,Violet,Charity,B,Charity_Army,Wallet B,prospect,02_ACCOUNTS.penetration,False,Amanda Rainey,arainey@resurrectioncatholic.com,(904) 744-1266,850,1000,0,,False,False
duval_sacred_heart_catholic_school,Sacred Heart Catholic School,Duval,Jacksonville,30.33105,-81.6269,county_centroid,Estimated,,,Violet,Charity,B,Charity_Army,Wallet B,prospect,02_ACCOUNTS.penetration,False,Melissa Kennedy,mkennedy@sacredheartjax.com,(904) 771-5800,850,1000,0,,False,False
duval_san_jose_catholic_school,San Jose Catholic School,Duval,Jacksonville,30.33486,-81.62973,county_centroid,Estimated,,,Violet,Charity,B,Charity_Army,Wallet B,prospect,02_ACCOUNTS.penetration,False,Jennifer Swain,swain@sanjoseschool.com,(904) 733-2313,850,1000,0,,False,False
st_johns_san_juan_del_rio_catholic_school,San Juan del Rio Catholic School,St. Johns,St. Augustine / St. Johns,29.90648,-81.33946,county_centroid,Estimated,,,Violet,Charity,B,Charity_Army,Wallet B,prospect,02_ACCOUNTS.penetration,False,Tabatha Rhodes,trhodes@sjdrschool.org,(904) 287-8081,850,1000,0,,False,False
st_johns_st_joseph_academy,St. Joseph Academy,St. Johns,St. Augustine / St. Johns,29.92063,-81.31021,county_centroid,Estimated,,,Violet,Charity,B,Charity_Army,Wallet B,prospect,02_ACCOUNTS.penetration,False,Todd DeClemente,todd.declemente@sjaweb.org,(904) 824-0431,850,1000,0,,False,False
duval_st_joseph_catholic_school,St. Joseph Catholic School,Duval,Jacksonville,30.35728,-81.67794,county_centroid,Estimated,,,Violet,Charity,B,Charity_Army,Wallet B,prospect,02_ACCOUNTS.penetration,False,Brandi Peters,bpeters@stjosephcs.org,(904) 268-6688,850,1000,0,,False,False
duval_st_matthew_catholic_school,St. Matthew Catholic School,Duval,Jacksonville,30.35865,-81.69262,county_centroid,Estimated,,,Violet,Charity,B,Charity_Army,Wallet B,prospect,02_ACCOUNTS.penetration,False,Meagan Dubberly,mdubberly@stmatthewscs.com,(904) 387-4401,850,1000,0,,False,False
nassau_st_michael_academy,St. Michael Academy,Nassau,Fernandina Beach / Yulee,30.60308,-81.62031,county_centroid,Estimated,,,Violet,Charity,B,Charity_Army,Wallet B,prospect,02_ACCOUNTS.penetration,False,William Summer,wsummer@smacad.org,(904) 321-2102,850,1000,0,,False,False
duval_st_patrick_catholic_school,St. Patrick Catholic School,Duval,Jacksonville,30.333,-81.66714,county_centroid,Estimated,,,Violet,Charity,B,Charity_Army,Wallet B,prospect,02_ACCOUNTS.penetration,False,Chris Meyer,cmeyer@spcsjax.org,(904) 768-6323,850,1000,0,,False,False
duval_st_paul_catholic_school,St. Paul Catholic School,Duval,Jacksonville,30.31945,-81.65391,county_centroid,Estimated,,,Violet,Charity,B,Charity_Army,Wallet B,prospect,02_ACCOUNTS.penetration,False,Kim Repper,kim.repper@spsjax.org,(904) 387-2841,850,1000,0,,False,False
clay_st_johns_country_day_school,St. Johns Country Day School,Clay,Green Cove Springs / Fleming Island,30.02822,-81.78699,county_centroid,Estimated,,,Violet,Fancy_Schools,B,Charity_Army,Wallet B,prospect,02_ACCOUNTS.penetration,False,Heather Graham,hgraham@sjcds.net,,850,1000,0,,False,False
nassau_wild_oak_explorers,Wild Oak Explorers,Nassau,Fernandina Beach / Yulee,30.61436,-81.64474,county_centroid,Estimated,,,Violet,Charity,B,Charity_Army,Wallet B,prospect,02_ACCOUNTS.penetration,False,Stacey Tappan,info@wildoakexplorers.com,,500,1000,0,,False,False
st_johns_mill_creek_academy_pta,Mill Creek Academy PTA,St. Johns,St. Augustine / St. Johns,29.92834,-81.32256,county_centroid,Estimated,,,Violet,Charity,B,Charity_Army,Wallet B,prospect,02_ACCOUNTS.penetration,False,Christina Dixon,,(904) 547-3720,1000,1200,0,,False,False
st_johns_osceola_elementary_pto,Osceola Elementary PTO,St. Johns,St. Augustine / St. Johns,29.90074,-81.30427,county_centroid,Estimated,,,Violet,Charity,B,Charity_Army,Wallet B,prospect,02_ACCOUNTS.penetration,False,Jenet Wenderoth,,(904) 547-3780,1000,1200,0,,False,False
st_johns_valley_ridge_academy_pto,Valley Ridge Academy PTO,St. Johns,St. Augustine / St. Johns,29.91685,-81.34414,county_centroid,Estimated,,,Violet,Charity,B,Charity_Army,Wallet B,prospect,02_ACCOUNTS.penetration,False,Christine Vanni,,(904) 547-4090,1000,1200,0,,False,False
st_johns_bannon_lakes_cdd,Bannon Lakes CDD,St. Johns,St. Augustine / St. Johns,29.90206,-81.28161,county_centroid,Estimated,,,Fest_Events,Regional_Enterprise,B,Regional_Enterprise,Wallet B,prospect,02_ACCOUNTS.penetration,False,,bannonmanager@rmsnf.com,(904) 907-1100,3000,8000,0,,True,True
st_johns_beacon_lake_hoa,Beacon Lake HOA,St. Johns,St. Augustine / St. Johns,29.91116,-81.2997,county_centroid,Estimated,,,Fest_Events,Regional_Enterprise,B,Regional_Enterprise,Wallet B,prospect,02_ACCOUNTS.penetration,False,,beaconmanager@rmsnf.com,(904) 217-3052,3000,8000,0,,True,True
st_johns_meadow_view_at_twin_creeks_cdd_beacon_lake,Meadow View at Twin Creeks CDD (Beacon Lake),St. Johns,St. Augustine / St. Johns,29.86198,-81.32269,county_centroid,Estimated,,,Fest_Events,Regional_Enterprise,B,Regional_Enterprise,Wallet B,prospect,02_ACCOUNTS.penetration,False,,beaconmanager@rmsnf.com,(904) 217-3052,3000,8000,0,,True,True
st_johns_nocatee_coastal_oaks_hoa_village,Nocatee Coastal Oaks HOA (village),St. Johns,Nocatee,30.11791,-81.44183,place_centroid,Estimated,,,Fest_Events,Regional_Enterprise,B,Regional_Enterprise,Wallet B,prospect,02_ACCOUNTS.penetration,False,,help@nocatee.com,(904) 924-6850,3000,8000,0,,True,True
st_johns_nocatee_crosswater_village_hoa,Nocatee Crosswater village HOA,St. Johns,Nocatee,30.08707,-81.41756,place_centroid,Estimated,,,Fest_Events,Regional_Enterprise,B,Regional_Enterprise,Wallet B,prospect,02_ACCOUNTS.penetration,False,,help@nocatee.com,(904) 924-6850,3000,8000,0,,True,True
st_johns_nocatee_greenleaf_hoa,Nocatee Greenleaf HOA,St. Johns,Nocatee,30.08892,-81.43952,place_centroid,Estimated,,,Fest_Events,Regional_Enterprise,B,Regional_Enterprise,Wallet B,prospect,02_ACCOUNTS.penetration,False,,help@nocatee.com,(904) 924-6850,3000,8000,0,,True,True
st_johns_twenty_mile_village_hoa_nocatee,Twenty Mile Village HOA (Nocatee),St. Johns,Nocatee,30.12168,-81.43244,place_centroid,Estimated,,,Fest_Events,Regional_Enterprise,B,Regional_Enterprise,Wallet B,prospect,02_ACCOUNTS.penetration,False,,help@nocatee.com,(904) 924-6850,3000,8000,0,,True,True
nassau_wildlight_hoa,Wildlight HOA,Nassau,Fernandina Beach / Yulee,30.64436,-81.65002,county_centroid,Estimated,,,Fest_Events,Regional_Enterprise,B,Regional_Enterprise,Wallet B,prospect,02_ACCOUNTS.penetration,True,,wes.hinton@wildlight.com,(904) 478-9302,3000,8000,0,,True,True
nassau_amelia_island_montessori_school,Amelia Island Montessori School,Nassau,Fernandina Beach / Yulee,30.60071,-81.62745,county_centroid,Estimated,,,Violet,Fancy_Schools,B,Charity_Army,Wallet B,prospect,02_ACCOUNTS.penetration,False,Lindsay DiBernardo,,(904) 261-6610,850,1000,0,,False,False
duval_christ_s_church_academy,Christ's Church Academy,Duval,Jacksonville,30.34247,-81.68229,county_centroid,Estimated,,,Violet,Charity,B,Charity_Army,Wallet B,prospect,02_ACCOUNTS.penetration,False,John Stubblefield,,(904) 268-2500,850,1000,0,,False,False
camden_childtime_of_st_marys,Childtime of St. Marys,Camden,Kingsland / St. Marys GA,30.92389,-81.57086,county_centroid,Estimated,,,Violet,Charity,B,Charity_Army,Wallet B,prospect,02_ACCOUNTS.penetration,False,Arlicia Foreman,,,500,1000,0,,False,False
nassau_christ_fellowship_promiseland_preschool,Christ Fellowship Promiseland Preschool,Nassau,Fernandina Beach / Yulee,30.6053,-81.67386,county_centroid,Estimated,,,Violet,Charity,B,Charity_Army,Wallet B,prospect,02_ACCOUNTS.penetration,False,Eliza Spense,,,749,1000,0,,False,False
clay_grace_episcopal_day_school,Grace Episcopal Day School,Clay,Green Cove Springs / Fleming Island,29.96908,-81.7314,county_centroid,Estimated,,,Violet,Fancy_Schools,B,Charity_Army,Wallet B,prospect,02_ACCOUNTS.penetration,False,Elizabeth Zank,,,850,1000,0,,False,False
duval_jacksonville_country_day_school,Jacksonville Country Day School,Duval,Jacksonville,30.29987,-81.61891,county_centroid,Estimated,,,Violet,Fancy_Schools,B,Charity_Army,Wallet B,prospect,02_ACCOUNTS.penetration,False,Nathan Renstrom,,,850,1000,0,,False,False
st_johns_primrose_school_at_st_johns_forest,Primrose School at St. Johns Forest,St. Johns,St. Augustine / St. Johns,29.8851,-81.30221,county_centroid,Estimated,,,Violet,Charity,B,Charity_Army,Wallet B,prospect,02_ACCOUNTS.penetration,False,Dedra Blue,,,850,1000,0,,False,False
clay_primrose_school_of_fleming_island,Primrose School of Fleming Island,Clay,Fleming Island,30.07531,-81.73572,place_centroid,Estimated,,,Violet,Charity,B,Charity_Army,Wallet B,prospect,02_ACCOUNTS.penetration,False,Nakeeya Parsons,,,500,1000,0,,False,False
st_johns_primrose_school_of_ponte_vedra_at_nocatee,Primrose School of Ponte Vedra at Nocatee,St. Johns,Ponte Vedra,30.2391,-81.38915,place_centroid,Estimated,,,Violet,Charity,B,Charity_Army,Wallet B,prospect,02_ACCOUNTS.penetration,False,Ken Muller,,,500,1000,0,,False,False
nassau_publix_super_markets_2112,Publix Super Markets #2112,Nassau,Fernandina Beach / Yulee,30.58799,-81.6652,county_centroid,Estimated,,,Fest_Events,Corp_Field,B,Corporate_Field,Wallet B,prospect,02_ACCOUNTS.penetration,False,Josh Williamson,,(904) 557-9420,1000,1500,0,,False,False
clay_starbucks_metro_jacksonville_district,Starbucks (Metro Jacksonville district),Clay,Green Cove Springs / Fleming Island,30.01175,-81.74251,county_centroid,Estimated,,,Fest_Events,Corp_Field,B,Corporate_Field,Wallet B,prospect,02_ACCOUNTS.penetration,False,Ralph Malear,,(904) 276-6023,1000,1500,0,,False,False
duval_wawa,Wawa,Duval,Jacksonville,30.3307,-81.64251,county_centroid,Estimated,,,Fest_Events,Corp_Field,B,Corporate_Field,Wallet B,prospect,02_ACCOUNTS.penetration,False,Stephany Mooningham,,(904) 503-4903,1000,1500,0,,False,False
duval_chamberlain_university,Chamberlain University,Duval,Jacksonville,30.35407,-81.61976,county_centroid,Estimated,,,Fest_Events,Regional_Enterprise,B,Regional_Enterprise,Wallet B,prospect,02_ACCOUNTS.penetration,False,Donna Merolle,,(904) 251-8100,3000,8000,0,,False,True
duval_csx,CSX,Duval,Jacksonville,30.30012,-81.61872,county_centroid,Estimated,,,Fest_Events,Regional_Enterprise,B,Regional_Enterprise,Wallet B,prospect,02_ACCOUNTS.penetration,False,Riz Chand,,(904) 359-3200,3000,10000,0,,False,True
duval_deutsche_bank_jacksonville_campus,Deutsche Bank (Jacksonville campus),Duval,Jacksonville,30.34656,-81.63395,county_centroid,Estimated,,,Fest_Events,Regional_Enterprise,B,Regional_Enterprise,Wallet B,prospect,02_ACCOUNTS.penetration,False,Ashley Drugg,,(904) 279-8300,3000,8000,0,,False,True
duval_university_of_north_florida_recwell,University of North Florida RecWell,Duval,Jacksonville,30.33531,-81.64562,county_centroid,Estimated,,,Fest_Events,Regional_Enterprise,B,Regional_Enterprise,Wallet B,prospect,02_ACCOUNTS.penetration,False,Heather Kite,,(904) 620-1000,3000,8000,0,,False,True
nassau_amelia_springs_assisted_living,Amelia Springs Assisted Living,Nassau,Fernandina Beach / Yulee,30.59888,-81.62938,county_centroid,Estimated,,,Recurring_Weekday,Regional_Subscription,B,Regional_Subscription,Wallet B,customer,02_ACCOUNTS.penetration,True,,admin@ameliaspringsalf.com,(904) 261-9494,2000,3000,0,,False,True
nassau_amelia_island_museum_of_history,Amelia Island Museum of History,Nassau,Fernandina Beach / Yulee,30.58706,-81.63356,county_centroid,Estimated,,,Violet,Charity,B,Charity_Army,Wallet B,prospect,02_ACCOUNTS.penetration,False,Phyllis Davis,phyllis@ameliamuseum.org,904-261-7378 x101,1000,1500,0,,False,False
baker_baker_county_historical_society,Baker County Historical Society,Baker,Macclenny,30.33303,-82.14828,county_centroid,Estimated,,,Violet,Charity,B,Charity_Army,Wallet B,prospect,02_ACCOUNTS.penetration,False,Verona Burnham,bakerhistoricalsociety@gmail.com,(904) 259-0587,1000,1500,0,,False,False
duval_mandarin_museum_historical_society,Mandarin Museum & Historical Society,Duval,Mandarin,30.14227,-81.6477,place_centroid,Estimated,,,Violet,Charity,B,Charity_Army,Wallet B,prospect,02_ACCOUNTS.penetration,False,Brittany Cohill,director@mandarinmuseum.org,(904) 268-0784,1000,1500,0,,False,False
duval_riverside_avondale_preservation,Riverside Avondale Preservation,Duval,Riverside,30.31856,-81.70741,place_centroid,Estimated,,,Violet,Charity,B,Charity_Army,Wallet B,prospect,02_ACCOUNTS.penetration,False,Chloe Kuhn,chloe@riversideavondale.org,(904) 389-2449,1000,1500,0,,False,False
duval_san_marco_preservation_society,San Marco Preservation Society,Duval,Jacksonville,30.32718,-81.6376,county_centroid,Estimated,,,Violet,Charity,B,Charity_Army,Wallet B,prospect,02_ACCOUNTS.penetration,False,Sheri Webber,sheri@smpsjax.com,(904) 396-0081,1000,1500,0,,False,False
st_johns_st_augustine_historical_society,St. Augustine Historical Society,St. Johns,St. Augustine,29.87726,-81.29738,place_centroid,Estimated,,,Violet,Charity,B,Charity_Army,Wallet B,prospect,02_ACCOUNTS.penetration,False,Magen Altice,magen@sahs1883.com,(904) 824-2872,1000,1500,0,,False,False
st_johns_st_augustine_lighthouse_maritime_museum,St. Augustine Lighthouse & Maritime Museum,St. Johns,St. Augustine,29.89314,-81.31484,place_centroid,Estimated,,,Violet,Charity,B,Charity_Army,Wallet B,prospect,02_ACCOUNTS.penetration,False,Jason Titcomb,info@staugustinelighthouse.org,904-829-0745 ext. 218,1000,1500,0,,False,False
duval_chimney_lakes_elementary_pta,Chimney Lakes Elementary PTA,Duval,Jacksonville,30.30816,-81.65311,county_centroid,Estimated,,,Violet,Charity,B,Charity_Army,Wallet B,prospect,02_ACCOUNTS.penetration,False,,chimneylakespta@gmail.com,(904) 573-1100,1000,1200,0,,False,False
st_johns_freedom_crossing_academy_pto,Freedom Crossing Academy PTO,St. Johns,St. Augustine / St. Johns,29.87509,-81.31391,county_centroid,Estimated,,,Violet,Charity,B,Charity_Army,Wallet B,prospect,02_ACCOUNTS.penetration,False,,freedomcrossingacademypto@gmail.com,(904) 547-4231,1000,1200,0,,False,False
st_johns_julington_creek_elementary_pto,Julington Creek Elementary PTO,St. Johns,Julington Creek,30.07095,-81.54927,place_centroid,Estimated,,,Violet,Charity,B,Charity_Army,Wallet B,prospect,02_ACCOUNTS.penetration,False,,jcelempto@gmail.com,(904) 547-7980,1000,1200,0,,False,False
st_johns_pvpv_rawlings_elementary_pto,PVPV-Rawlings Elementary PTO,St. Johns,St. Augustine / St. Johns,29.91349,-81.31148,county_centroid,Estimated,,,Violet,Charity,B,Charity_Army,Wallet B,prospect,02_ACCOUNTS.penetration,False,,pvpvrawlingspto@gmail.com,(904) 547-8570,1000,1200,0,,False,False
st_johns_tpc_sawgrass,TPC Sawgrass,St. Johns,St. Augustine / St. Johns,29.88812,-81.29964,county_centroid,Estimated,,,Fest_Events,Regional_Enterprise,B,Regional_Enterprise,Wallet B,customer,bdr_tam_dialer.is_customer,False,,,(904) 273-3344,3000,8000,0,,False,True
camden_college_of_coastal_georgia,College of Coastal Georgia,Camden,Kingsland / St. Marys GA,30.90461,-81.50785,county_centroid,Estimated,,,Fest_Events,Regional_Enterprise,B,Regional_Enterprise,Wallet B,prospect,02_ACCOUNTS.penetration,False,Malcolm Jones,malcolm.jones@ccga.edu,(912) 279-5812,3000,8000,0,,False,True
duval_nova_southeastern_university,Nova Southeastern University,Duval,Jacksonville,30.29799,-81.65033,county_centroid,Estimated,,,Fest_Events,Regional_Enterprise,B,Regional_Enterprise,Wallet B,prospect,02_ACCOUNTS.penetration,False,Ginny Stevens,vstevens@nova.edu,(904) 245-8910,3000,8000,0,,False,True
clay_st_johns_river_state_college,St. Johns River State College,Clay,Green Cove Springs / Fleming Island,29.99661,-81.77062,county_centroid,Estimated,,,Fest_Events,Regional_Enterprise,B,Regional_Enterprise,Wallet B,prospect,02_ACCOUNTS.penetration,False,Grant Phillips,grantphillips@sjrstate.edu,(904) 276-6854,3000,8000,0,,False,True
duval_trinity_college_of_jacksonville_trinity_baptist_college,Trinity College of Jacksonville (Trinity Baptist College),Duval,Jacksonville,30.34953,-81.6294,county_centroid,Estimated,,,Fest_Events,Regional_Enterprise,B,Regional_Enterprise,Wallet B,customer,bdr_tam_dialer.is_customer,False,Carlin Poyner,cpoyner@tcj.edu,(904) 596-2300,3000,8000,0,,False,True
clay_diamond_assisted_living_and_memory_care,Diamond Assisted Living and Memory Care,Clay,Green Cove Springs / Fleming Island,29.96658,-81.75651,county_centroid,Estimated,,,Recurring_Weekday,Regional_Subscription,B,Regional_Subscription,Wallet B,prospect,02_ACCOUNTS.penetration,False,,,(904) 863-3000,2000,3000,0,,False,False
clay_anabelle_sandridge_cdd,Anabelle Sandridge CDD,Clay,Green Cove Springs / Fleming Island,29.97089,-81.78087,county_centroid,Estimated,,,Fest_Events,Regional_Enterprise,B,Regional_Enterprise,Wallet B,prospect,02_ACCOUNTS.penetration,False,,wrathellc@whassociates.com,(877) 276-0889,3000,8000,0,,True,True
duval_arbors_cdd,Arbors CDD,Duval,Jacksonville,30.34544,-81.6766,county_centroid,Estimated,,,Fest_Events,Regional_Enterprise,B,Regional_Enterprise,Wallet B,prospect,02_ACCOUNTS.penetration,False,,info@arborscdd.net,(877) 276-0889,3000,8000,0,,True,True
duval_boggy_branch_eastwood_jtb_hoa,Boggy Branch / Eastwood / JTB HOA,Duval,Jacksonville,30.3169,-81.64007,county_centroid,Estimated,,,Fest_Events,Regional_Enterprise,B,Regional_Enterprise,Wallet B,prospect,02_ACCOUNTS.penetration,False,,carvalhov@pfm.com,(407) 723-5900,3000,8000,0,,True,True
st_johns_canopy_walk_condominium_association,Canopy Walk Condominium Association,St. Johns,St. Augustine / St. Johns,29.92461,-81.30518,county_centroid,Estimated,,,Fest_Events,Regional_Enterprise,B,Regional_Enterprise,Wallet B,prospect,02_ACCOUNTS.penetration,False,,customerservice@maymgt.com,(904) 461-9708,3000,8000,0,,False,True
st_johns_coastal_oaks_at_nocatee_carriage_homes,Coastal Oaks at Nocatee Carriage Homes,St. Johns,Nocatee,30.09398,-81.43432,place_centroid,Estimated,,,Fest_Events,Regional_Enterprise,B,Regional_Enterprise,Wallet B,prospect,02_ACCOUNTS.penetration,False,,customerservice@maymgt.com,(904) 273-9832,3000,8000,0,,False,True
st_johns_coastal_oaks_at_nocatee_hoa,Coastal Oaks at Nocatee HOA,St. Johns,Nocatee,30.09349,-81.43229,place_centroid,Estimated,,,Fest_Events,Regional_Enterprise,B,Regional_Enterprise,Wallet B,prospect,02_ACCOUNTS.penetration,False,,customerservice@maymgt.com,(904) 461-9708,3000,8000,0,,True,True
clay_creekview_cdd,Creekview CDD,Clay,Green Cove Springs / Fleming Island,30.00314,-81.72896,county_centroid,Estimated,,,Fest_Events,Regional_Enterprise,B,Regional_Enterprise,Wallet B,prospect,02_ACCOUNTS.penetration,False,,wrathellc@whassociates.com,(877) 276-0889,3000,8000,0,,True,True
clay_governors_park_hoa,Governors Park HOA,Clay,Green Cove Springs / Fleming Island,30.03237,-81.73273,county_centroid,Estimated,,,Fest_Events,Regional_Enterprise,B,Regional_Enterprise,Wallet B,prospect,02_ACCOUNTS.penetration,False,,info@governorsparknorthcdd.net,(877) 276-0889,3000,8000,0,,True,True
clay_governors_park_north_cdd,Governors Park North CDD,Clay,Green Cove Springs / Fleming Island,29.97559,-81.76265,county_centroid,Estimated,,,Fest_Events,Regional_Enterprise,B,Regional_Enterprise,Wallet B,prospect,02_ACCOUNTS.penetration,False,,info@governorsparknorthcdd.net,(877) 276-0889,3000,8000,0,,True,True
clay_governors_park_south_cdd,Governors Park South CDD,Clay,Green Cove Springs / Fleming Island,29.98753,-81.78628,county_centroid,Estimated,,,Fest_Events,Regional_Enterprise,B,Regional_Enterprise,Wallet B,prospect,02_ACCOUNTS.penetration,False,,info@governorsparksouthcdd.net,(877) 276-0889,3000,8000,0,,True,True
st_johns_greenbriar_helow_hoa,Greenbriar / Helow HOA,St. Johns,St. Augustine / St. Johns,29.93269,-81.30419,county_centroid,Estimated,,,Fest_Events,Regional_Enterprise,B,Regional_Enterprise,Wallet B,prospect,02_ACCOUNTS.penetration,False,,info@greenbriarcdd.net,(877) 276-0889,3000,8000,0,,True,True
st_johns_greenbriar_cdd,Greenbriar CDD,St. Johns,St. Augustine / St. Johns,29.86334,-81.33947,county_centroid,Estimated,,,Fest_Events,Regional_Enterprise,B,Regional_Enterprise,Wallet B,prospect,02_ACCOUNTS.penetration,False,,info@greenbriarcdd.net,(877) 276-0889,3000,8000,0,,True,True
clay_lakes_at_bella_lago_cdd,Lakes at Bella Lago CDD,Clay,Green Cove Springs / Fleming Island,30.01123,-81.78604,county_centroid,Estimated,,,Fest_Events,Regional_Enterprise,B,Regional_Enterprise,Wallet B,prospect,02_ACCOUNTS.penetration,False,,wrathellc@whassociates.com,(877) 276-0889,3000,8000,0,,True,True
nassau_liberty_cove_cdd,Liberty Cove CDD,Nassau,Fernandina Beach / Yulee,30.58724,-81.64536,county_centroid,Estimated,,,Fest_Events,Regional_Enterprise,B,Regional_Enterprise,Wallet B,prospect,02_ACCOUNTS.penetration,False,,info@libertycovecdd.net,(877) 276-0889,3000,10000,0,,True,True
st_johns_marsh_creek_hoa,Marsh Creek HOA,St. Johns,St. Augustine / St. Johns,29.91319,-81.29269,county_centroid,Estimated,,,Fest_Events,Regional_Enterprise,B,Regional_Enterprise,Wallet B,prospect,02_ACCOUNTS.penetration,False,,customerservice@maymgt.com,(904) 461-9708,3000,8000,0,,True,True
st_johns_ocean_palms_hoa,Ocean Palms HOA,St. Johns,St. Augustine / St. Johns,29.88865,-81.31585,county_centroid,Estimated,,,Fest_Events,Regional_Enterprise,B,Regional_Enterprise,Wallet B,prospect,02_ACCOUNTS.penetration,False,,customerservice@maymgt.com,(904) 273-9832,3000,8000,0,,True,True
st_johns_orange_branch_cdd,Orange Branch CDD,St. Johns,St. Augustine / St. Johns,29.895,-81.29401,county_centroid,Estimated,,,Fest_Events,Regional_Enterprise,B,Regional_Enterprise,Wallet B,prospect,02_ACCOUNTS.penetration,False,,info@orangebranchcdd.net,(877) 276-0889,3000,8000,0,,True,True
duval_ryals_creek_cdd,Ryals Creek CDD,Duval,Jacksonville,30.34694,-81.6427,county_centroid,Estimated,,,Fest_Events,Regional_Enterprise,B,Regional_Enterprise,Wallet B,prospect,02_ACCOUNTS.penetration,False,,info@ryalscreekcdd.net,(877) 276-0889,3000,8000,0,,True,True
clay_sandridge_cdd,Sandridge CDD,Clay,Green Cove Springs / Fleming Island,29.96759,-81.78569,county_centroid,Estimated,,,Fest_Events,Regional_Enterprise,B,Regional_Enterprise,Wallet B,prospect,02_ACCOUNTS.penetration,False,,wrathellc@whassociates.com,(877) 276-0889,3000,8000,0,,True,True
clay_shadowlawn_cdd,Shadowlawn CDD,Clay,Green Cove Springs / Fleming Island,30.02881,-81.78104,county_centroid,Estimated,,,Fest_Events,Regional_Enterprise,B,Regional_Enterprise,Wallet B,prospect,02_ACCOUNTS.penetration,False,,info@shadowlawncdd.net,(877) 276-0889,3000,8000,0,,True,True
nassau_three_rivers_tributary_hoa,Three Rivers / Tributary HOA,Nassau,Fernandina Beach / Yulee,30.57877,-81.63923,county_centroid,Estimated,,,Fest_Events,Regional_Enterprise,B,Regional_Enterprise,Wallet B,prospect,02_ACCOUNTS.penetration,False,,info@threeriverscdd.com,(561) 571-0010,3000,8000,0,,True,True
st_johns_world_commerce_area_hoa,World Commerce area HOA,St. Johns,St. Augustine / St. Johns,29.89788,-81.28513,county_centroid,Estimated,,,Fest_Events,Regional_Enterprise,B,Regional_Enterprise,Wallet B,prospect,02_ACCOUNTS.penetration,False,,customerservice@maymgt.com,(904) 940-1002,3000,8000,0,,True,True
st_johns_world_golf_village_master_neighborhood_hoas,World Golf Village Master / neighborhood HOAs,St. Johns,World Golf Village,29.94417,-81.41289,place_centroid,Estimated,,,Fest_Events,Regional_Enterprise,B,Regional_Enterprise,Wallet B,prospect,02_ACCOUNTS.penetration,False,,customerservice@maymgt.com,(904) 940-1002,3000,8000,0,,False,True
nassau_christ_fellowship_church,Christ Fellowship Church,Nassau,Fernandina Beach / Yulee,30.60289,-81.64879,county_centroid,Estimated,,,Violet,Charity,B,Charity_Army,Wallet B,prospect,02_ACCOUNTS.penetration,False,Amanda Morton,,,749,1000,0,,False,False
st_johns_collage_day_school,Collage Day School,St. Johns,St. Augustine / St. Johns,29.89305,-81.29964,county_centroid,Estimated,,,Violet,Charity,B,Charity_Army,Wallet B,prospect,02_ACCOUNTS.penetration,False,Kris Conway,,,850,1000,0,,False,False
duval_episcopal_school_of_jacksonville_st_mark_s_campus,Episcopal School of Jacksonville - St. Mark's Campus,Duval,Jacksonville,30.36959,-81.68119,county_centroid,Estimated,,,Violet,Fancy_Schools,B,Charity_Army,Wallet B,prospect,02_ACCOUNTS.penetration,False,Beville Anderson,,,850,1000,0,,False,False
clay_clay_county_historical_society,Clay County Historical Society,Clay,Green Cove Springs / Fleming Island,30.01685,-81.74966,county_centroid,Estimated,,,Violet,Charity,B,Charity_Army,Wallet B,prospect,02_ACCOUNTS.penetration,False,John Bowles,,(904) 284-9644,1000,1500,0,,False,False
nassau_west_nassau_historical_society,West Nassau Historical Society,Nassau,Fernandina Beach / Yulee,30.59393,-81.61936,county_centroid,Estimated,,,Violet,Charity,B,Charity_Army,Wallet B,prospect,02_ACCOUNTS.penetration,False,John Hendricks,,(904) 879-3406,1000,1500,0,,False,False
st_johns_ximenez_fatio_house_museum,Ximenez-Fatio House Museum,St. Johns,St. Augustine / St. Johns,29.89786,-81.34015,county_centroid,Estimated,,,Violet,Charity,B,Charity_Army,Wallet B,prospect,02_ACCOUNTS.penetration,False,Julie Gatlin,,(904) 829-3575,1000,1500,0,,False,False
duval_atlantic_coast_high_ptsa,Atlantic Coast High PTSA,Duval,Jacksonville,30.31949,-81.63234,county_centroid,Estimated,,,Violet,Charity,C,Charity_Army,Wallet C,prospect,02_ACCOUNTS.penetration,False,Erin Ware,atlanticcoasthsptsa@gmail.com,,1000,1200,0,,False,False
duval_bartram_springs_elementary_pta,Bartram Springs Elementary PTA,Duval,Bartram,30.12944,-81.55777,place_centroid,Estimated,,,Violet,Charity,C,Charity_Army,Wallet C,prospect,02_ACCOUNTS.penetration,True,Megan Figuerrez,bseptapres@gmail.com,,1000,1200,0,,False,False
duval_citi_jacksonville_campus,Citi (Jacksonville campus),Duval,Jacksonville,30.31552,-81.6667,county_centroid,Estimated,,,Fest_Events,Regional_Enterprise,C,Regional_Enterprise,Wallet C,prospect,02_ACCOUNTS.penetration,False,Michelle Carrico,,(904) 954-7500,3000,8000,0,,False,True
duval_fidelity_national_financial,Fidelity National Financial,Duval,Jacksonville,30.31092,-81.63319,county_centroid,Estimated,,,Fest_Events,Regional_Enterprise,C,Regional_Enterprise,Wallet C,prospect,02_ACCOUNTS.penetration,False,Karen Turner,,(904) 854-8100,3000,8000,0,,False,True
clay_cross_creek_hoa,Cross Creek HOA,Clay,Green Cove Springs / Fleming Island,29.96155,-81.73473,county_centroid,Estimated,,,Fest_Events,Regional_Enterprise,C,Regional_Enterprise,Wallet C,prospect,02_ACCOUNTS.penetration,False,,,(904) 940-5850,3000,8000,0,,True,True
st_johns_marsh_landing_hoa,Marsh Landing HOA,St. Johns,St. Augustine / St. Johns,29.87753,-81.33396,county_centroid,Estimated,,,Fest_Events,Regional_Enterprise,C,Regional_Enterprise,Wallet C,prospect,02_ACCOUNTS.penetration,False,,,(904) 273-9832,3000,8000,0,,True,True
duval_the_trails_hoa,The Trails HOA,Duval,Jacksonville,30.36104,-81.66145,county_centroid,Estimated,,,Fest_Events,Regional_Enterprise,C,Regional_Enterprise,Wallet C,prospect,02_ACCOUNTS.penetration,False,,,(904) 386-0186,3000,8000,0,,True,True
duval_trails_cdd,Trails CDD,Duval,Jacksonville,30.33302,-81.68767,county_centroid,Estimated,,,Fest_Events,Regional_Enterprise,C,Regional_Enterprise,Wallet C,prospect,02_ACCOUNTS.penetration,False,,,(904) 386-0186,3000,8000,0,,True,True
st_johns_first_coast_technical_college,First Coast Technical College,St. Johns,St. Augustine / St. Johns,29.92935,-81.27683,county_centroid,Estimated,,,Fest_Events,Regional_Enterprise,C,Regional_Enterprise,Wallet C,prospect,02_ACCOUNTS.penetration,False,,fctcstudentservices@stjohns.k12.fl.us,(904) 547-3282,3000,8000,0,,False,True
duval_jacksonville_history_center,Jacksonville History Center,Duval,Jacksonville,30.34695,-81.66131,county_centroid,Estimated,,,Violet,Charity,C,Charity_Army,Wallet C,prospect,02_ACCOUNTS.penetration,False,Alan Bliss,alan.bliss@jaxhistory.org,(904) 665-0064,1000,1500,0,,False,False
camden_st_marys_main_street,St. Marys Main Street,Camden,Kingsland / St. Marys GA,30.90407,-81.57947,county_centroid,Estimated,,,Violet,Charity,C,Charity_Army,Wallet C,prospect,02_ACCOUNTS.penetration,False,Candace Pullum,cpullum@stmarysga.gov,(912) 510-4042,1000,1500,0,,False,False
duval_seven_pines_hoa,Seven Pines HOA,Duval,Jacksonville,30.35986,-81.65627,county_centroid,Estimated,,,Fest_Events,Regional_Enterprise,C,Regional_Enterprise,Wallet C,prospect,02_ACCOUNTS.penetration,False,,,,3000,8000,0,,True,True
duval_frank_h_peterson_academies_ptsa,Frank H. Peterson Academies PTSA,Duval,Jacksonville,30.31262,-81.66864,county_centroid,Estimated,,,Violet,Charity,C,Charity_Army,Wallet C,prospect,02_ACCOUNTS.penetration,False,Anna Maria Charles,,,1000,1200,0,,False,False
duval_john_n_c_stockton_elementary_pta,John N. C. Stockton Elementary PTA,Duval,Jacksonville,30.35832,-81.67508,county_centroid,Estimated,,,Violet,Charity,C,Charity_Army,Wallet C,prospect,02_ACCOUNTS.penetration,False,Katy Proulx,,,1000,1200,0,,False,False
duval_embassy_suites_by_hilton_jacksonville_baymeadows,Embassy Suites by Hilton Jacksonville Baymeadows,Duval,Southside,30.24871,-81.58393,place_centroid,Estimated,,,Fest_Events,Regional_Enterprise,C,Regional_Enterprise,Wallet C,prospect,02_ACCOUNTS.penetration,False,Clay Buchanan,,(904) 731-3555,3000,6000,0,,False,True
duval_hyatt_regency_jacksonville_riverfront,Hyatt Regency Jacksonville Riverfront,Duval,Jacksonville,30.31698,-81.66308,county_centroid,Estimated,,,Fest_Events,Regional_Enterprise,C,Regional_Enterprise,Wallet C,prospect,02_ACCOUNTS.penetration,False,Kate De Master,,(904) 588-1234,3000,6000,0,,False,True
nassau_omni_amelia_island_resort,Omni Amelia Island Resort,Nassau,Fernandina Beach / Yulee,30.62073,-81.62683,county_centroid,Estimated,,,Fest_Events,Regional_Enterprise,C,Regional_Enterprise,Wallet C,prospect,02_ACCOUNTS.penetration,False,Gary Bleil,,(904) 735-6258,3000,6000,0,,False,True
nassau_the_ritz_carlton_amelia_island,The Ritz-Carlton Amelia Island,Nassau,Fernandina Beach / Yulee,30.62573,-81.67489,county_centroid,Estimated,,,Fest_Events,Regional_Enterprise,C,Regional_Enterprise,Wallet C,prospect,02_ACCOUNTS.penetration,False,Gary Virden,,(904) 277-1100,3000,6000,0,,False,True
clay_seagrass_village_of_fleming_island,Seagrass Village of Fleming Island,Clay,Fleming Island,30.08883,-81.71456,place_centroid,Estimated,,,Recurring_Weekday,Regional_Subscription,C,Regional_Subscription,Wallet C,customer,bdr_tam_dialer.is_customer,False,,life@seagrassvillagefi.com,(904) 592-1100,2000,3000,0,,False,True
st_johns_starling_at_nocatee,Starling at Nocatee,St. Johns,Nocatee,30.10571,-81.41258,place_centroid,Estimated,,,Recurring_Weekday,Regional_Subscription,C,Regional_Subscription,Wallet C,customer,bdr_tam_dialer.is_customer,False,,nocatee@starlingliving.com,(904) 686-2000,2000,3000,0,,False,True
duval_starling_at_san_jose,Starling at San Jose,Duval,Jacksonville,30.35301,-81.64484,county_centroid,Estimated,,,Recurring_Weekday,Regional_Subscription,C,Regional_Subscription,Wallet C,prospect,02_ACCOUNTS.penetration,False,,sanjose@starlingliving.com,(904) 510-5482,2000,3000,0,,False,False
duval_stanton_college_preparatory_school_ptsa,Stanton College Preparatory School PTSA,Duval,Jacksonville,30.33597,-81.67107,county_centroid,Estimated,,,Violet,Charity,C,Charity_Army,Wallet C,prospect,02_ACCOUNTS.penetration,False,,stantonptsapresident@gmail.com,,1000,1200,0,,False,False
duval_garden_club_of_jacksonville,Garden Club of Jacksonville,Duval,Jacksonville,30.34308,-81.67572,county_centroid,Estimated,,,Violet,Charity,C,Charity_Army,Wallet C,prospect,02_ACCOUNTS.penetration,False,Sonja Jones,,(904) 355-4224,1000,1500,0,,False,False
nassau_adrick_partners_llc_dba_mcdonald_s_callahan_fey_family_se_ga,Adrick Partners LLC dba McDonald's (Callahan) / Fey family SE GA,Nassau,Fernandina Beach / Yulee,30.61356,-81.62125,county_centroid,Estimated,,,Fest_Events,Corp_Field,C,Corporate_Field,Wallet C,prospect,02_ACCOUNTS.penetration,False,Adam Fey,,,1000,1500,0,,False,False
duval_allman_enterprises_mcdonald_s_jacksonville,Allman Enterprises (McDonald's Jacksonville),Duval,Jacksonville,30.31766,-81.67124,county_centroid,Estimated,,,Fest_Events,Corp_Field,C,Corporate_Field,Wallet C,prospect,02_ACCOUNTS.penetration,False,Joseph DiMartino,,,1000,1500,0,,False,False
duval_chick_fil_a_metro_jacksonville,Chick-fil-A (Metro Jacksonville),Duval,Jacksonville,30.36318,-81.67101,county_centroid,Estimated,,,Fest_Events,Corp_Field,C,Corporate_Field,Wallet C,prospect,02_ACCOUNTS.penetration,False,Joel Parker,,,1000,1500,0,,False,False
duval_crisgar_corporation_khian_corp_dba_mcdonald_s,Crisgar Corporation / Khian Corp. dba McDonald's,Duval,Jacksonville,30.36795,-81.63522,county_centroid,Estimated,,,Fest_Events,Corp_Field,C,Corporate_Field,Wallet C,prospect,02_ACCOUNTS.penetration,False,Will Garcia,,,1000,1500,0,,False,False
clay_crisgar_corporation_dba_mcdonald_s,Crisgar Corporation dba McDonald's,Clay,Green Cove Springs / Fleming Island,30.02693,-81.76036,county_centroid,Estimated,,,Fest_Events,Corp_Field,C,Corporate_Field,Wallet C,prospect,02_ACCOUNTS.penetration,False,Will Garcia,,,1000,1500,0,,False,False
duval_d_mor_inc_dba_mcdonald_s,D Mor Inc dba McDonald's,Duval,Jacksonville,30.32054,-81.65333,county_centroid,Estimated,,,Fest_Events,Corp_Field,C,Corporate_Field,Wallet C,prospect,02_ACCOUNTS.penetration,False,Deborah Moreland,,,1000,1500,0,,False,False
duval_jd_asg_mgmt_co_inc_mcdonald_s_jacksonville_beach,JD-ASG Mgmt Co. Inc. / McDonald's (Jacksonville Beach),Duval,Jacksonville Beach,30.28887,-81.40406,place_centroid,Estimated,,,Fest_Events,Corp_Field,C,Corporate_Field,Wallet C,prospect,02_ACCOUNTS.penetration,False,Shaun Guske,,,1000,1500,0,,False,False
duval_jd_asg_mgmt_co_inc_dba_mcdonald_s,JD-ASG Mgmt Co. Inc. dba McDonald's,Duval,Jacksonville,30.29693,-81.6697,county_centroid,Estimated,,,Fest_Events,Corp_Field,C,Corporate_Field,Wallet C,prospect,02_ACCOUNTS.penetration,False,Adam Guske,,,1000,1500,0,,False,False
clay_kassidy_management_llc_dba_mcdonald_s,Kassidy Management LLC dba McDonald's,Clay,Green Cove Springs / Fleming Island,30.0195,-81.7733,county_centroid,Estimated,,,Fest_Events,Corp_Field,C,Corporate_Field,Wallet C,prospect,02_ACCOUNTS.penetration,False,Joe King,,,1000,1500,0,,False,False
clay_mcdonald_s_of_orange_park_king_organization,McDonald's of Orange Park (King organization),Clay,Orange Park,30.16327,-81.70552,place_centroid,Estimated,,,Fest_Events,Corp_Field,C,Corporate_Field,Wallet C,prospect,02_ACCOUNTS.penetration,False,Scooter McLeod,,,1000,1500,0,,False,False
clay_the_king_group_mcdonald_s_of_orange_park,The King Group / McDonald's of Orange Park,Clay,Orange Park,30.15358,-81.70582,place_centroid,Estimated,,,Fest_Events,Corp_Field,C,Corporate_Field,Wallet C,prospect,02_ACCOUNTS.penetration,False,Karen King,,,1000,1500,0,,False,False
st_johns_upchurch_management_mcdonald_s,Upchurch Management (McDonald's),St. Johns,St. Augustine / St. Johns,29.8978,-81.29395,county_centroid,Estimated,,,Fest_Events,Corp_Field,C,Corporate_Field,Wallet C,prospect,02_ACCOUNTS.penetration,False,Brent Upchurch,,,1000,1500,0,,False,False
duval_five_points_association,Five Points Association,Duval,Jacksonville,30.31484,-81.68625,county_centroid,Estimated,,,Violet,Charity,C,Charity_Army,Wallet C,prospect,02_ACCOUNTS.penetration,False,Stephen Ezell,info@fivepointsassociation.org,,1000,1500,0,,False,False
clay_historical_society_of_orange_park,Historical Society of Orange Park,Clay,Orange Park,30.17155,-81.6913,place_centroid,Estimated,,,Violet,Charity,C,Charity_Army,Wallet C,prospect,02_ACCOUNTS.penetration,False,Cynthia Cheatwood,info@ophistory.org,,1000,1500,0,,False,False
duval_murray_hill_preservation_association,Murray Hill Preservation Association,Duval,Westside,30.30043,-81.76527,place_centroid,Estimated,,,Violet,Charity,C,Charity_Army,Wallet C,prospect,02_ACCOUNTS.penetration,False,Daniel Mattson-Boze,pr@murrayhilljax.com,,1000,1500,0,,False,False
duval_san_marco_merchants_association,San Marco Merchants Association,Duval,Jacksonville,30.35884,-81.69025,county_centroid,Estimated,,,Violet,Charity,C,Charity_Army,Wallet C,prospect,02_ACCOUNTS.penetration,False,Leah Roesler,leah@sanmarcomerchants.com,,1000,1500,0,,False,False
st_johns_alice_b_landrum_middle_school_pto,Alice B. Landrum Middle School PTO,St. Johns,St. Augustine / St. Johns,29.89858,-81.2986,county_centroid,Estimated,,,Violet,Charity,C,Charity_Army,Wallet C,prospect,02_ACCOUNTS.penetration,False,Jessica Sellers,jessicamsellers@gmail.com,,1000,1200,0,,False,False
duval_andrew_jackson_high_ptsa,Andrew Jackson High PTSA,Duval,Jacksonville,30.31266,-81.67173,county_centroid,Estimated,,,Violet,Charity,C,Charity_Army,Wallet C,prospect,02_ACCOUNTS.penetration,False,Deidra Gardner,ajhsat.ptsa@gmail.com,,1000,1200,0,,False,False
duval_duval_county_council_of_ptas_ptsas,Duval County Council of PTAs/PTSAs,Duval,Jacksonville,30.31089,-81.68459,county_centroid,Estimated,,,Violet,Charity,C,Charity_Army,Wallet C,prospect,02_ACCOUNTS.penetration,False,Bobbie Brewer,localunits@dccpta.org,,1000,1200,0,,False,False
st_johns_st_augustine_high_school_hive_pto,St. Augustine High School Hive PTO,St. Johns,St. Augustine,29.878,-81.30477,place_centroid,Estimated,,,Violet,Charity,C,Charity_Army,Wallet C,prospect,02_ACCOUNTS.penetration,False,Ailee Somaru,aileepoland@hotmail.com,,1000,1200,0,,False,False
duval_stanton_parents_association,Stanton Parents Association,Duval,Jacksonville,30.36414,-81.6739,county_centroid,Estimated,,,Violet,Charity,C,Charity_Army,Wallet C,prospect,02_ACCOUNTS.penetration,False,Jamie Guess,board@stantonspa.com,,1000,1200,0,,False,False
clay_acacia_grove_assisted_living_facility_llc,Acacia Grove Assisted Living Facility LLC,Clay,Green Cove Springs / Fleming Island,30.03158,-81.72258,county_centroid,Estimated,,,Recurring_Weekday,Regional_Subscription,C,Regional_Subscription,Wallet C,prospect,02_ACCOUNTS.penetration,False,,,(904) 327-5584,2000,3000,0,,False,False
duval_almost_home,Almost Home,Duval,Jacksonville,30.34327,-81.64325,county_centroid,Estimated,,,Recurring_Weekday,Regional_Subscription,C,Regional_Subscription,Wallet C,prospect,02_ACCOUNTS.penetration,False,,,(904) 292-9600,2000,3000,0,,False,False
duval_anthem_lakes_waterview_senior_living,Anthem Lakes Waterview Senior Living,Duval,Jacksonville,30.31697,-81.65091,county_centroid,Estimated,,,Recurring_Weekday,Regional_Subscription,C,Regional_Subscription,Wallet C,customer,bdr_tam_dialer.is_customer,False,,,(904) 746-7220,2000,3000,0,,False,True
duval_arlington_adult_residential_facility_inc,Arlington Adult Residential Facility Inc.,Duval,Arlington,30.33878,-81.57428,place_centroid,Estimated,,,Recurring_Weekday,Regional_Subscription,C,Regional_Subscription,Wallet C,prospect,02_ACCOUNTS.penetration,False,,,(904) 725-6600,2000,3000,0,,False,False
duval_arlington_haven_alf,Arlington Haven ALF,Duval,Arlington,30.35699,-81.58985,place_centroid,Estimated,,,Recurring_Weekday,Regional_Subscription,C,Regional_Subscription,Wallet C,prospect,02_ACCOUNTS.penetration,False,,,(904) 743-9069,2000,3000,0,,False,False
duval_bartram_lakes_assisted_living,Bartram Lakes Assisted Living,Duval,Bartram,30.15588,-81.54009,place_centroid,Estimated,,,Recurring_Weekday,Regional_Subscription,C,Regional_Subscription,Wallet C,customer,bdr_tam_dialer.is_customer,True,,,(904) 528-3500,2000,3000,0,,False,True
duval_bishop_christian_home_inc,"Bishop Christian Home, Inc.",Duval,Jacksonville,30.30357,-81.68724,county_centroid,Estimated,,,Recurring_Weekday,Regional_Subscription,C,Regional_Subscription,Wallet C,prospect,02_ACCOUNTS.penetration,False,,,(904) 355-9731,2000,3000,0,,False,False
duval_brighter_days_senior_living_llc,Brighter Days Senior Living LLC,Duval,Jacksonville,30.31153,-81.68083,county_centroid,Estimated,,,Recurring_Weekday,Regional_Subscription,C,Regional_Subscription,Wallet C,prospect,02_ACCOUNTS.penetration,False,,,(904) 683-1580,2000,3000,0,,False,False
duval_brookdale_avondale,Brookdale Avondale,Duval,Riverside,30.3099,-81.69826,place_centroid,Estimated,,,Recurring_Weekday,Regional_Subscription,C,Regional_Subscription,Wallet C,prospect,02_ACCOUNTS.penetration,False,,,(904) 389-5959,2000,3000,0,,False,False
duval_brookdale_crown_point,Brookdale Crown Point,Duval,Jacksonville,30.3471,-81.67197,county_centroid,Estimated,,,Recurring_Weekday,Regional_Subscription,C,Regional_Subscription,Wallet C,prospect,02_ACCOUNTS.penetration,False,,,(904) 288-8700,2000,3000,0,,False,False
duval_brookdale_mandarin,Brookdale Mandarin,Duval,Mandarin,30.1601,-81.65161,place_centroid,Estimated,,,Recurring_Weekday,Regional_Subscription,C,Regional_Subscription,Wallet C,customer,bdr_tam_dialer.is_customer,False,,,(904) 260-0800,2000,3000,0,,False,True
duval_brookdale_mandarin_central,Brookdale Mandarin Central,Duval,Mandarin,30.13609,-81.63596,place_centroid,Estimated,,,Recurring_Weekday,Regional_Subscription,C,Regional_Subscription,Wallet C,customer,bdr_tam_dialer.is_customer,False,,,(904) 880-4040,2000,3000,0,,False,True
clay_brookdale_orange_park,Brookdale Orange Park,Clay,Orange Park,30.15308,-81.69753,place_centroid,Estimated,,,Recurring_Weekday,Regional_Subscription,C,Regional_Subscription,Wallet C,customer,bdr_tam_dialer.is_customer,False,,,(904) 264-0207,2000,3000,0,,False,True
duval_brookdale_southpoint,Brookdale Southpoint,Duval,Jacksonville,30.33229,-81.63542,county_centroid,Estimated,,,Recurring_Weekday,Regional_Subscription,C,Regional_Subscription,Wallet C,customer,bdr_tam_dialer.is_customer,False,,,(904) 296-2384,2000,3000,0,,False,True
duval_brookdale_southside,Brookdale Southside,Duval,Southside,30.23083,-81.58409,place_centroid,Estimated,,,Recurring_Weekday,Regional_Subscription,C,Regional_Subscription,Wallet C,customer,bdr_tam_dialer.is_customer,False,,,(904) 641-7501,2000,3000,0,,False,True
st_johns_brookdale_st_augustine,Brookdale St Augustine,St. Johns,St. Augustine,29.90739,-81.306,place_centroid,Estimated,,,Recurring_Weekday,Regional_Subscription,C,Regional_Subscription,Wallet C,prospect,02_ACCOUNTS.penetration,False,,,(904) 794-9988,2000,3000,0,,False,False
duval_camellia_at_deerwood,Camellia at Deerwood,Duval,Jacksonville,30.33366,-81.68783,county_centroid,Estimated,,,Recurring_Weekday,Regional_Subscription,C,Regional_Subscription,Wallet C,customer,bdr_tam_dialer.is_customer,False,,,(904) 831-1418,2000,3000,0,,False,True
clay_canterfield_of_clay_county,Canterfield of Clay County,Clay,Green Cove Springs / Fleming Island,29.9832,-81.78616,county_centroid,Estimated,,,Recurring_Weekday,Regional_Subscription,C,Regional_Subscription,Wallet C,customer,bdr_tam_dialer.is_customer,False,,,(904) 203-6100,2000,3000,0,,False,True
st_johns_coral_landing,Coral Landing,St. Johns,St. Augustine / St. Johns,29.85895,-81.33909,county_centroid,Estimated,,,Recurring_Weekday,Regional_Subscription,C,Regional_Subscription,Wallet C,prospect,02_ACCOUNTS.penetration,False,,,(954) 461-7435,2000,3000,0,,False,False
nassau_country_villa_alf,Country Villa ALF,Nassau,Fernandina Beach / Yulee,30.57243,-81.66499,county_centroid,Estimated,,,Recurring_Weekday,Regional_Subscription,C,Regional_Subscription,Wallet C,prospect,02_ACCOUNTS.penetration,False,,,(904) 635-6081,2000,3000,0,,False,False
putnam_crescent_lake_house,Crescent Lake House,Putnam,Palatka,29.6561,-81.63928,county_centroid,Estimated,,,Recurring_Weekday,Regional_Subscription,C,Regional_Subscription,Wallet C,prospect,02_ACCOUNTS.penetration,False,,,(386) 698-1444,2000,3000,0,,False,False
nassau_dayspring_senior_living_llc,Dayspring Senior Living LLC,Nassau,Fernandina Beach / Yulee,30.61511,-81.65085,county_centroid,Estimated,,,Recurring_Weekday,Regional_Subscription,C,Regional_Subscription,Wallet C,prospect,02_ACCOUNTS.penetration,False,,,(904) 845-1940,2000,3000,0,,False,False
nassau_dayspring_village_inc,"Dayspring Village, Inc.",Nassau,Fernandina Beach / Yulee,30.62306,-81.64651,county_centroid,Estimated,,,Recurring_Weekday,Regional_Subscription,C,Regional_Subscription,Wallet C,prospect,02_ACCOUNTS.penetration,False,,,(904) 845-7501,2000,3000,0,,False,False
duval_discovery_commons_san_pablo,Discovery Commons San Pablo,Duval,Jacksonville,30.31394,-81.69334,county_centroid,Estimated,,,Recurring_Weekday,Regional_Subscription,C,Regional_Subscription,Wallet C,customer,bdr_tam_dialer.is_customer,False,,,(904) 821-9900,2000,3000,0,,False,True
clay_discovery_village_fleming_island,Discovery Village Fleming Island,Clay,Fleming Island,30.10313,-81.7156,place_centroid,Estimated,,,Recurring_Weekday,Regional_Subscription,C,Regional_Subscription,Wallet C,prospect,02_ACCOUNTS.penetration,False,,,(904) 278-4442,2000,3000,0,,False,False
st_johns_discovery_village_st_augustine,Discovery Village St. Augustine,St. Johns,St. Augustine,29.90975,-81.29987,place_centroid,Estimated,,,Recurring_Weekday,Regional_Subscription,C,Regional_Subscription,Wallet C,customer,bdr_tam_dialer.is_customer,False,,,(904) 460-9100,2000,3000,0,,False,True
duval_diversity_me,Diversity Me,Duval,Jacksonville,30.31044,-81.6738,county_centroid,Estimated,,,Recurring_Weekday,Regional_Subscription,C,Regional_Subscription,Wallet C,prospect,02_ACCOUNTS.penetration,False,,,(904) 355-6819,2000,3000,0,,False,False
duval_empowering_home_care_group_homes_llc,"Empowering Home Care Group Homes, LLC",Duval,Jacksonville,30.36613,-81.68059,county_centroid,Estimated,,,Recurring_Weekday,Regional_Subscription,C,Regional_Subscription,Wallet C,prospect,02_ACCOUNTS.penetration,False,,,(904) 638-2622,2000,3000,0,,False,False
nassau_fellowship_amelia_island,Fellowship Amelia Island,Nassau,Fernandina Beach / Yulee,30.63084,-81.64185,county_centroid,Estimated,,,Recurring_Weekday,Regional_Subscription,C,Regional_Subscription,Wallet C,prospect,02_ACCOUNTS.penetration,False,,,(904) 321-0898,2000,3000,0,,False,False
duval_fellowship_cove_marsh_landing,Fellowship Cove Marsh Landing,Duval,Jacksonville,30.31035,-81.62203,county_centroid,Estimated,,,Recurring_Weekday,Regional_Subscription,C,Regional_Subscription,Wallet C,prospect,02_ACCOUNTS.penetration,False,,,(904) 872-6212,2000,3000,0,,False,False
duval_first_baptist_church_jacksonville_downtown_campus,First Baptist Church Jacksonville - Downtown Campus,Duval,Jacksonville,30.36587,-81.68876,county_centroid,Estimated,,,Violet,Charity,C,Charity_Army,Wallet C,prospect,02_ACCOUNTS.penetration,False,,downtown@fbcjax.com,(904) 356-6077,749,1000,0,,False,False
st_johns_first_baptist_church_of_jacksonville_ponte_vedra_campus,First Baptist Church of Jacksonville - Ponte Vedra Campus,St. Johns,Ponte Vedra,30.25152,-81.3721,place_centroid,Estimated,,,Violet,Charity,C,Charity_Army,Wallet C,prospect,02_ACCOUNTS.penetration,False,,downtown@fbcjax.com,(904) 356-6077,749,1000,0,,False,False
putnam_five_oaks_rest_home,Five Oaks Rest Home,Putnam,Palatka,29.65059,-81.61069,county_centroid,Estimated,,,Recurring_Weekday,Regional_Subscription,C,Regional_Subscription,Wallet C,prospect,02_ACCOUNTS.penetration,False,,,(386) 467-2004,2000,3000,0,,False,False
duval_fountains_residence_at_mill_cove,Fountains Residence at Mill Cove,Duval,Jacksonville,30.36497,-81.68673,county_centroid,Estimated,,,Recurring_Weekday,Regional_Subscription,C,Regional_Subscription,Wallet C,prospect,02_ACCOUNTS.penetration,False,,,(904) 724-4726,2000,3000,0,,False,False
st_johns_golden_house_senior_living_1,Golden House Senior Living #1,St. Johns,St. Augustine / St. Johns,29.92317,-81.32376,county_centroid,Estimated,,,Recurring_Weekday,Regional_Subscription,C,Regional_Subscription,Wallet C,prospect,02_ACCOUNTS.penetration,False,,,(904) 874-7165,2000,3000,0,,False,False
duval_grace_home_living_facility_llc,Grace Home Living Facility LLC,Duval,Jacksonville,30.30775,-81.67374,county_centroid,Estimated,,,Recurring_Weekday,Regional_Subscription,C,Regional_Subscription,Wallet C,prospect,02_ACCOUNTS.penetration,False,,,(904) 673-7212,2000,3000,0,,False,False
duval_gwk_home_of_comfort_llc,GWK Home of Comfort LLC,Duval,Jacksonville,30.35666,-81.64081,county_centroid,Estimated,,,Recurring_Weekday,Regional_Subscription,C,Regional_Subscription,Wallet C,prospect,02_ACCOUNTS.penetration,False,,,(904) 695-2673,2000,3000,0,,False,False
duval_gwk_home_of_comfort_llc_ii,GWK Home of Comfort LLC II,Duval,Jacksonville,30.3666,-81.65692,county_centroid,Estimated,,,Recurring_Weekday,Regional_Subscription,C,Regional_Subscription,Wallet C,prospect,02_ACCOUNTS.penetration,False,,,(904) 647-7370,2000,3000,0,,False,False
duval_hampton_s_luxury_villas_inc,Hampton's Luxury Villas Inc.,Duval,Jacksonville,30.35508,-81.61998,county_centroid,Estimated,,,Recurring_Weekday,Regional_Subscription,C,Regional_Subscription,Wallet C,prospect,02_ACCOUNTS.penetration,False,,,(904) 232-8575,2000,3000,0,,False,False
duval_her_heart_gardens,Her Heart Gardens,Duval,Jacksonville,30.33859,-81.65676,county_centroid,Estimated,,,Recurring_Weekday,Regional_Subscription,C,Regional_Subscription,Wallet C,prospect,02_ACCOUNTS.penetration,False,,,(904) 743-3315,2000,3000,0,,False,False
duval_her_heart_village,Her Heart Village,Duval,Jacksonville,30.36246,-81.6597,county_centroid,Estimated,,,Recurring_Weekday,Regional_Subscription,C,Regional_Subscription,Wallet C,prospect,02_ACCOUNTS.penetration,False,,,(904) 384-7506,2000,3000,0,,False,False
duval_ingleside_alf_home_llc,"Ingleside ALF Home, LLC",Duval,Jacksonville,30.35946,-81.68859,county_centroid,Estimated,,,Recurring_Weekday,Regional_Subscription,C,Regional_Subscription,Wallet C,prospect,02_ACCOUNTS.penetration,False,,,(904) 686-0102,2000,3000,0,,False,False
duval_kings_house_ii,Kings House II,Duval,Jacksonville,30.34343,-81.66775,county_centroid,Estimated,,,Recurring_Weekday,Regional_Subscription,C,Regional_Subscription,Wallet C,prospect,02_ACCOUNTS.penetration,False,,,(904) 894-6828,2000,3000,0,,False,False
putnam_kiva_of_palatka,Kiva of Palatka,Putnam,Palatka,29.64048,-81.63834,place_centroid,Estimated,,,Recurring_Weekday,Regional_Subscription,C,Regional_Subscription,Wallet C,prospect,02_ACCOUNTS.penetration,False,,,(386) 325-0699,2000,3000,0,,False,False
duval_l_arche_jacksonville_inc_i,"L'Arche Jacksonville, Inc. I",Duval,Jacksonville,30.33513,-81.62409,county_centroid,Estimated,,,Recurring_Weekday,Regional_Subscription,C,Regional_Subscription,Wallet C,prospect,02_ACCOUNTS.penetration,False,,,(904) 721-5992,2000,3000,0,,False,False
duval_l_arche_jacksonville_inc_ii,"L'Arche Jacksonville, Inc. II",Duval,Jacksonville,30.31898,-81.65351,county_centroid,Estimated,,,Recurring_Weekday,Regional_Subscription,C,Regional_Subscription,Wallet C,prospect,02_ACCOUNTS.penetration,False,,,(904) 403-3148,2000,3000,0,,False,False
duval_l_arche_jacksonville_inc_iii,"L'Arche Jacksonville, Inc. III",Duval,Jacksonville,30.30198,-81.61876,county_centroid,Estimated,,,Recurring_Weekday,Regional_Subscription,C,Regional_Subscription,Wallet C,prospect,02_ACCOUNTS.penetration,False,,,(904) 403-5713,2000,3000,0,,False,False
duval_laurel_oaks_alf_inc,"Laurel Oaks ALF, Inc.",Duval,Jacksonville,30.34576,-81.67803,county_centroid,Estimated,,,Recurring_Weekday,Regional_Subscription,C,Regional_Subscription,Wallet C,prospect,02_ACCOUNTS.penetration,False,,,(904) 765-5227,2000,3000,0,,False,False
st_johns_loving_care_living_facility,Loving Care Living Facility,St. Johns,St. Augustine / St. Johns,29.87923,-81.34346,county_centroid,Estimated,,,Recurring_Weekday,Regional_Subscription,C,Regional_Subscription,Wallet C,prospect,02_ACCOUNTS.penetration,False,,,(904) 824-6616,2000,3000,0,,False,False
camden_magnolia_manor_of_st_marys,Magnolia Manor of St. Marys,Camden,Kingsland / St. Marys GA,30.88382,-81.57333,county_centroid,Estimated,,,Recurring_Weekday,Regional_Subscription,C,Regional_Subscription,Wallet C,prospect,02_ACCOUNTS.penetration,False,,,(912) 673-7713,2000,3000,0,,False,False
clay_miller_s_adult_home_care_llc,"Miller's Adult Home Care, LLC",Clay,Green Cove Springs / Fleming Island,30.00908,-81.74821,county_centroid,Estimated,,,Recurring_Weekday,Regional_Subscription,C,Regional_Subscription,Wallet C,prospect,02_ACCOUNTS.penetration,False,,,(904) 660-8649,2000,3000,0,,False,False
duval_naval_continuing_care_retirement_foundation_inc,"Naval Continuing Care Retirement Foundation, Inc.",Duval,Jacksonville,30.36007,-81.65288,county_centroid,Estimated,,,Recurring_Weekday,Regional_Subscription,C,Regional_Subscription,Wallet C,prospect,02_ACCOUNTS.penetration,False,,,(904) 246-9900,2000,3000,0,,False,False
duval_noble_gardens_senior_living,Noble Gardens Senior Living,Duval,Jacksonville,30.33004,-81.68796,county_centroid,Estimated,,,Recurring_Weekday,Regional_Subscription,C,Regional_Subscription,Wallet C,prospect,02_ACCOUNTS.penetration,False,,,(904) 760-0110,2000,3000,0,,False,False
duval_noble_house_senior_living,Noble House Senior Living,Duval,Jacksonville,30.31538,-81.64865,county_centroid,Estimated,,,Recurring_Weekday,Regional_Subscription,C,Regional_Subscription,Wallet C,prospect,02_ACCOUNTS.penetration,False,,,(904) 361-3784,2000,3000,0,,False,False
duval_north_jax_baptist_church,North Jax Baptist Church,Duval,Jacksonville,30.31757,-81.67305,county_centroid,Estimated,,,Violet,Charity,C,Charity_Army,Wallet C,prospect,02_ACCOUNTS.penetration,False,,annelisas@njbc.org,(904) 757-3000,749,1000,0,,False,False
duval_obi_s_assisted_living_facility_llc,"Obi's Assisted Living Facility, LLC",Duval,Jacksonville,30.31912,-81.63562,county_centroid,Estimated,,,Recurring_Weekday,Regional_Subscription,C,Regional_Subscription,Wallet C,prospect,02_ACCOUNTS.penetration,False,,,(904) 728-7474,2000,3000,0,,False,False
duval_opulence_oasis_llc,Opulence Oasis LLC,Duval,Jacksonville,30.31977,-81.64922,county_centroid,Estimated,,,Recurring_Weekday,Regional_Subscription,C,Regional_Subscription,Wallet C,prospect,02_ACCOUNTS.penetration,False,,,(904) 412-1904,2000,3000,0,,False,False
nassau_osprey_village_at_amelia_island_ltd,"Osprey Village at Amelia Island, LTD",Nassau,Fernandina Beach / Yulee,30.61304,-81.66298,county_centroid,Estimated,,,Recurring_Weekday,Regional_Subscription,C,Regional_Subscription,Wallet C,prospect,02_ACCOUNTS.penetration,False,,,(904) 432-7801,2000,3000,0,,False,False
clay_park_of_the_palms_inc,"Park of the Palms, Inc.",Clay,Green Cove Springs / Fleming Island,30.00092,-81.78408,county_centroid,Estimated,,,Recurring_Weekday,Regional_Subscription,C,Regional_Subscription,Wallet C,prospect,02_ACCOUNTS.penetration,False,,,(352) 473-6100,2000,3000,0,,False,False
duval_peabody_alf_inc,"Peabody ALF, Inc.",Duval,Jacksonville,30.3284,-81.64857,county_centroid,Estimated,,,Recurring_Weekday,Regional_Subscription,C,Regional_Subscription,Wallet C,prospect,02_ACCOUNTS.penetration,False,,,(904) 695-2967,2000,3000,0,,False,False
duval_peterson_assisted_living_facility,Peterson Assisted Living Facility,Duval,Jacksonville,30.32729,-81.6592,county_centroid,Estimated,,,Recurring_Weekday,Regional_Subscription,C,Regional_Subscription,Wallet C,prospect,02_ACCOUNTS.penetration,False,,,(904) 356-3022,2000,3000,0,,False,False
duval_pinckney_estates_assisted_living_inc,Pinckney Estates Assisted Living Inc.,Duval,Jacksonville,30.32168,-81.61852,county_centroid,Estimated,,,Recurring_Weekday,Regional_Subscription,C,Regional_Subscription,Wallet C,prospect,02_ACCOUNTS.penetration,False,,,(904) 226-1817,2000,3000,0,,False,False
duval_plymouth_home_for_adults_inc,Plymouth Home for Adults Inc.,Duval,Jacksonville,30.3227,-81.66059,county_centroid,Estimated,,,Recurring_Weekday,Regional_Subscription,C,Regional_Subscription,Wallet C,prospect,02_ACCOUNTS.penetration,False,,,(904) 384-5796,2000,3000,0,,False,False
putnam_pomona_park_alf,Pomona Park ALF,Putnam,Palatka,29.68493,-81.63935,county_centroid,Estimated,,,Recurring_Weekday,Regional_Subscription,C,Regional_Subscription,Wallet C,prospect,02_ACCOUNTS.penetration,False,,,(386) 649-1172,2000,3000,0,,False,False
clay_premier_assisted_living_facility_llc,"Premier Assisted Living Facility, LLC",Clay,Green Cove Springs / Fleming Island,30.02848,-81.73006,county_centroid,Estimated,,,Recurring_Weekday,Regional_Subscription,C,Regional_Subscription,Wallet C,prospect,02_ACCOUNTS.penetration,False,,,(904) 541-4605,2000,3000,0,,False,False
putnam_putnam_caregivers_llc,Putnam Caregivers LLC,Putnam,Palatka,29.67571,-81.67427,county_centroid,Estimated,,,Recurring_Weekday,Regional_Subscription,C,Regional_Subscription,Wallet C,prospect,02_ACCOUNTS.penetration,False,,,(386) 325-0404,2000,3000,0,,False,False
duval_right_time_right_place_limited_liability_company,Right Time Right Place Limited Liability Company,Duval,Jacksonville,30.30154,-81.62688,county_centroid,Estimated,,,Recurring_Weekday,Regional_Subscription,C,Regional_Subscription,Wallet C,prospect,02_ACCOUNTS.penetration,False,,,(904) 766-7885,2000,3000,0,,False,False
clay_river_christian_church,River Christian Church,Clay,Green Cove Springs / Fleming Island,29.99753,-81.75364,county_centroid,Estimated,,,Violet,Charity,C,Charity_Army,Wallet C,prospect,02_ACCOUNTS.penetration,False,,admin@riverchristian.church,(904) 458-4809,749,1000,0,,False,False
st_johns_riverside_cottages_the_shores_llc,"Riverside Cottages @ the Shores, LLC",St. Johns,Riverside,30.31896,-81.68529,place_centroid,Estimated,,,Recurring_Weekday,Regional_Subscription,C,Regional_Subscription,Wallet C,prospect,02_ACCOUNTS.penetration,False,,,(904) 342-2590,2000,3000,0,,False,False
clay_sacred_heart_mission_green_cove_springs,Sacred Heart Mission - Green Cove Springs,Clay,Green Cove Springs,30.00086,-81.68161,place_centroid,Estimated,,,Violet,Charity,C,Charity_Army,Wallet C,prospect,02_ACCOUNTS.penetration,False,,frontdesk@sacredheartcatholicchurch.org,(904) 284-3811,749,1000,0,,False,False
st_johns_senior_living_at_the_greens,Senior Living at the Greens,St. Johns,St. Augustine / St. Johns,29.93259,-81.31708,county_centroid,Estimated,,,Recurring_Weekday,Regional_Subscription,C,Regional_Subscription,Wallet C,customer,bdr_tam_dialer.is_customer,False,,,(904) 901-8444,2000,3000,0,,False,True
clay_silver_treasures_at_fleming_island,Silver Treasures at Fleming Island,Clay,Fleming Island,30.08994,-81.73253,place_centroid,Estimated,,,Recurring_Weekday,Regional_Subscription,C,Regional_Subscription,Wallet C,prospect,02_ACCOUNTS.penetration,False,,,(904) 592-9995,2000,3000,0,,False,False
duval_silver_treasures_at_jacksonville,Silver Treasures at Jacksonville,Duval,Jacksonville,30.3521,-81.6332,county_centroid,Estimated,,,Recurring_Weekday,Regional_Subscription,C,Regional_Subscription,Wallet C,prospect,02_ACCOUNTS.penetration,False,,,(904) 399-8999,2000,3000,0,,False,False
duval_silver_treasures_at_lane,Silver Treasures at Lane,Duval,Jacksonville,30.3557,-81.66107,county_centroid,Estimated,,,Recurring_Weekday,Regional_Subscription,C,Regional_Subscription,Wallet C,prospect,02_ACCOUNTS.penetration,False,,,(904) 990-6001,2000,3000,0,,False,False
clay_silver_treasures_at_orange_park_llc,"Silver Treasures at Orange Park, LLC",Clay,Orange Park,30.16382,-81.69878,place_centroid,Estimated,,,Recurring_Weekday,Regional_Subscription,C,Regional_Subscription,Wallet C,prospect,02_ACCOUNTS.penetration,False,,,(904) 830-1030,2000,3000,0,,False,False
st_johns_silver_treasures_at_ponte_vedra,Silver Treasures at Ponte Vedra,St. Johns,Ponte Vedra,30.24332,-81.39774,place_centroid,Estimated,,,Recurring_Weekday,Regional_Subscription,C,Regional_Subscription,Wallet C,prospect,02_ACCOUNTS.penetration,False,,,(904) 326-0900,2000,3000,0,,False,False
st_johns_silver_treasures_at_st_augustine,Silver Treasures at St Augustine,St. Johns,St. Augustine,29.90613,-81.30295,place_centroid,Estimated,,,Recurring_Weekday,Regional_Subscription,C,Regional_Subscription,Wallet C,prospect,02_ACCOUNTS.penetration,False,,,(904) 580-7800,2000,3000,0,,False,False
st_johns_silver_treasures_at_st_johns,Silver Treasures at St. Johns,St. Johns,St. Augustine / St. Johns,29.89886,-81.34416,county_centroid,Estimated,,,Recurring_Weekday,Regional_Subscription,C,Regional_Subscription,Wallet C,prospect,02_ACCOUNTS.penetration,False,,,(904) 201-6999,2000,3000,0,,False,False
duval_sodalis_jacksonville,Sodalis Jacksonville,Duval,Jacksonville,30.31092,-81.68064,county_centroid,Estimated,,,Recurring_Weekday,Regional_Subscription,C,Regional_Subscription,Wallet C,customer,bdr_tam_dialer.is_customer,False,,,(904) 519-9300,2000,3000,0,,False,True
duval_some_place_like_home_inc,"Some Place Like Home, Inc.",Duval,Jacksonville,30.29489,-81.66912,county_centroid,Estimated,,,Recurring_Weekday,Regional_Subscription,C,Regional_Subscription,Wallet C,prospect,02_ACCOUNTS.penetration,False,,,(904) 744-8580,2000,3000,0,,False,False
duval_some_place_like_home_inc_2,"Some Place Like Home, Inc. #2",Duval,Jacksonville,30.3217,-81.64101,county_centroid,Estimated,,,Recurring_Weekday,Regional_Subscription,C,Regional_Subscription,Wallet C,prospect,02_ACCOUNTS.penetration,False,,,(904) 448-0914,2000,3000,0,,False,False
duval_some_place_like_home_inc_3,"Some Place Like Home, Inc. #3",Duval,Jacksonville,30.33989,-81.64773,county_centroid,Estimated,,,Recurring_Weekday,Regional_Subscription,C,Regional_Subscription,Wallet C,prospect,02_ACCOUNTS.penetration,False,,,(904) 674-0875,2000,3000,0,,False,False
clay_spring_garden_senior_living,Spring Garden Senior Living,Clay,Green Cove Springs / Fleming Island,30.0308,-81.73423,county_centroid,Estimated,,,Recurring_Weekday,Regional_Subscription,C,Regional_Subscription,Wallet C,prospect,02_ACCOUNTS.penetration,False,,,(904) 592-6662,2000,3000,0,,False,False
clay_spring_gardens_of_fleming_island_llc,Spring Gardens of Fleming Island  LLC,Clay,Fleming Island,30.08434,-81.71543,place_centroid,Estimated,,,Recurring_Weekday,Regional_Subscription,C,Regional_Subscription,Wallet C,prospect,02_ACCOUNTS.penetration,False,,,(904) 657-2240,2000,3000,0,,False,False
st_johns_starling_at_ponte_vedra,Starling at Ponte Vedra,St. Johns,Ponte Vedra,30.24457,-81.40387,place_centroid,Estimated,,,Recurring_Weekday,Regional_Subscription,C,Regional_Subscription,Wallet C,prospect,02_ACCOUNTS.penetration,False,,,(904) 686-3700,2000,3000,0,,False,False
duval_sunrise_of_jacksonville,Sunrise of Jacksonville,Duval,Jacksonville,30.35926,-81.63045,county_centroid,Estimated,,,Recurring_Weekday,Regional_Subscription,C,Regional_Subscription,Wallet C,customer,bdr_tam_dialer.is_customer,False,,,(904) 332-0774,2000,3000,0,,False,True
clay_the_addison_of_oakleaf,The Addison of Oakleaf,Clay,Green Cove Springs / Fleming Island,30.02067,-81.72185,county_centroid,Estimated,,,Recurring_Weekday,Regional_Subscription,C,Regional_Subscription,Wallet C,prospect,02_ACCOUNTS.penetration,False,,,(904) 214-3442,2000,3000,0,,False,False
st_johns_the_addison_of_st_johns,The Addison of St. Johns,St. Johns,St. Augustine / St. Johns,29.87448,-81.28233,county_centroid,Estimated,,,Recurring_Weekday,Regional_Subscription,C,Regional_Subscription,Wallet C,prospect,02_ACCOUNTS.penetration,False,,,(904) 671-0808,2000,3000,0,,False,False
putnam_the_arc_of_putnam_county_inc,"The Arc of Putnam County, Inc.",Putnam,Palatka,29.61849,-81.62529,county_centroid,Estimated,,,Recurring_Weekday,Regional_Subscription,C,Regional_Subscription,Wallet C,prospect,02_ACCOUNTS.penetration,False,,,(386) 328-8503,2000,3000,0,,False,False
st_johns_the_barclay_at_st_augustine,The Barclay at St. Augustine,St. Johns,St. Augustine,29.90944,-81.29988,place_centroid,Estimated,,,Recurring_Weekday,Regional_Subscription,C,Regional_Subscription,Wallet C,prospect,02_ACCOUNTS.penetration,False,,,(904) 325-7998,2000,3000,0,,False,False
st_johns_the_blake_at_st_johns,The Blake at St. Johns,St. Johns,St. Augustine / St. Johns,29.87243,-81.28316,county_centroid,Estimated,,,Recurring_Weekday,Regional_Subscription,C,Regional_Subscription,Wallet C,customer,bdr_tam_dialer.is_customer,False,,,(904) 257-8873,2000,3000,0,,False,True
duval_the_canopy_at_duval_station,The Canopy at Duval Station,Duval,Jacksonville,30.36287,-81.63377,county_centroid,Estimated,,,Recurring_Weekday,Regional_Subscription,C,Regional_Subscription,Wallet C,prospect,02_ACCOUNTS.penetration,False,,,(904) 595-3086,2000,3000,0,,False,False
duval_the_church_of_eleven22_arlington_campus,The Church of Eleven22 - Arlington Campus,Duval,Arlington,30.32478,-81.57189,place_centroid,Estimated,,,Violet,Charity,C,Charity_Army,Wallet C,prospect,02_ACCOUNTS.penetration,False,,communication@coe22.com,(904) 685-6722,749,1000,0,,False,False
duval_the_church_of_eleven22_baymeadows_campus,The Church of Eleven22 - Baymeadows Campus,Duval,Southside,30.25008,-81.57325,place_centroid,Estimated,,,Violet,Charity,C,Charity_Army,Wallet C,prospect,02_ACCOUNTS.penetration,False,,communication@coe22.com,(904) 685-6722,749,1000,0,,False,False
clay_the_church_of_eleven22_fleming_island_campus,The Church of Eleven22 - Fleming Island Campus,Clay,Fleming Island,30.08776,-81.70802,place_centroid,Estimated,,,Violet,Charity,C,Charity_Army,Wallet C,prospect,02_ACCOUNTS.penetration,False,,communication@coe22.com,(904) 685-6722,749,1000,0,,False,False
duval_the_church_of_eleven22_mandarin_campus,The Church of Eleven22 - Mandarin Campus,Duval,Mandarin,30.13923,-81.66359,place_centroid,Estimated,,,Violet,Charity,C,Charity_Army,Wallet C,prospect,02_ACCOUNTS.penetration,False,,communication@coe22.com,(904) 685-6722,749,1000,0,,False,False
duval_the_church_of_eleven22_north_jax_campus,The Church of Eleven22 - North Jax Campus,Duval,Jacksonville,30.32746,-81.64903,county_centroid,Estimated,,,Violet,Charity,C,Charity_Army,Wallet C,prospect,02_ACCOUNTS.penetration,False,,communication@coe22.com,(904) 685-6722,749,1000,0,,False,False
clay_the_church_of_eleven22_orange_park_campus,The Church of Eleven22 - Orange Park Campus,Clay,Orange Park,30.15937,-81.71672,place_centroid,Estimated,,,Violet,Charity,C,Charity_Army,Wallet C,prospect,02_ACCOUNTS.penetration,False,,communication@coe22.com,(904) 685-6722,749,1000,0,,False,False
st_johns_the_church_of_eleven22_ponte_vedra_campus,The Church of Eleven22 - Ponte Vedra Campus,St. Johns,Ponte Vedra,30.23854,-81.37261,place_centroid,Estimated,,,Violet,Charity,C,Charity_Army,Wallet C,prospect,02_ACCOUNTS.penetration,False,,communication@coe22.com,(904) 685-6722,749,1000,0,,False,False
duval_the_church_of_eleven22_san_pablo_campus,The Church of Eleven22 - San Pablo Campus,Duval,Jacksonville,30.36905,-81.62536,county_centroid,Estimated,,,Violet,Charity,C,Charity_Army,Wallet C,prospect,02_ACCOUNTS.penetration,False,,communication@coe22.com,(904) 685-6722,749,1000,0,,False,False
st_johns_the_church_of_eleven22_st_augustine_campus,The Church of Eleven22 - St. Augustine Campus,St. Johns,St. Augustine,29.89189,-81.33168,place_centroid,Estimated,,,Violet,Charity,C,Charity_Army,Wallet C,prospect,02_ACCOUNTS.penetration,False,,communication@coe22.com,(904) 685-6722,749,1000,0,,False,False
st_johns_the_church_of_eleven22_st_johns_campus,The Church of Eleven22 - St. Johns Campus,St. Johns,St. Augustine / St. Johns,29.89185,-81.31065,county_centroid,Estimated,,,Violet,Charity,C,Charity_Army,Wallet C,prospect,02_ACCOUNTS.penetration,False,,communication@coe22.com,(904) 685-6722,749,1000,0,,False,False
nassau_the_church_of_eleven22_wildlight_campus,The Church of Eleven22 - Wildlight Campus,Nassau,Fernandina Beach / Yulee,30.57429,-81.61775,county_centroid,Estimated,,,Violet,Charity,C,Charity_Army,Wallet C,prospect,02_ACCOUNTS.penetration,True,,communication@coe22.com,(904) 685-6722,749,1000,0,,False,False
baker_the_clair_winston_house_llc,"The Clair Winston House, LLC",Baker,Macclenny,30.32406,-82.13836,county_centroid,Estimated,,,Recurring_Weekday,Regional_Subscription,C,Regional_Subscription,Wallet C,prospect,02_ACCOUNTS.penetration,False,,,(904) 402-1079,2000,3000,0,,False,False
duval_the_gables_of_jacksonville,The Gables of Jacksonville,Duval,Jacksonville,30.30302,-81.64478,county_centroid,Estimated,,,Recurring_Weekday,Regional_Subscription,C,Regional_Subscription,Wallet C,customer,bdr_tam_dialer.is_customer,False,,,(904) 821-8030,2000,3000,0,,False,True
duval_the_inn_at_aging_grace,The Inn at Aging Grace,Duval,Jacksonville,30.34668,-81.66932,county_centroid,Estimated,,,Recurring_Weekday,Regional_Subscription,C,Regional_Subscription,Wallet C,prospect,02_ACCOUNTS.penetration,False,,,(904) 379-7814,2000,3000,0,,False,False
nassau_the_lakeside_at_amelia_island,The Lakeside at Amelia Island,Nassau,Fernandina Beach / Yulee,30.63095,-81.64173,county_centroid,Estimated,,,Recurring_Weekday,Regional_Subscription,C,Regional_Subscription,Wallet C,customer,bdr_tam_dialer.is_customer,False,,,(904) 637-1559,2000,3000,0,,False,True
st_johns_the_lilac_at_bayview,The Lilac at Bayview,St. Johns,St. Augustine / St. Johns,29.85929,-81.29653,county_centroid,Estimated,,,Recurring_Weekday,Regional_Subscription,C,Regional_Subscription,Wallet C,prospect,02_ACCOUNTS.penetration,False,,,(904) 829-3475,2000,3000,0,,False,False
st_johns_the_stratford,The Stratford,St. Johns,St. Augustine / St. Johns,29.86104,-81.30848,county_centroid,Estimated,,,Recurring_Weekday,Regional_Subscription,C,Regional_Subscription,Wallet C,prospect,02_ACCOUNTS.penetration,False,,,(904) 285-1055,2000,3000,0,,False,False
duval_the_windsor_at_san_pablo,The Windsor at San Pablo,Duval,Jacksonville,30.31011,-81.62109,county_centroid,Estimated,,,Recurring_Weekday,Regional_Subscription,C,Regional_Subscription,Wallet C,customer,bdr_tam_dialer.is_customer,False,,,(904) 928-3700,2000,3000,0,,False,True
st_johns_tranquil_oaks_assisted_living,Tranquil Oaks Assisted Living,St. Johns,St. Augustine / St. Johns,29.89589,-81.34645,county_centroid,Estimated,,,Recurring_Weekday,Regional_Subscription,C,Regional_Subscription,Wallet C,prospect,02_ACCOUNTS.penetration,False,,,(904) 522-2526,2000,3000,0,,False,False
duval_trout_river_assisted_living_facility,Trout River Assisted Living Facility,Duval,Jacksonville,30.35458,-81.63921,county_centroid,Estimated,,,Recurring_Weekday,Regional_Subscription,C,Regional_Subscription,Wallet C,prospect,02_ACCOUNTS.penetration,False,,,(904) 887-3931,2000,3000,0,,False,False
putnam_vintage_care_of_palatka,Vintage Care of Palatka,Putnam,Palatka,29.63442,-81.63019,place_centroid,Estimated,,,Recurring_Weekday,Regional_Subscription,C,Regional_Subscription,Wallet C,prospect,02_ACCOUNTS.penetration,False,,,(386) 329-9905,2000,3000,0,,False,False
duval_westchester_of_jacksonville,Westchester of Jacksonville,Duval,Jacksonville,30.35305,-81.6915,county_centroid,Estimated,,,Recurring_Weekday,Regional_Subscription,C,Regional_Subscription,Wallet C,prospect,02_ACCOUNTS.penetration,False,,,(904) 642-7300,2000,3000,0,,False,False
st_johns_westminster_st_augustine,Westminster St Augustine,St. Johns,St. Augustine,29.91022,-81.30261,place_centroid,Estimated,,,Recurring_Weekday,Regional_Subscription,C,Regional_Subscription,Wallet C,customer,bdr_tam_dialer.is_customer,False,,,(904) 940-4800,2000,3000,0,,False,True
st_johns_westminster_woods_on_julington_creek,Westminster Woods on Julington Creek,St. Johns,Julington Creek,30.08405,-81.55511,place_centroid,Estimated,,,Recurring_Weekday,Regional_Subscription,C,Regional_Subscription,Wallet C,customer,bdr_tam_dialer.is_customer,False,,,(904) 287-7300,2000,3000,0,,False,True
clay_wright_manor_llc,"Wright Manor, LLC",Clay,Green Cove Springs / Fleming Island,29.9746,-81.74243,county_centroid,Estimated,,,Recurring_Weekday,Regional_Subscription,C,Regional_Subscription,Wallet C,prospect,02_ACCOUNTS.penetration,False,,,(904) 276-1778,2000,3000,0,,False,False
bradford_young_hearts_extended_assisted_living_facility_llc,Young Hearts Extended Assisted Living Facility LLC,Bradford,Starke,29.98145,-82.14378,county_centroid,Estimated,,,Recurring_Weekday,Regional_Subscription,C,Regional_Subscription,Wallet C,prospect,02_ACCOUNTS.penetration,False,,,(904) 769-1122,2000,3000,0,,False,False
bradford_young_hearts_extended_assited_living_facility_ii,Young Hearts Extended Assited Living Facility II,Bradford,Starke,29.95717,-82.13092,county_centroid,Estimated,,,Recurring_Weekday,Regional_Subscription,C,Regional_Subscription,Wallet C,prospect,02_ACCOUNTS.penetration,False,,,(904) 964-2220,2000,3000,0,,False,False
nassau_amelia_island_plantation_omni_hoa_villages,Amelia Island Plantation / Omni HOA villages,Nassau,Fernandina Beach / Yulee,30.58306,-81.68809,county_centroid,Estimated,,,Fest_Events,Regional_Enterprise,C,Regional_Enterprise,Wallet C,prospect,02_ACCOUNTS.penetration,False,,,,3000,8000,0,,True,True
nassau_amelia_park_hoa,Amelia Park HOA,Nassau,Fernandina Beach / Yulee,30.61026,-81.63176,county_centroid,Estimated,,,Fest_Events,Regional_Enterprise,C,Regional_Enterprise,Wallet C,prospect,02_ACCOUNTS.penetration,False,,,,3000,8000,0,,True,True
duval_argyle_forest_hoa,Argyle Forest HOA,Duval,Jacksonville,30.35447,-81.67046,county_centroid,Estimated,,,Fest_Events,Regional_Enterprise,C,Regional_Enterprise,Wallet C,prospect,02_ACCOUNTS.penetration,False,,,,3000,8000,0,,True,True
duval_baymeadows_golf_community_hoa,Baymeadows Golf Community HOA,Duval,Southside,30.24626,-81.59172,place_centroid,Estimated,,,Fest_Events,Regional_Enterprise,C,Regional_Enterprise,Wallet C,prospect,02_ACCOUNTS.penetration,False,,,,3000,8000,0,,True,True
duval_chimney_lakes_hoa,Chimney Lakes HOA,Duval,Jacksonville,30.29986,-81.6203,county_centroid,Estimated,,,Fest_Events,Regional_Enterprise,C,Regional_Enterprise,Wallet C,prospect,02_ACCOUNTS.penetration,False,,,,3000,8000,0,,True,True
camden_crooked_river_hoa,Crooked River HOA,Camden,Kingsland / St. Marys GA,30.93416,-81.52185,county_centroid,Estimated,,,Fest_Events,Regional_Enterprise,C,Regional_Enterprise,Wallet C,prospect,02_ACCOUNTS.penetration,False,,,,3000,8000,0,,True,True
camden_cumberland_harbour_hoa,Cumberland Harbour HOA,Camden,Kingsland / St. Marys GA,30.95258,-81.55518,county_centroid,Estimated,,,Fest_Events,Regional_Enterprise,C,Regional_Enterprise,Wallet C,prospect,02_ACCOUNTS.penetration,False,,,,3000,8000,0,,True,True
duval_deercreek_country_club_hoa,Deercreek Country Club HOA,Duval,Jacksonville,30.3141,-81.65324,county_centroid,Estimated,,,Fest_Events,Regional_Enterprise,C,Regional_Enterprise,Wallet C,prospect,02_ACCOUNTS.penetration,False,,,,3000,8000,0,,True,True
duval_deerwood_country_club_deerwood_hoa,Deerwood Country Club / Deerwood HOA,Duval,Jacksonville,30.36521,-81.68462,county_centroid,Estimated,,,Fest_Events,Regional_Enterprise,C,Regional_Enterprise,Wallet C,prospect,02_ACCOUNTS.penetration,False,,,,3000,8000,0,,True,True
clay_doctors_inlet_lake_asbury_hoas,Doctors Inlet / Lake Asbury HOAs,Clay,Green Cove Springs / Fleming Island,30.00619,-81.76719,county_centroid,Estimated,,,Fest_Events,Regional_Enterprise,C,Regional_Enterprise,Wallet C,prospect,02_ACCOUNTS.penetration,False,,,,3000,8000,0,,False,True
clay_fleming_island_non_cdd_hoas,Fleming Island (non-CDD) HOAs,Clay,Fleming Island,30.09098,-81.70328,place_centroid,Estimated,,,Fest_Events,Regional_Enterprise,C,Regional_Enterprise,Wallet C,prospect,02_ACCOUNTS.penetration,False,,,,3000,8000,0,,True,True
duval_glen_kernan_events,Glen Kernan events,Duval,Jacksonville,30.34657,-81.62216,county_centroid,Estimated,,,Fest_Events,Regional_Enterprise,C,Regional_Enterprise,Wallet C,prospect,02_ACCOUNTS.penetration,False,,,,3000,8000,0,,False,True
duval_glen_kernan_golf_country_club_hoa,Glen Kernan Golf & Country Club HOA,Duval,Jacksonville,30.30747,-81.62249,county_centroid,Estimated,,,Fest_Events,Regional_Enterprise,C,Regional_Enterprise,Wallet C,prospect,02_ACCOUNTS.penetration,False,,,,3000,8000,0,,True,True
camden_harriets_bluff_hoa,Harriets Bluff HOA,Camden,Kingsland / St. Marys GA,30.91772,-81.53912,county_centroid,Estimated,,,Fest_Events,Regional_Enterprise,C,Regional_Enterprise,Wallet C,prospect,02_ACCOUNTS.penetration,False,,,,3000,8000,0,,True,True
clay_hibernia_branan_field_hoas,Hibernia / Branan Field HOAs,Clay,Green Cove Springs / Fleming Island,29.97955,-81.72892,county_centroid,Estimated,,,Fest_Events,Regional_Enterprise,C,Regional_Enterprise,Wallet C,prospect,02_ACCOUNTS.penetration,False,,,,3000,8000,0,,False,True
duval_hidden_hills_country_club_events,Hidden Hills Country Club events,Duval,Jacksonville,30.30462,-81.62296,county_centroid,Estimated,,,Fest_Events,Regional_Enterprise,C,Regional_Enterprise,Wallet C,prospect,02_ACCOUNTS.penetration,False,,,,3000,8000,0,,False,True
duval_hidden_hills_hoa,Hidden Hills HOA,Duval,Jacksonville,30.29638,-81.62199,county_centroid,Estimated,,,Fest_Events,Regional_Enterprise,C,Regional_Enterprise,Wallet C,prospect,02_ACCOUNTS.penetration,False,,,,3000,8000,0,,True,True
duval_julington_creek_duval_side_neighborhood_hoas,Julington Creek (Duval-side) neighborhood HOAs,Duval,Julington Creek,30.08965,-81.57489,place_centroid,Estimated,,,Fest_Events,Regional_Enterprise,C,Regional_Enterprise,Wallet C,prospect,02_ACCOUNTS.penetration,False,,,,3000,8000,0,,False,True
st_johns_julington_lakes_hoa,Julington Lakes HOA,St. Johns,Julington Creek,30.07316,-81.55211,place_centroid,Estimated,,,Fest_Events,Regional_Enterprise,C,Regional_Enterprise,Wallet C,prospect,02_ACCOUNTS.penetration,False,,,,3000,8000,0,,True,True
camden_kingsland_city_neighborhood_hoas,Kingsland city neighborhood HOAs,Camden,Kingsland,30.81336,-81.70383,place_centroid,Estimated,,,Fest_Events,Regional_Enterprise,C,Regional_Enterprise,Wallet C,prospect,02_ACCOUNTS.penetration,False,,,,3000,8000,0,,False,True
camden_laurel_island_plantation_hoa,Laurel Island Plantation HOA,Camden,Kingsland / St. Marys GA,30.88639,-81.53268,county_centroid,Estimated,,,Fest_Events,Regional_Enterprise,C,Regional_Enterprise,Wallet C,prospect,02_ACCOUNTS.penetration,False,,,,3000,8000,0,,True,True
duval_mandarin_community_hoas_master_socials,Mandarin community HOAs (master socials),Duval,Mandarin,30.15408,-81.6619,place_centroid,Estimated,,,Fest_Events,Regional_Enterprise,C,Regional_Enterprise,Wallet C,prospect,02_ACCOUNTS.penetration,False,,,,3000,8000,0,,False,True
duval_mandarin_preserve_hoa,Mandarin Preserve HOA,Duval,Mandarin,30.16167,-81.64108,place_centroid,Estimated,,,Fest_Events,Regional_Enterprise,C,Regional_Enterprise,Wallet C,prospect,02_ACCOUNTS.penetration,False,,,,3000,8000,0,,True,True
st_johns_marsh_landing_country_club_club_events,Marsh Landing Country Club (club events),St. Johns,St. Augustine / St. Johns,29.8649,-81.34027,county_centroid,Estimated,,,Fest_Events,Regional_Enterprise,C,Regional_Enterprise,Wallet C,prospect,02_ACCOUNTS.penetration,False,,,,3000,8000,0,,False,True
clay_meadows_at_fleming_island_hoa,Meadows at Fleming Island HOA,Clay,Fleming Island,30.08177,-81.7004,place_centroid,Estimated,,,Fest_Events,Regional_Enterprise,C,Regional_Enterprise,Wallet C,prospect,02_ACCOUNTS.penetration,False,,,,3000,8000,0,,True,True
nassau_ocean_ridge_amelia_hoa,Ocean Ridge Amelia HOA,Nassau,Fernandina Beach / Yulee,30.59398,-81.61724,county_centroid,Estimated,,,Fest_Events,Regional_Enterprise,C,Regional_Enterprise,Wallet C,prospect,02_ACCOUNTS.penetration,False,,,,3000,8000,0,,True,True
camden_osprey_cove_hoa,Osprey Cove HOA,Camden,Kingsland / St. Marys GA,30.95458,-81.51409,county_centroid,Estimated,,,Fest_Events,Regional_Enterprise,C,Regional_Enterprise,Wallet C,prospect,02_ACCOUNTS.penetration,False,,,,3000,8000,0,,True,True
duval_pablo_creek_reserve_events,Pablo Creek Reserve events,Duval,Jacksonville,30.35305,-81.68106,county_centroid,Estimated,,,Fest_Events,Regional_Enterprise,C,Regional_Enterprise,Wallet C,prospect,02_ACCOUNTS.penetration,False,,,,3000,8000,0,,False,True
duval_pablo_creek_reserve_hoa,Pablo Creek Reserve HOA,Duval,Jacksonville,30.30224,-81.6188,county_centroid,Estimated,,,Fest_Events,Regional_Enterprise,C,Regional_Enterprise,Wallet C,prospect,02_ACCOUNTS.penetration,False,,,,3000,8000,0,,True,True
st_johns_palm_valley_hoa_cluster,Palm Valley HOA cluster,St. Johns,St. Augustine / St. Johns,29.91582,-81.31046,county_centroid,Estimated,,,Fest_Events,Regional_Enterprise,C,Regional_Enterprise,Wallet C,prospect,02_ACCOUNTS.penetration,False,,,,3000,8000,0,,True,True
camden_point_peter_north_river_hoas,Point Peter / North River HOAs,Camden,Kingsland / St. Marys GA,30.94617,-81.52813,county_centroid,Estimated,,,Fest_Events,Regional_Enterprise,C,Regional_Enterprise,Wallet C,prospect,02_ACCOUNTS.penetration,False,,,,3000,8000,0,,False,True
st_johns_ponte_vedra_municipal_service_district_neighborhoods,Ponte Vedra Municipal Service District neighborhoods,St. Johns,Ponte Vedra,30.25222,-81.37569,place_centroid,Estimated,,,Fest_Events,Regional_Enterprise,C,Regional_Enterprise,Wallet C,prospect,02_ACCOUNTS.penetration,False,,,,3000,8000,0,,False,True
duval_queens_harbour_yacht_country_club_hoa,Queens Harbour Yacht & Country Club HOA,Duval,Jacksonville,30.29513,-81.69062,county_centroid,Estimated,,,Fest_Events,Regional_Enterprise,C,Regional_Enterprise,Wallet C,prospect,02_ACCOUNTS.penetration,False,,,,3000,8000,0,,True,True
duval_san_marco_riverside_club_hoas,San Marco / Riverside club HOAs,Duval,Riverside,30.31953,-81.68253,place_centroid,Estimated,,,Fest_Events,Regional_Enterprise,C,Regional_Enterprise,Wallet C,prospect,02_ACCOUNTS.penetration,False,,,,3000,8000,0,,False,True
st_johns_sawgrass_country_club_hoa,Sawgrass Country Club HOA,St. Johns,St. Augustine / St. Johns,29.9094,-81.29519,county_centroid,Estimated,,,Fest_Events,Regional_Enterprise,C,Regional_Enterprise,Wallet C,prospect,02_ACCOUNTS.penetration,False,,,,3000,8000,0,,True,True
st_johns_sawgrass_players_club_tpc_sawgrass_area_hoa,Sawgrass Players Club / TPC Sawgrass area HOA,St. Johns,St. Augustine / St. Johns,29.90336,-81.32757,county_centroid,Estimated,,,Fest_Events,Regional_Enterprise,C,Regional_Enterprise,Wallet C,customer,bdr_tam_dialer.is_customer,False,,,,3000,8000,0,,True,True
duval_southside_baymeadows_hoas,Southside / Baymeadows HOAs,Duval,Southside,30.23128,-81.58804,place_centroid,Estimated,,,Fest_Events,Regional_Enterprise,C,Regional_Enterprise,Wallet C,prospect,02_ACCOUNTS.penetration,False,,,,3000,8000,0,,False,True
st_johns_st_augustine_south_wildwood_old_moultrie_hoas,St. Augustine South / Wildwood / Old Moultrie HOAs,St. Johns,St. Augustine,29.88807,-81.3307,place_centroid,Estimated,,,Fest_Events,Regional_Enterprise,C,Regional_Enterprise,Wallet C,prospect,02_ACCOUNTS.penetration,False,,,,3000,8000,0,,False,True
camden_st_marys_downtown_waterfront_hoas,St. Marys downtown / waterfront HOAs,Camden,Kingsland / St. Marys GA,30.92237,-81.57236,county_centroid,Estimated,,,Fest_Events,Regional_Enterprise,C,Regional_Enterprise,Wallet C,prospect,02_ACCOUNTS.penetration,False,,,,3000,8000,0,,False,True
camden_sugar_mill_plantation_hoa,Sugar Mill Plantation HOA,Camden,Kingsland / St. Marys GA,30.93026,-81.54881,county_centroid,Estimated,,,Fest_Events,Regional_Enterprise,C,Regional_Enterprise,Wallet C,prospect,02_ACCOUNTS.penetration,False,,,,3000,8000,0,,True,True
camden_the_golf_club_at_magnolia_on_the_river_magnolia_village_hoa,The Golf Club at Magnolia on the River / Magnolia Village HOA,Camden,Kingsland / St. Marys GA,30.94495,-81.57281,county_centroid,Estimated,,,Fest_Events,Regional_Enterprise,C,Regional_Enterprise,Wallet C,prospect,02_ACCOUNTS.penetration,False,,,,3000,8000,0,,True,True
duval_the_woods_hoa_southside,The Woods HOA (Southside),Duval,Southside,30.25884,-81.57197,place_centroid,Estimated,,,Fest_Events,Regional_Enterprise,C,Regional_Enterprise,Wallet C,prospect,02_ACCOUNTS.penetration,False,,,,3000,8000,0,,True,True
nassau_yulee_chester_road_hoa_cluster,Yulee / Chester Road HOA cluster,Nassau,Yulee,30.63821,-81.59095,place_centroid,Estimated,,,Fest_Events,Regional_Enterprise,C,Regional_Enterprise,Wallet C,prospect,02_ACCOUNTS.penetration,False,,,,3000,8000,0,,True,True
duval_413_learning_academy,413 Learning Academy,Duval,Jacksonville,30.30913,-81.68312,county_centroid,Estimated,,,Violet,Charity,C,Charity_Army,Wallet C,prospect,02_ACCOUNTS.penetration,False,,,(904) 765-3616,500,1000,0,,False,False
duval_a_bright_beginning_childcare_deerlake,A Bright Beginning Childcare - Deerlake,Duval,Jacksonville,30.31261,-81.68598,county_centroid,Estimated,,,Violet,Charity,C,Charity_Army,Wallet C,prospect,02_ACCOUNTS.penetration,False,,,(845) 548-6949,500,1000,0,,False,False
duval_a_gift_from_god_child_development_center,A Gift From God Child Development Center,Duval,Jacksonville,30.36816,-81.63446,county_centroid,Estimated,,,Violet,Charity,C,Charity_Army,Wallet C,prospect,02_ACCOUNTS.penetration,False,,,(904) 910-8983,500,1000,0,,False,False
duval_a_kid_s_learning_experience_ii_inc,"A Kid's Learning Experience II, Inc.",Duval,Jacksonville,30.31011,-81.66691,county_centroid,Estimated,,,Violet,Charity,C,Charity_Army,Wallet C,prospect,02_ACCOUNTS.penetration,False,,,(904) 322-6260,500,1000,0,,False,False
duval_a_little_preschool,A LITTLE PRESCHOOL,Duval,Jacksonville,30.35277,-81.62304,county_centroid,Estimated,,,Violet,Charity,C,Charity_Army,Wallet C,prospect,02_ACCOUNTS.penetration,False,,,(904) 389-7136,500,1000,0,,False,False
duval_a_magical_beginning_learning_academy,A MAGICAL BEGINNING LEARNING ACADEMY,Duval,Jacksonville,30.35605,-81.63843,county_centroid,Estimated,,,Violet,Charity,C,Charity_Army,Wallet C,prospect,02_ACCOUNTS.penetration,False,,,(904) 317-7455,500,1000,0,,False,False
duval_a_to_z_child_development_center,A to Z Child Development Center,Duval,Jacksonville,30.31099,-81.63683,county_centroid,Estimated,,,Violet,Charity,C,Charity_Army,Wallet C,prospect,02_ACCOUNTS.penetration,False,,,(904) 718-7088,500,1000,0,,False,False
duval_a_r_t_learning_center,A.R.T. LEARNING CENTER,Duval,Jacksonville,30.30449,-81.64401,county_centroid,Estimated,,,Violet,Charity,C,Charity_Army,Wallet C,prospect,02_ACCOUNTS.penetration,False,,,(904) 444-4333,500,1000,0,,False,False
duval_above_and_beyond_preparatory_academy,Above and Beyond Preparatory Academy,Duval,Jacksonville,30.35841,-81.63401,county_centroid,Estimated,,,Violet,Charity,C,Charity_Army,Wallet C,prospect,02_ACCOUNTS.penetration,False,,,(904) 898-5138,500,1000,0,,False,False
duval_abundantly_loved_early_preschool_academy,ABUNDANTLY LOVED EARLY PRESCHOOL ACADEMY,Duval,Jacksonville,30.35219,-81.68296,county_centroid,Estimated,,,Violet,Charity,C,Charity_Army,Wallet C,prospect,02_ACCOUNTS.penetration,False,,,(904) 786-9301,500,1000,0,,False,False
duval_ac_center_inc,AC CENTER INC,Duval,Jacksonville,30.29896,-81.63213,county_centroid,Estimated,,,Violet,Charity,C,Charity_Army,Wallet C,prospect,02_ACCOUNTS.penetration,False,,,(904) 642-1164,500,1000,0,,False,False
duval_academy_of_learning,ACADEMY OF LEARNING,Duval,Jacksonville,30.34973,-81.62116,county_centroid,Estimated,,,Violet,Charity,C,Charity_Army,Wallet C,prospect,02_ACCOUNTS.penetration,False,,,(904) 962-3340,500,1000,0,,False,False
duval_accelerate_early_learning_academy,Accelerate Early Learning Academy,Duval,Jacksonville,30.35186,-81.68656,county_centroid,Estimated,,,Violet,Charity,C,Charity_Army,Wallet C,prospect,02_ACCOUNTS.penetration,False,,,(904) 803-6281,500,1000,0,,False,False
duval_achievable_dreams_learning_academy_llc,"Achievable Dreams Learning Academy, LLC",Duval,Jacksonville,30.31326,-81.63412,county_centroid,Estimated,,,Violet,Charity,C,Charity_Army,Wallet C,prospect,02_ACCOUNTS.penetration,False,,,(904) 586-2870,500,1000,0,,False,False
duval_ajyal_academy,Ajyal Academy,Duval,Jacksonville,30.29709,-81.69154,county_centroid,Estimated,,,Violet,Charity,C,Charity_Army,Wallet C,prospect,02_ACCOUNTS.penetration,False,,,(904) 351-6065,500,1000,0,,False,False
duval_al_furqan_academy,AL-FURQAN ACADEMY,Duval,Jacksonville,30.3565,-81.69224,county_centroid,Estimated,,,Violet,Charity,C,Charity_Army,Wallet C,prospect,02_ACCOUNTS.penetration,False,,,(904) 645-0810,500,1000,0,,False,False
duval_all_about_god_s_children_academy,All About God's Children Academy,Duval,Jacksonville,30.29689,-81.65087,county_centroid,Estimated,,,Violet,Charity,C,Charity_Army,Wallet C,prospect,02_ACCOUNTS.penetration,False,,,(904) 647-6249,500,1000,0,,False,False
duval_all_about_kids_inc,ALL ABOUT KIDS INC,Duval,Jacksonville,30.3655,-81.65344,county_centroid,Estimated,,,Violet,Charity,C,Charity_Army,Wallet C,prospect,02_ACCOUNTS.penetration,False,,,(904) 353-2800,500,1000,0,,False,False
duval_all_saints_early_learning,ALL SAINTS EARLY LEARNING,Duval,Jacksonville,30.34667,-81.66512,county_centroid,Estimated,,,Violet,Charity,C,Charity_Army,Wallet C,prospect,02_ACCOUNTS.penetration,False,,,(904) 737-7800,500,1000,0,,False,False
duval_alpha_omega_learning_center_inc,ALPHA OMEGA LEARNING CENTER INC,Duval,Jacksonville,30.34898,-81.66874,county_centroid,Estimated,,,Violet,Charity,C,Charity_Army,Wallet C,prospect,02_ACCOUNTS.penetration,False,,,(904) 536-2321,500,1000,0,,False,False
duval_angels_first_steps_learning_academy_llc,ANGELS FIRST STEPS LEARNING ACADEMY LLC,Duval,Jacksonville,30.32051,-81.66767,county_centroid,Estimated,,,Violet,Charity,C,Charity_Army,Wallet C,prospect,02_ACCOUNTS.penetration,False,,,(904) 619-5362,500,1000,0,,False,False
duval_argyle_christian_preschool,ARGYLE CHRISTIAN PRESCHOOL,Duval,Jacksonville,30.2973,-81.67588,county_centroid,Estimated,,,Violet,Charity,C,Charity_Army,Wallet C,prospect,02_ACCOUNTS.penetration,False,,,(904) 778-4838,500,1000,0,,False,False
duval_arlington_kindercare,Arlington KinderCare,Duval,Arlington,30.3365,-81.58581,place_centroid,Estimated,,,Violet,Charity,C,Charity_Army,Wallet C,prospect,02_ACCOUNTS.penetration,False,,,(888) 523-6765,500,1000,0,,False,False
duval_around_the_clock_kidcare_and_preschool,Around The Clock Kidcare and Preschool,Duval,Jacksonville,30.34008,-81.65588,county_centroid,Estimated,,,Violet,Charity,C,Charity_Army,Wallet C,prospect,02_ACCOUNTS.penetration,False,,,(305) 370-8772,500,1000,0,,False,False
duval_assumption_early_childhood_learning_center,Assumption Early Childhood Learning Center,Duval,Jacksonville,30.34624,-81.62504,county_centroid,Estimated,,,Violet,Charity,C,Charity_Army,Wallet C,prospect,02_ACCOUNTS.penetration,False,,,(904) 249-5934,500,1000,0,,False,False
duval_aunt_barbara_s_at_king_academy,Aunt Barbara's At King Academy,Duval,Jacksonville,30.34755,-81.67943,county_centroid,Estimated,,,Violet,Charity,C,Charity_Army,Wallet C,prospect,02_ACCOUNTS.penetration,False,,,(904) 915-5464,500,1000,0,,False,False
duval_avondale_child_s_day_out,AVONDALE CHILD'S DAY OUT,Duval,Riverside,30.3247,-81.69988,place_centroid,Estimated,,,Violet,Charity,C,Charity_Army,Wallet C,prospect,02_ACCOUNTS.penetration,False,,,(904) 389-4363,500,1000,0,,False,False
duval_awesome_new_beginnings,AWESOME NEW BEGINNINGS,Duval,Jacksonville,30.33536,-81.64192,county_centroid,Estimated,,,Violet,Charity,C,Charity_Army,Wallet C,prospect,02_ACCOUNTS.penetration,False,,,(904) 866-3771,500,1000,0,,False,False
duval_baymeadows_baptist_preschool_church,BAYMEADOWS BAPTIST PRESCHOOL CHURCH,Duval,Southside,30.25717,-81.57506,place_centroid,Estimated,,,Violet,Charity,C,Charity_Army,Wallet C,prospect,02_ACCOUNTS.penetration,False,,,(904) 733-5458,500,1000,0,,False,False
duval_baymeadows_children_s_academy,Baymeadows Children's Academy,Duval,Southside,30.2362,-81.56943,place_centroid,Estimated,,,Violet,Charity,C,Charity_Army,Wallet C,prospect,02_ACCOUNTS.penetration,False,,,(904) 574-8114,500,1000,0,,False,False
duval_bel_academy,BEL Academy,Duval,Jacksonville,30.31729,-81.68525,county_centroid,Estimated,,,Violet,Charity,C,Charity_Army,Wallet C,prospect,02_ACCOUNTS.penetration,False,,,(904) 424-9427,500,1000,0,,False,False
duval_bella_childcare_center_llc,BELLA CHILDCARE CENTER LLC,Duval,Jacksonville,30.32686,-81.67358,county_centroid,Estimated,,,Violet,Charity,C,Charity_Army,Wallet C,prospect,02_ACCOUNTS.penetration,False,,,(904) 240-9153,500,1000,0,,False,False
duval_bethlehem_lutheran_preschool_inc,"BETHLEHEM LUTHERAN PRESCHOOL, INC",Duval,Jacksonville,30.34904,-81.64128,county_centroid,Estimated,,,Violet,Charity,C,Charity_Army,Wallet C,prospect,02_ACCOUNTS.penetration,False,,,(904) 249-1204,500,1000,0,,False,False
duval_beulahland_christian_academy_inc,"BEULAHLAND CHRISTIAN ACADEMY, INC.",Duval,Jacksonville,30.32839,-81.68726,county_centroid,Estimated,,,Violet,Charity,C,Charity_Army,Wallet C,prospect,02_ACCOUNTS.penetration,False,,,(904) 768-2090,500,1000,0,,False,False
duval_beverly_hills_development_center,BEVERLY HILLS DEVELOPMENT CENTER,Duval,Jacksonville,30.36749,-81.63407,county_centroid,Estimated,,,Violet,Charity,C,Charity_Army,Wallet C,prospect,02_ACCOUNTS.penetration,False,,,(904) 768-3428,500,1000,0,,False,False
duval_big_blue_marble_academy_bartram_park,Big Blue Marble Academy Bartram Park,Duval,Bartram,30.14518,-81.55017,place_centroid,Estimated,,,Violet,Charity,C,Charity_Army,Wallet C,prospect,02_ACCOUNTS.penetration,True,,,(904) 210-5544,500,1000,0,,False,False
duval_big_blue_marble_academy_san_pablo,Big Blue Marble Academy San Pablo,Duval,Jacksonville,30.3307,-81.65656,county_centroid,Estimated,,,Violet,Charity,C,Charity_Army,Wallet C,prospect,02_ACCOUNTS.penetration,False,,,(904) 210-5544,500,1000,0,,False,False
duval_blossom_futures_learning_center,Blossom Futures Learning Center,Duval,Jacksonville,30.359,-81.65016,county_centroid,Estimated,,,Violet,Charity,C,Charity_Army,Wallet C,prospect,02_ACCOUNTS.penetration,False,,,(904) 329-5081,500,1000,0,,False,False
duval_branches_2_learning_llc,"Branches 2 Learning, LLC",Duval,Jacksonville,30.34617,-81.64879,county_centroid,Estimated,,,Violet,Charity,C,Charity_Army,Wallet C,prospect,02_ACCOUNTS.penetration,False,,,(904) 647-8434,500,1000,0,,False,False
duval_braxton_s_academy,Braxton's Academy,Duval,Jacksonville,30.29638,-81.62091,county_centroid,Estimated,,,Violet,Charity,C,Charity_Army,Wallet C,prospect,02_ACCOUNTS.penetration,False,,,(904) 693-0330,500,1000,0,,False,False
duval_brighter_futures_learning_center,BRIGHTER FUTURES LEARNING CENTER,Duval,Jacksonville,30.36605,-81.64349,county_centroid,Estimated,,,Violet,Charity,C,Charity_Army,Wallet C,prospect,02_ACCOUNTS.penetration,False,,,(904) 764-5959,500,1000,0,,False,False
duval_brown_bear_learning_center,Brown Bear Learning Center,Duval,Jacksonville,30.32601,-81.66806,county_centroid,Estimated,,,Violet,Charity,C,Charity_Army,Wallet C,prospect,02_ACCOUNTS.penetration,False,,,(904) 486-8406,500,1000,0,,False,False
duval_buckman_early_learning_academy,Buckman Early Learning Academy,Duval,Jacksonville,30.32846,-81.66023,county_centroid,Estimated,,,Violet,Charity,C,Charity_Army,Wallet C,prospect,02_ACCOUNTS.penetration,False,,,(904) 450-9108,500,1000,0,,False,False
duval_builders_of_the_faith_christian_daycare,BUILDERS OF THE FAITH CHRISTIAN DAYCARE,Duval,Jacksonville,30.31877,-81.66599,county_centroid,Estimated,,,Violet,Charity,C,Charity_Army,Wallet C,prospect,02_ACCOUNTS.penetration,False,,,(904) 772-0277,500,1000,0,,False,False
duval_bundles_of_joy_academy_inc,BUNDLES OF JOY ACADEMY INC,Duval,Jacksonville,30.29784,-81.65547,county_centroid,Estimated,,,Violet,Charity,C,Charity_Army,Wallet C,prospect,02_ACCOUNTS.penetration,False,,,(904) 768-8883,500,1000,0,,False,False
st_johns_cathedral_parish_early_learning_center,Cathedral Parish Early Learning Center,St. Johns,St. Augustine / St. Johns,29.90687,-81.3084,county_centroid,Estimated,,,Violet,Charity,C,Charity_Army,Wallet C,prospect,02_ACCOUNTS.penetration,False,,,(904) 829-2933,850,1000,0,,False,False
duval_celebration_child_care_center_llc,Celebration Child Care Center LLC,Duval,Jacksonville,30.30056,-81.6402,county_centroid,Estimated,,,Violet,Charity,C,Charity_Army,Wallet C,prospect,02_ACCOUNTS.penetration,False,,,(904) 902-3992,500,1000,0,,False,False
duval_chappell_fscj_north_campus,Chappell @ FSCJ North Campus,Duval,Jacksonville,30.3375,-81.63556,county_centroid,Estimated,,,Violet,Charity,C,Charity_Army,Wallet C,prospect,02_ACCOUNTS.penetration,False,,,(904) 739-1279,500,1000,0,,False,False
duval_chappell_fscj_south,Chappell @ FSCJ South,Duval,Jacksonville,30.36593,-81.64133,county_centroid,Estimated,,,Violet,Charity,C,Charity_Army,Wallet C,prospect,02_ACCOUNTS.penetration,False,,,(904) 739-1279,500,1000,0,,False,False
duval_chappell_corretta_king_fscj_downtown,Chappell Corretta King @ FSCJ Downtown,Duval,Jacksonville,30.36453,-81.66351,county_centroid,Estimated,,,Violet,Charity,C,Charity_Army,Wallet C,prospect,02_ACCOUNTS.penetration,False,,,(904) 739-1279,500,1000,0,,False,False
duval_chappell_san_marco,Chappell San Marco,Duval,Jacksonville,30.35071,-81.62682,county_centroid,Estimated,,,Violet,Charity,C,Charity_Army,Wallet C,prospect,02_ACCOUNTS.penetration,False,,,(904) 739-1279,500,1000,0,,False,False
duval_chappell_schools_deerwood,Chappell Schools Deerwood,Duval,Jacksonville,30.32457,-81.65841,county_centroid,Estimated,,,Violet,Charity,C,Charity_Army,Wallet C,prospect,02_ACCOUNTS.penetration,False,,,(904) 739-1279,500,1000,0,,False,False
duval_chatmans_day_care_inc,CHATMANS DAY CARE INC,Duval,Jacksonville,30.31999,-81.6241,county_centroid,Estimated,,,Violet,Charity,C,Charity_Army,Wallet C,prospect,02_ACCOUNTS.penetration,False,,,(904) 751-9803,500,1000,0,,False,False
duval_children_of_the_king_learning_center,Children of the King Learning Center,Duval,Jacksonville,30.29848,-81.65377,county_centroid,Estimated,,,Violet,Charity,C,Charity_Army,Wallet C,prospect,02_ACCOUNTS.penetration,False,,,(904) 683-7597,500,1000,0,,False,False
duval_childtime_learning_center_317,Childtime Learning Center 317,Duval,Jacksonville,30.3304,-81.66638,county_centroid,Estimated,,,Violet,Charity,C,Charity_Army,Wallet C,prospect,02_ACCOUNTS.penetration,False,,,(248) 697-9000,500,1000,0,,False,False
duval_childtime_learning_center_318,Childtime Learning Center 318,Duval,Jacksonville,30.33606,-81.69157,county_centroid,Estimated,,,Violet,Charity,C,Charity_Army,Wallet C,prospect,02_ACCOUNTS.penetration,False,,,(248) 697-9000,500,1000,0,,False,False
duval_chosen_champions_learning_center,Chosen Champions Learning Center,Duval,Jacksonville,30.34863,-81.64907,county_centroid,Estimated,,,Violet,Charity,C,Charity_Army,Wallet C,prospect,02_ACCOUNTS.penetration,False,,,(904) 829-4862,500,1000,0,,False,False
duval_chosen_ones_learning_center_llc,CHOSEN ONES LEARNING CENTER LLC,Duval,Jacksonville,30.31298,-81.64221,county_centroid,Estimated,,,Violet,Charity,C,Charity_Army,Wallet C,prospect,02_ACCOUNTS.penetration,False,,,(904) 379-0281,500,1000,0,,False,False
duval_christ_methodist_kindergarten,CHRIST METHODIST KINDERGARTEN,Duval,Jacksonville,30.35813,-81.66112,county_centroid,Estimated,,,Violet,Charity,C,Charity_Army,Wallet C,prospect,02_ACCOUNTS.penetration,False,,,(904) 249-1550,500,1000,0,,False,False
duval_christ_s_church_academy_preschool,Christ's Church Academy Preschool,Duval,Jacksonville,30.33816,-81.68614,county_centroid,Estimated,,,Violet,Charity,C,Charity_Army,Wallet C,prospect,02_ACCOUNTS.penetration,False,,,(904) 260-2015,500,1000,0,,False,False
duval_christian_family_chapel,Christian Family Chapel,Duval,Jacksonville,30.32039,-81.62749,county_centroid,Estimated,,,Violet,Charity,C,Charity_Army,Wallet C,prospect,02_ACCOUNTS.penetration,False,,,(904) 262-3000,749,1000,0,,False,False
duval_coastal_early_learning_academy,Coastal Early Learning Academy,Duval,Jacksonville,30.35185,-81.6774,county_centroid,Estimated,,,Violet,Charity,C,Charity_Army,Wallet C,prospect,02_ACCOUNTS.penetration,False,,,(904) 242-9645,500,1000,0,,False,False
duval_community_presbyterian_preschool,COMMUNITY PRESBYTERIAN PRESCHOOL,Duval,Jacksonville,30.31062,-81.68543,county_centroid,Estimated,,,Violet,Charity,C,Charity_Army,Wallet C,prospect,02_ACCOUNTS.penetration,False,,,(904) 241-7335,500,1000,0,,False,False
duval_cornerstone_classical_preschool,Cornerstone Classical Preschool,Duval,Jacksonville,30.34563,-81.62522,county_centroid,Estimated,,,Violet,Charity,C,Charity_Army,Wallet C,prospect,02_ACCOUNTS.penetration,False,,,(904) 481-8163,500,1000,0,,False,False
duval_country_bumpkins_child_care_inc,COUNTRY BUMPKINS CHILD CARE INC,Duval,Jacksonville,30.3421,-81.64473,county_centroid,Estimated,,,Violet,Charity,C,Charity_Army,Wallet C,prospect,02_ACCOUNTS.penetration,False,,,(904) 786-0385,500,1000,0,,False,False
duval_crawford_early_learning_center,Crawford Early Learning Center,Duval,Jacksonville,30.35363,-81.66768,county_centroid,Estimated,,,Violet,Charity,C,Charity_Army,Wallet C,prospect,02_ACCOUNTS.penetration,False,,,(904) 394-4953,500,1000,0,,False,False
duval_creative_little_hands,Creative Little Hands,Duval,Jacksonville,30.32596,-81.65739,county_centroid,Estimated,,,Violet,Charity,C,Charity_Army,Wallet C,prospect,02_ACCOUNTS.penetration,False,,,(904) 737-3944,500,1000,0,,False,False
duval_creative_minds_early_learning_center_ii,Creative Minds Early Learning Center II,Duval,Jacksonville,30.36146,-81.64439,county_centroid,Estimated,,,Violet,Charity,C,Charity_Army,Wallet C,prospect,02_ACCOUNTS.penetration,False,,,(904) 870-1281,500,1000,0,,False,False
duval_crest_peak_learning_center,Crest Peak Learning Center,Duval,Jacksonville,30.3109,-81.68323,county_centroid,Estimated,,,Violet,Charity,C,Charity_Army,Wallet C,prospect,02_ACCOUNTS.penetration,False,,,(716) 903-4691,500,1000,0,,False,False
duval_dayspring_christian_acad_presc,DAYSPRING CHRISTIAN ACAD&PRESC,Duval,Jacksonville,30.31501,-81.69004,county_centroid,Estimated,,,Violet,Charity,C,Charity_Army,Wallet C,prospect,02_ACCOUNTS.penetration,False,,,(904) 764-0303,500,1000,0,,False,False
duval_deermeadows_preschool,DEERMEADOWS PRESCHOOL,Duval,Jacksonville,30.29934,-81.67852,county_centroid,Estimated,,,Violet,Charity,C,Charity_Army,Wallet C,prospect,02_ACCOUNTS.penetration,False,,,(904) 645-5882,500,1000,0,,False,False
duval_deerwood_academy_town_center,Deerwood Academy – Town Center,Duval,Jacksonville,30.31392,-81.62027,county_centroid,Estimated,,,Violet,Charity,C,Charity_Army,Wallet C,prospect,02_ACCOUNTS.penetration,False,,,(904) 807-9550,500,1000,0,,False,False
duval_deliverance_christian_center_daycare,DELIVERANCE CHRISTIAN CENTER DAYCARE,Duval,Jacksonville,30.30078,-81.66544,county_centroid,Estimated,,,Violet,Charity,C,Charity_Army,Wallet C,prospect,02_ACCOUNTS.penetration,False,,,(904) 738-0942,500,1000,0,,False,False
duval_destined_angels_christian_academy,DESTINED ANGELS CHRISTIAN ACADEMY,Duval,Jacksonville,30.3493,-81.69111,county_centroid,Estimated,,,Violet,Charity,C,Charity_Army,Wallet C,prospect,02_ACCOUNTS.penetration,False,,,(904) 580-5760,500,1000,0,,False,False
duval_destiny_preparatory_academy,Destiny Preparatory Academy,Duval,Jacksonville,30.30628,-81.63474,county_centroid,Estimated,,,Violet,Charity,C,Charity_Army,Wallet C,prospect,02_ACCOUNTS.penetration,False,,,(904) 576-5679,500,1000,0,,False,False
duval_early_bloomers_learning_center,EARLY BLOOMERS LEARNING CENTER,Duval,Jacksonville,30.33718,-81.66559,county_centroid,Estimated,,,Violet,Charity,C,Charity_Army,Wallet C,prospect,02_ACCOUNTS.penetration,False,,,(904) 559-5509,500,1000,0,,False,False
duval_east_pointe_christian_academy,East Pointe Christian Academy,Duval,Jacksonville,30.30911,-81.6913,county_centroid,Estimated,,,Violet,Charity,C,Charity_Army,Wallet C,prospect,02_ACCOUNTS.penetration,False,,,(904) 641-8323,500,1000,0,,False,False
duval_east_pointe_church,East Pointe Church,Duval,Jacksonville,30.30667,-81.66824,county_centroid,Estimated,,,Violet,Charity,C,Charity_Army,Wallet C,prospect,02_ACCOUNTS.penetration,False,,,(904) 641-8323,749,1000,0,,False,False
duval_emerald_city_learning_center,Emerald City Learning Center,Duval,Jacksonville,30.33465,-81.68419,county_centroid,Estimated,,,Violet,Charity,C,Charity_Army,Wallet C,prospect,02_ACCOUNTS.penetration,False,,,(904) 738-7702,500,1000,0,,False,False
duval_engaging_young_minds_academy_inc_ii,Engaging Young Minds Academy Inc II,Duval,Jacksonville,30.36014,-81.69025,county_centroid,Estimated,,,Violet,Charity,C,Charity_Army,Wallet C,prospect,02_ACCOUNTS.penetration,False,,,(904) 338-2579,500,1000,0,,False,False
duval_episcopal_children_s_services_rhoda_martin_early_head_start,Episcopal Children's Services Rhoda Martin Early Head Start,Duval,Jacksonville,30.33109,-81.67199,county_centroid,Estimated,,,Violet,Charity,C,Charity_Army,Wallet C,prospect,02_ACCOUNTS.penetration,False,,,(352) 816-8053,500,1000,0,,False,False
duval_evans_large_family_child_care,EVANS LARGE FAMILY CHILD CARE,Duval,Jacksonville,30.31715,-81.69202,county_centroid,Estimated,,,Violet,Charity,C,Charity_Army,Wallet C,prospect,02_ACCOUNTS.penetration,False,,,(904) 765-5056,500,1000,0,,False,False
duval_every_child_can_learn_child_development_center_inc,"EVERY CHILD CAN LEARN CHILD DEVELOPMENT CENTER,INC",Duval,Jacksonville,30.33298,-81.6457,county_centroid,Estimated,,,Violet,Charity,C,Charity_Army,Wallet C,prospect,02_ACCOUNTS.penetration,False,,,(904) 502-0411,500,1000,0,,False,False
nassau_exchange_church_town_of_wildlight,Exchange Church / Town of Wildlight,Nassau,Fernandina Beach / Yulee,30.5772,-81.67009,county_centroid,Estimated,,,Violet,Charity,C,Charity_Army,Wallet C,prospect,02_ACCOUNTS.penetration,True,,,(904) 530-1559,749,1000,0,,False,False
duval_faith_first_preschool,Faith First Preschool,Duval,Jacksonville,30.33996,-81.6528,county_centroid,Estimated,,,Violet,Charity,C,Charity_Army,Wallet C,prospect,02_ACCOUNTS.penetration,False,,,(904) 566-6106,500,1000,0,,False,False
clay_first_baptist_church_of_middleburg,First Baptist Church of Middleburg,Clay,Middleburg,30.07963,-81.87329,place_centroid,Estimated,,,Violet,Charity,C,Charity_Army,Wallet C,prospect,02_ACCOUNTS.penetration,False,,,(904) 282-5289,749,1000,0,,False,False
duval_first_christian_church_preschool,FIRST CHRISTIAN CHURCH PRESCHOOL,Duval,Jacksonville,30.29632,-81.64167,county_centroid,Estimated,,,Violet,Charity,C,Charity_Army,Wallet C,prospect,02_ACCOUNTS.penetration,False,,,(904) 880-8458,500,1000,0,,False,False
duval_for_your_child_only_victory_land_dev_ctr,FOR YOUR CHILD ONLY/VICTORY LAND DEV.CTR,Duval,Jacksonville,30.32186,-81.62728,county_centroid,Estimated,,,Violet,Charity,C,Charity_Army,Wallet C,prospect,02_ACCOUNTS.penetration,False,,,(904) 765-7504,500,1000,0,,False,False
duval_foundations_christian_academy_llc,Foundations Christian Academy LLC,Duval,Jacksonville,30.31465,-81.68019,county_centroid,Estimated,,,Violet,Charity,C,Charity_Army,Wallet C,prospect,02_ACCOUNTS.penetration,False,,,(904) 535-6862,500,1000,0,,False,False
duval_ft_caroline_baptist_academy_inc,FT CAROLINE BAPTIST ACADEMY INC,Duval,Jacksonville,30.32468,-81.63011,county_centroid,Estimated,,,Violet,Charity,C,Charity_Army,Wallet C,prospect,02_ACCOUNTS.penetration,False,,,(904) 642-3210,500,1000,0,,False,False
duval_future_faces_of_tomorrow,FUTURE FACES OF TOMORROW,Duval,Jacksonville,30.29794,-81.63893,county_centroid,Estimated,,,Violet,Charity,C,Charity_Army,Wallet C,prospect,02_ACCOUNTS.penetration,False,,,(904) 307-2102,500,1000,0,,False,False
duval_future_leaders_academy_preschool_llc,Future Leaders Academy & Preschool LLC,Duval,Jacksonville,30.33748,-81.6787,county_centroid,Estimated,,,Violet,Charity,C,Charity_Army,Wallet C,prospect,02_ACCOUNTS.penetration,False,,,(904) 383-6822,500,1000,0,,False,False
duval_future_scholars_academy_inc,Future Scholars Academy Inc.,Duval,Jacksonville,30.31991,-81.67676,county_centroid,Estimated,,,Violet,Charity,C,Charity_Army,Wallet C,prospect,02_ACCOUNTS.penetration,False,,,(904) 256-4415,500,1000,0,,False,False
duval_ganeinu_early_childhood_development_center,Ganeinu Early Childhood Development Center,Duval,Jacksonville,30.30875,-81.64789,county_centroid,Estimated,,,Violet,Charity,C,Charity_Army,Wallet C,prospect,02_ACCOUNTS.penetration,False,,,(904) 646-4434,500,1000,0,,False,False
duval_god_s_little_people_christian_academy_too_inc,"God's Little People Christian Academy Too, Inc.",Duval,Jacksonville,30.31668,-81.65953,county_centroid,Estimated,,,Violet,Charity,C,Charity_Army,Wallet C,prospect,02_ACCOUNTS.penetration,False,,,(904) 525-4795,500,1000,0,,False,False
duval_god_s_patch_childcare_learning_center_l_l_c,God's Patch Childcare & Learning Center L.L.C.,Duval,Jacksonville,30.31408,-81.64247,county_centroid,Estimated,,,Violet,Charity,C,Charity_Army,Wallet C,prospect,02_ACCOUNTS.penetration,False,,,(904) 412-3430,500,1000,0,,False,False
duval_growing_minds_academy_inc,GROWING MINDS ACADEMY INC,Duval,Jacksonville,30.32196,-81.62876,county_centroid,Estimated,,,Violet,Charity,C,Charity_Army,Wallet C,prospect,02_ACCOUNTS.penetration,False,,,(904) 317-2942,500,1000,0,,False,False
duval_harvest_time_christian_academy,Harvest Time Christian Academy,Duval,Jacksonville,30.3005,-81.68401,county_centroid,Estimated,,,Violet,Charity,C,Charity_Army,Wallet C,prospect,02_ACCOUNTS.penetration,False,,,(904) 333-4166,500,1000,0,,False,False
duval_hidden_treasures_child_care_center,HIDDEN TREASURES CHILD CARE center,Duval,Jacksonville,30.32871,-81.67641,county_centroid,Estimated,,,Violet,Charity,C,Charity_Army,Wallet C,prospect,02_ACCOUNTS.penetration,False,,,(904) 725-6784,500,1000,0,,False,False
duval_highlands_precious_gifts_preschool,HIGHLANDS PRECIOUS GIFTS PRESCHOOL,Duval,Jacksonville,30.32826,-81.66499,county_centroid,Estimated,,,Violet,Charity,C,Charity_Army,Wallet C,prospect,02_ACCOUNTS.penetration,False,,,(904) 641-1712,500,1000,0,,False,False
duval_his_kids_day_care_and_learning_center,HIS KIDS DAY CARE AND LEARNING CENTER,Duval,Jacksonville,30.3643,-81.64579,county_centroid,Estimated,,,Violet,Charity,C,Charity_Army,Wallet C,prospect,02_ACCOUNTS.penetration,False,,,(904) 781-3477,500,1000,0,,False,False
duval_hodges_blvd_presbyterian_church_preschool,HODGES BLVD PRESBYTERIAN CHURCH PRESCHOOL,Duval,Jacksonville,30.33617,-81.65838,county_centroid,Estimated,,,Violet,Charity,C,Charity_Army,Wallet C,prospect,02_ACCOUNTS.penetration,False,,,(904) 254-7304,500,1000,0,,False,False
duval_hogan_lane_day_care_inc,"Hogan Lane Day Care, Inc.",Duval,Jacksonville,30.29656,-81.68957,county_centroid,Estimated,,,Violet,Charity,C,Charity_Army,Wallet C,prospect,02_ACCOUNTS.penetration,False,,,(904) 786-6361,500,1000,0,,False,False
duval_hopewell_christian_academy,Hopewell Christian Academy,Duval,Jacksonville,30.3075,-81.61921,county_centroid,Estimated,,,Violet,Charity,C,Charity_Army,Wallet C,prospect,02_ACCOUNTS.penetration,False,,,(904) 288-9700,500,1000,0,,False,False
duval_impact_christian_academy,Impact Christian Academy,Duval,Jacksonville,30.36254,-81.64585,county_centroid,Estimated,,,Violet,Charity,C,Charity_Army,Wallet C,prospect,02_ACCOUNTS.penetration,False,,,(904) 652-1441,500,1000,0,,False,False
duval_impact_learning_center_northside,Impact Learning Center - Northside,Duval,Northside,30.45075,-81.65795,place_centroid,Estimated,,,Violet,Charity,C,Charity_Army,Wallet C,prospect,02_ACCOUNTS.penetration,False,,,(904) 328-5098,500,1000,0,,False,False
duval_inspiring_minds_academy_of_jacksonville,INSPIRING MINDS ACADEMY OF JACKSONVILLE,Duval,Jacksonville,30.33015,-81.65833,county_centroid,Estimated,,,Violet,Charity,C,Charity_Army,Wallet C,prospect,02_ACCOUNTS.penetration,False,,,(904) 683-1557,500,1000,0,,False,False
duval_intercoastal_kids_preschool,INTERCOASTAL KIDS PRESCHOOL,Duval,Jacksonville,30.32869,-81.69146,county_centroid,Estimated,,,Violet,Charity,C,Charity_Army,Wallet C,prospect,02_ACCOUNTS.penetration,False,,,(904) 220-3993,500,1000,0,,False,False
duval_isle_of_faith_child_development,ISLE OF FAITH CHILD DEVELOPMENT,Duval,Jacksonville,30.33548,-81.67938,county_centroid,Estimated,,,Violet,Charity,C,Charity_Army,Wallet C,prospect,02_ACCOUNTS.penetration,False,,,(904) 221-5437,500,1000,0,,False,False
duval_it_s_a_small_world_inc,"IT'S A SMALL WORLD,INC.",Duval,Jacksonville,30.30315,-81.66857,county_centroid,Estimated,,,Violet,Charity,C,Charity_Army,Wallet C,prospect,02_ACCOUNTS.penetration,False,,,(904) 783-3684,500,1000,0,,False,False
duval_j_j_day_care_lrng_ctr_inc,J & J DAY CARE & LRNG CTR INC.,Duval,Jacksonville,30.31581,-81.62073,county_centroid,Estimated,,,Violet,Charity,C,Charity_Army,Wallet C,prospect,02_ACCOUNTS.penetration,False,,,(904) 768-2800,500,1000,0,,False,False
duval_j_j_daycare_and_learning_center_2,J&J DAYCARE AND LEARNING CENTER 2,Duval,Jacksonville,30.3382,-81.68625,county_centroid,Estimated,,,Violet,Charity,C,Charity_Army,Wallet C,prospect,02_ACCOUNTS.penetration,False,,,(904) 768-2800,500,1000,0,,False,False
duval_j_bear_learning_center_llc,J'BEAR LEARNING CENTER LLC,Duval,Jacksonville,30.29868,-81.69244,county_centroid,Estimated,,,Violet,Charity,C,Charity_Army,Wallet C,prospect,02_ACCOUNTS.penetration,False,,,(904) 438-5787,500,1000,0,,False,False
duval_joshua_christian_academy,JOSHUA CHRISTIAN ACADEMY,Duval,Jacksonville,30.35467,-81.66949,county_centroid,Estimated,,,Violet,Charity,C,Charity_Army,Wallet C,prospect,02_ACCOUNTS.penetration,False,,,(904) 388-2227,500,1000,0,,False,False
duval_just_4_kids_learning_academy_of_jax,Just 4 Kids Learning Academy of Jax,Duval,Jacksonville,30.29808,-81.67574,county_centroid,Estimated,,,Violet,Charity,C,Charity_Army,Wallet C,prospect,02_ACCOUNTS.penetration,False,,,(904) 288-8324,500,1000,0,,False,False
duval_kid_city_usa_abess,KID CITY USA ABESS,Duval,Jacksonville,30.31887,-81.6933,county_centroid,Estimated,,,Violet,Charity,C,Charity_Army,Wallet C,prospect,02_ACCOUNTS.penetration,False,,,(904) 220-7737,500,1000,0,,False,False
duval_kid_city_usa_durbin,Kid City USA Durbin,Duval,Durbin / Julington,30.06659,-81.54291,place_centroid,Estimated,,,Violet,Charity,C,Charity_Army,Wallet C,prospect,02_ACCOUNTS.penetration,False,,,(904) 672-7616,500,1000,0,,False,False
duval_kid_city_usa_goca_grizzly,Kid City USA GOCA Grizzly,Duval,Jacksonville,30.30916,-81.62611,county_centroid,Estimated,,,Violet,Charity,C,Charity_Army,Wallet C,prospect,02_ACCOUNTS.penetration,False,,,(904) 699-5029,500,1000,0,,False,False
duval_kid_city_usa_jacksonville_heights,Kid City USA Jacksonville Heights,Duval,Jacksonville,30.3485,-81.62718,county_centroid,Estimated,,,Violet,Charity,C,Charity_Army,Wallet C,prospect,02_ACCOUNTS.penetration,False,,,(904) 902-4152,500,1000,0,,False,False
duval_kid_city_usa_oakleaf,Kid City USA Oakleaf,Duval,Jacksonville,30.31034,-81.63232,county_centroid,Estimated,,,Violet,Charity,C,Charity_Army,Wallet C,prospect,02_ACCOUNTS.penetration,False,,,(904) 717-9166,500,1000,0,,False,False
duval_kiddie_korner_learning_center,Kiddie Korner Learning Center,Duval,Jacksonville,30.33903,-81.63124,county_centroid,Estimated,,,Violet,Charity,C,Charity_Army,Wallet C,prospect,02_ACCOUNTS.penetration,False,,,(904) 574-9822,500,1000,0,,False,False
duval_kiddieville_christian_academy_llc,KIDDIEVILLE CHRISTIAN ACADEMY LLC,Duval,Jacksonville,30.36622,-81.64552,county_centroid,Estimated,,,Violet,Charity,C,Charity_Army,Wallet C,prospect,02_ACCOUNTS.penetration,False,,,(904) 586-2860,500,1000,0,,False,False
duval_kids_academy_usa_inc,Kids Academy USA Inc,Duval,Jacksonville,30.36148,-81.62201,county_centroid,Estimated,,,Violet,Charity,C,Charity_Army,Wallet C,prospect,02_ACCOUNTS.penetration,False,,,(904) 343-7109,500,1000,0,,False,False
duval_kids_by_the_hour,Kids By The Hour,Duval,Jacksonville,30.36128,-81.6353,county_centroid,Estimated,,,Violet,Charity,C,Charity_Army,Wallet C,prospect,02_ACCOUNTS.penetration,False,,,(904) 613-5045,500,1000,0,,False,False
duval_kids_club_of_florida_inc,KIDS CLUB OF FLORIDA INC,Duval,Jacksonville,30.3688,-81.65246,county_centroid,Estimated,,,Violet,Charity,C,Charity_Army,Wallet C,prospect,02_ACCOUNTS.penetration,False,,,(904) 349-6193,500,1000,0,,False,False
duval_kids_expanding_the_kingdom_christian_pre,KIDS EXPANDING THE KINGDOM CHRISTIAN PRE,Duval,Jacksonville,30.34941,-81.69015,county_centroid,Estimated,,,Violet,Charity,C,Charity_Army,Wallet C,prospect,02_ACCOUNTS.penetration,False,,,(904) 262-1134,500,1000,0,,False,False
duval_kids_learning_world_academy_llc,Kids Learning World Academy LLC,Duval,Jacksonville,30.32169,-81.68565,county_centroid,Estimated,,,Violet,Charity,C,Charity_Army,Wallet C,prospect,02_ACCOUNTS.penetration,False,,,(904) 575-9746,500,1000,0,,False,False
duval_kids_united_childcare_learning_center,Kids United Childcare & Learning Center,Duval,Jacksonville,30.31778,-81.62202,county_centroid,Estimated,,,Violet,Charity,C,Charity_Army,Wallet C,prospect,02_ACCOUNTS.penetration,False,,,(904) 332-8291,500,1000,0,,False,False
duval_kids_world_academy_of_florida_oak,Kids World Academy Of Florida - Oak,Duval,Jacksonville,30.31781,-81.65921,county_centroid,Estimated,,,Violet,Charity,C,Charity_Army,Wallet C,prospect,02_ACCOUNTS.penetration,False,,,(407) 459-3708,500,1000,0,,False,False
duval_kidspark,KidsPark,Duval,Jacksonville,30.35172,-81.66848,county_centroid,Estimated,,,Violet,Charity,C,Charity_Army,Wallet C,prospect,02_ACCOUNTS.penetration,False,,,(904) 683-4554,500,1000,0,,False,False
duval_kidsville_2000_llc,"KIDSVILLE 2000, LLC",Duval,Jacksonville,30.36186,-81.65501,county_centroid,Estimated,,,Violet,Charity,C,Charity_Army,Wallet C,prospect,02_ACCOUNTS.penetration,False,,,(904) 766-0857,500,1000,0,,False,False
duval_kidz_korner_childcare_learning_center,KIDZ KORNER CHILDCARE & LEARNING CENTER,Duval,Jacksonville,30.3662,-81.63299,county_centroid,Estimated,,,Violet,Charity,C,Charity_Army,Wallet C,prospect,02_ACCOUNTS.penetration,False,,,(904) 766-5619,500,1000,0,,False,False
duval_kinder_kollege_learning_center_inc,Kinder Kollege Learning Center Inc,Duval,Jacksonville,30.31367,-81.67471,county_centroid,Estimated,,,Violet,Charity,C,Charity_Army,Wallet C,prospect,02_ACCOUNTS.penetration,False,,,(904) 527-8355,500,1000,0,,False,False
duval_kingdom_kids_at_crossroad_inc,KINGDOM KIDS AT CROSSROAD INC,Duval,Jacksonville,30.36319,-81.64417,county_centroid,Estimated,,,Violet,Charity,C,Charity_Army,Wallet C,prospect,02_ACCOUNTS.penetration,False,,,(904) 493-1240,500,1000,0,,False,False
duval_kirkwood_presbyterian_center_for_early_learning,KIRKWOOD PRESBYTERIAN Center for Early Learning,Duval,Jacksonville,30.33866,-81.63925,county_centroid,Estimated,,,Violet,Charity,C,Charity_Army,Wallet C,prospect,02_ACCOUNTS.penetration,False,,,(904) 779-7198,500,1000,0,,False,False
duval_knox_academy_llc,KNOX ACADEMY LLC,Duval,Jacksonville,30.35294,-81.62141,county_centroid,Estimated,,,Violet,Charity,C,Charity_Army,Wallet C,prospect,02_ACCOUNTS.penetration,False,,,(904) 513-3111,500,1000,0,,False,False
duval_kreative_minds_academy_inc,KREATIVE MINDS ACADEMY INC,Duval,Jacksonville,30.30221,-81.64344,county_centroid,Estimated,,,Violet,Charity,C,Charity_Army,Wallet C,prospect,02_ACCOUNTS.penetration,False,,,(904) 846-0914,500,1000,0,,False,False
duval_la_core_christian_academy,LA CORE CHRISTIAN ACADEMY,Duval,Jacksonville,30.34296,-81.66531,county_centroid,Estimated,,,Violet,Charity,C,Charity_Army,Wallet C,prospect,02_ACCOUNTS.penetration,False,,,(904) 725-7150,500,1000,0,,False,False
duval_la_escuelita_pre_school,LA ESCUELITA PRE SCHOOL,Duval,Jacksonville,30.369,-81.67399,county_centroid,Estimated,,,Violet,Charity,C,Charity_Army,Wallet C,prospect,02_ACCOUNTS.penetration,False,,,(904) 744-8678,500,1000,0,,False,False
duval_la_petite_academy_7439,La Petite Academy 7439,Duval,Jacksonville,30.33238,-81.62583,county_centroid,Estimated,,,Violet,Charity,C,Charity_Army,Wallet C,prospect,02_ACCOUNTS.penetration,False,,,(248) 697-9000,500,1000,0,,False,False
duval_la_petite_academy_7440,La Petite Academy 7440,Duval,Jacksonville,30.31718,-81.65965,county_centroid,Estimated,,,Violet,Charity,C,Charity_Army,Wallet C,prospect,02_ACCOUNTS.penetration,False,,,(248) 697-9000,500,1000,0,,False,False
duval_la_petite_academy_7441,La Petite Academy 7441,Duval,Jacksonville,30.32329,-81.64016,county_centroid,Estimated,,,Violet,Charity,C,Charity_Army,Wallet C,prospect,02_ACCOUNTS.penetration,False,,,(248) 697-9000,500,1000,0,,False,False
duval_la_petite_academy_7442,La Petite Academy 7442,Duval,Jacksonville,30.3484,-81.61957,county_centroid,Estimated,,,Violet,Charity,C,Charity_Army,Wallet C,prospect,02_ACCOUNTS.penetration,False,,,(248) 697-9000,500,1000,0,,False,False
duval_lane_avenue_child_development_center_2,LANE AVENUE CHILD DEVELOPMENT CENTER 2,Duval,Jacksonville,30.29816,-81.63703,county_centroid,Estimated,,,Violet,Charity,C,Charity_Army,Wallet C,prospect,02_ACCOUNTS.penetration,False,,,(904) 647-6956,500,1000,0,,False,False
duval_lang_s_little_lambs_preschool_inc,LANG'S LITTLE LAMBS PRESCHOOL INC.,Duval,Jacksonville,30.32995,-81.62198,county_centroid,Estimated,,,Violet,Charity,C,Charity_Army,Wallet C,prospect,02_ACCOUNTS.penetration,False,,,(904) 394-0884,500,1000,0,,False,False
duval_lessons_learned_academy,Lessons Learned Academy,Duval,Jacksonville,30.32945,-81.69328,county_centroid,Estimated,,,Violet,Charity,C,Charity_Army,Wallet C,prospect,02_ACCOUNTS.penetration,False,,,(904) 802-0937,500,1000,0,,False,False
duval_let_s_be_friends_academy,Let's Be Friends Academy,Duval,Jacksonville,30.29891,-81.67696,county_centroid,Estimated,,,Violet,Charity,C,Charity_Army,Wallet C,prospect,02_ACCOUNTS.penetration,False,,,(904) 503-4545,500,1000,0,,False,False
duval_lifepoint_academy,LIFEPOINT ACADEMY,Duval,Jacksonville,30.32526,-81.62629,county_centroid,Estimated,,,Violet,Charity,C,Charity_Army,Wallet C,prospect,02_ACCOUNTS.penetration,False,,,(904) 268-2433,500,1000,0,,False,False
duval_lighthouse_christian_preschool_inc,"LIGHTHOUSE CHRISTIAN PRESCHOOL, INC",Duval,Jacksonville,30.29639,-81.65699,county_centroid,Estimated,,,Violet,Charity,C,Charity_Army,Wallet C,prospect,02_ACCOUNTS.penetration,False,,,(904) 372-4754,500,1000,0,,False,False
duval_lil_nuggets_daycare_inc,Lil Nuggets Daycare Inc,Duval,Jacksonville,30.35995,-81.67992,county_centroid,Estimated,,,Violet,Charity,C,Charity_Army,Wallet C,prospect,02_ACCOUNTS.penetration,False,,,(904) 425-0138,500,1000,0,,False,False
duval_little_britches_academy_ii,Little Britches Academy II,Duval,Jacksonville,30.32675,-81.66914,county_centroid,Estimated,,,Violet,Charity,C,Charity_Army,Wallet C,prospect,02_ACCOUNTS.penetration,False,,,(727) 902-0060,500,1000,0,,False,False
duval_little_britches_academy_inc,"Little Britches Academy, Inc",Duval,Jacksonville,30.36311,-81.65332,county_centroid,Estimated,,,Violet,Charity,C,Charity_Army,Wallet C,prospect,02_ACCOUNTS.penetration,False,,,(904) 880-0155,500,1000,0,,False,False
duval_little_feet_academy_of_jacksonville_llc,"Little Feet Academy of Jacksonville, LLC",Duval,Jacksonville,30.36792,-81.68116,county_centroid,Estimated,,,Violet,Charity,C,Charity_Army,Wallet C,prospect,02_ACCOUNTS.penetration,False,,,(904) 442-5234,500,1000,0,,False,False
duval_little_friends_at_hab_inc,"Little Friends at HAB, INC",Duval,Jacksonville,30.31281,-81.66715,county_centroid,Estimated,,,Violet,Charity,C,Charity_Army,Wallet C,prospect,02_ACCOUNTS.penetration,False,,,(904) 610-3447,500,1000,0,,False,False
duval_little_hoots_academy_llc,Little Hoots Academy LLC,Duval,Jacksonville,30.33087,-81.67162,county_centroid,Estimated,,,Violet,Charity,C,Charity_Army,Wallet C,prospect,02_ACCOUNTS.penetration,False,,,(904) 619-3605,500,1000,0,,False,False
duval_little_sponges_learning_academy_llc,Little Sponges Learning Academy LLC,Duval,Jacksonville,30.36398,-81.64058,county_centroid,Estimated,,,Violet,Charity,C,Charity_Army,Wallet C,prospect,02_ACCOUNTS.penetration,False,,,(904) 236-3198,500,1000,0,,False,False
duval_little_temples_academy_llc,"Little Temples Academy, LLC",Duval,Jacksonville,30.33805,-81.68628,county_centroid,Estimated,,,Violet,Charity,C,Charity_Army,Wallet C,prospect,02_ACCOUNTS.penetration,False,,,(904) 619-0273,500,1000,0,,False,False
duval_little_temples_child_care_center,Little Temples Child Care Center,Duval,Jacksonville,30.33212,-81.67778,county_centroid,Estimated,,,Violet,Charity,C,Charity_Army,Wallet C,prospect,02_ACCOUNTS.penetration,False,,,(904) 751-0075,500,1000,0,,False,False
duval_little_temples_learning_center_llc_shad_rd,LITTLE TEMPLES LEARNING CENTER LLC (SHAD RD),Duval,Jacksonville,30.35351,-81.64506,county_centroid,Estimated,,,Violet,Charity,C,Charity_Army,Wallet C,prospect,02_ACCOUNTS.penetration,False,,,(904) 514-0518,500,1000,0,,False,False
duval_little_tots_day_care_inc,LITTLE TOTS DAY CARE INC,Duval,Jacksonville,30.33697,-81.65526,county_centroid,Estimated,,,Violet,Charity,C,Charity_Army,Wallet C,prospect,02_ACCOUNTS.penetration,False,,,(904) 778-0877,500,1000,0,,False,False
duval_little_wise_kids_preschool,Little Wise Kids Preschool,Duval,Jacksonville,30.36848,-81.62342,county_centroid,Estimated,,,Violet,Charity,C,Charity_Army,Wallet C,prospect,02_ACCOUNTS.penetration,False,,,(718) 483-5093,500,1000,0,,False,False
duval_livingway_christian_academy,Livingway Christian Academy,Duval,Jacksonville,30.35979,-81.66272,county_centroid,Estimated,,,Violet,Charity,C,Charity_Army,Wallet C,prospect,02_ACCOUNTS.penetration,False,,,(904) 765-8700,500,1000,0,,False,False
duval_look_at_me_grow_enrichment_center_inc,LOOK AT ME GROW ENRICHMENT CENTER INC,Duval,Jacksonville,30.30383,-81.67354,county_centroid,Estimated,,,Violet,Charity,C,Charity_Army,Wallet C,prospect,02_ACCOUNTS.penetration,False,,,(904) 887-9712,500,1000,0,,False,False
duval_lover_s_little_one_s_academy_inc,Lover's Little One's Academy Inc.,Duval,Jacksonville,30.30897,-81.66319,county_centroid,Estimated,,,Violet,Charity,C,Charity_Army,Wallet C,prospect,02_ACCOUNTS.penetration,False,,,(904) 365-3953,500,1000,0,,False,False
duval_lutheran_services_florida_inc_southwind_villa_hs,LUTHERAN SERVICES FLORIDA INC SOUTHWIND VILLA HS,Duval,Jacksonville,30.31945,-81.62401,county_centroid,Estimated,,,Violet,Charity,C,Charity_Army,Wallet C,prospect,02_ACCOUNTS.penetration,False,,,(904) 463-1554,500,1000,0,,False,False
duval_lutheran_services_florida_inc_the_don_brewer_h_s,LUTHERAN SERVICES FLORIDA INC THE DON BREWER H S,Duval,Jacksonville,30.33911,-81.64845,county_centroid,Estimated,,,Violet,Charity,C,Charity_Army,Wallet C,prospect,02_ACCOUNTS.penetration,False,,,(904) 463-1554,500,1000,0,,False,False
duval_mandarin_presbyterian_preschool,MANDARIN PRESBYTERIAN PRESCHOOL,Duval,Mandarin,30.14571,-81.66344,place_centroid,Estimated,,,Violet,Charity,C,Charity_Army,Wallet C,prospect,02_ACCOUNTS.penetration,False,,,(904) 680-6406,500,1000,0,,False,False
duval_mann_s_learning_academy,Mann's Learning Academy,Duval,Jacksonville,30.29654,-81.64284,county_centroid,Estimated,,,Violet,Charity,C,Charity_Army,Wallet C,prospect,02_ACCOUNTS.penetration,False,,,(904) 697-9298,500,1000,0,,False,False
duval_merry_pop_ins_child_care_center,MERRY POP INS CHILD CARE CENTER,Duval,Jacksonville,30.35276,-81.65815,county_centroid,Estimated,,,Violet,Charity,C,Charity_Army,Wallet C,prospect,02_ACCOUNTS.penetration,False,,,(904) 381-0022,500,1000,0,,False,False
duval_methodist_children_s_village,METHODIST CHILDREN'S VILLAGE,Duval,Jacksonville,30.33221,-81.68898,county_centroid,Estimated,,,Violet,Charity,C,Charity_Army,Wallet C,prospect,02_ACCOUNTS.penetration,False,,,(904) 783-1681,500,1000,0,,False,False
duval_minds_assembly_events,Minds Assembly & Events,Duval,Jacksonville,30.35391,-81.64013,county_centroid,Estimated,,,Violet,Charity,C,Charity_Army,Wallet C,prospect,02_ACCOUNTS.penetration,False,,,(904) 866-2562,500,1000,0,,False,False
duval_mitchell_learning_academy_llc,MITCHELL LEARNING ACADEMY LLC,Duval,Jacksonville,30.35109,-81.64022,county_centroid,Estimated,,,Violet,Charity,C,Charity_Army,Wallet C,prospect,02_ACCOUNTS.penetration,False,,,(904) 677-4786,500,1000,0,,False,False
duval_mitchell_learning_academy_riverside,Mitchell Learning Academy Riverside,Duval,Riverside,30.32926,-81.70162,place_centroid,Estimated,,,Violet,Charity,C,Charity_Army,Wallet C,prospect,02_ACCOUNTS.penetration,False,,,(904) 536-2204,500,1000,0,,False,False
duval_montessori_kids_universe,Montessori Kids Universe,Duval,Jacksonville,30.30716,-81.66649,county_centroid,Estimated,,,Violet,Charity,C,Charity_Army,Wallet C,prospect,02_ACCOUNTS.penetration,False,,,(904) 431-5961,500,1000,0,,False,False
duval_montessori_tides_school,Montessori Tides School,Duval,Jacksonville,30.3577,-81.63835,county_centroid,Estimated,,,Violet,Fancy_Schools,C,Charity_Army,Wallet C,prospect,02_ACCOUNTS.penetration,False,,,(904) 241-1139,850,1000,0,,False,False
duval_moonbow_child_llc,Moonbow Child LLC,Duval,Jacksonville,30.32412,-81.64528,county_centroid,Estimated,,,Violet,Charity,C,Charity_Army,Wallet C,prospect,02_ACCOUNTS.penetration,False,,,(904) 647-7665,500,1000,0,,False,False
duval_murray_hill_baptist_child_care,MURRAY HILL BAPTIST CHILD CARE,Duval,Westside,30.31316,-81.74279,place_centroid,Estimated,,,Violet,Charity,C,Charity_Army,Wallet C,prospect,02_ACCOUNTS.penetration,False,,,(904) 384-1830,500,1000,0,,False,False
duval_natalia_rice_academy,NATALIA RICE ACADEMY,Duval,Jacksonville,30.3405,-81.62442,county_centroid,Estimated,,,Violet,Charity,C,Charity_Army,Wallet C,prospect,02_ACCOUNTS.penetration,False,,,(904) 374-4942,500,1000,0,,False,False
duval_neptune_baptist_w_e_e_school,NEPTUNE BAPTIST W.E.E. SCHOOL,Duval,Jacksonville,30.29978,-81.67172,county_centroid,Estimated,,,Violet,Charity,C,Charity_Army,Wallet C,prospect,02_ACCOUNTS.penetration,False,,,(904) 249-0305,500,1000,0,,False,False
duval_new_beginning_day_care,NEW BEGINNING DAY CARE,Duval,Jacksonville,30.35392,-81.66942,county_centroid,Estimated,,,Violet,Charity,C,Charity_Army,Wallet C,prospect,02_ACCOUNTS.penetration,False,,,(904) 768-0085,500,1000,0,,False,False
duval_new_dimensions_learning_center_inc,NEW DIMENSIONS LEARNING CENTER INC,Duval,Jacksonville,30.35338,-81.65422,county_centroid,Estimated,,,Violet,Charity,C,Charity_Army,Wallet C,prospect,02_ACCOUNTS.penetration,False,,,(904) 739-1062,500,1000,0,,False,False
duval_new_sprouts_childcare_l_l_c,New Sprouts Childcare L.L.C,Duval,Jacksonville,30.31882,-81.6188,county_centroid,Estimated,,,Violet,Charity,C,Charity_Army,Wallet C,prospect,02_ACCOUNTS.penetration,False,,,(904) 374-5971,500,1000,0,,False,False
duval_next_generation_preschool_academy,Next Generation Preschool Academy,Duval,Jacksonville,30.31416,-81.66366,county_centroid,Estimated,,,Violet,Charity,C,Charity_Army,Wallet C,prospect,02_ACCOUNTS.penetration,False,,,(904) 647-9143,500,1000,0,,False,False
duval_normandy_village_learning_academy_inc,"Normandy Village Learning Academy, Inc.",Duval,Jacksonville,30.32608,-81.63314,county_centroid,Estimated,,,Violet,Charity,C,Charity_Army,Wallet C,prospect,02_ACCOUNTS.penetration,False,,,(904) 783-9296,500,1000,0,,False,False
duval_northside_community_involvement_inc,"NORTHSIDE COMMUNITY INVOLVEMENT, INC.",Duval,Northside,30.43602,-81.65622,place_centroid,Estimated,,,Violet,Charity,C,Charity_Army,Wallet C,prospect,02_ACCOUNTS.penetration,False,,,(904) 768-1344,500,1000,0,,False,False
duval_nova_child_learning_academy,Nova Child Learning Academy,Duval,Jacksonville,30.31405,-81.64605,county_centroid,Estimated,,,Violet,Charity,C,Charity_Army,Wallet C,prospect,02_ACCOUNTS.penetration,False,,,(904) 724-0689,500,1000,0,,False,False
duval_oceanway_kids,Oceanway Kids,Duval,Northside,30.44909,-81.65518,place_centroid,Estimated,,,Violet,Charity,C,Charity_Army,Wallet C,prospect,02_ACCOUNTS.penetration,False,,,(904) 751-1531,500,1000,0,,False,False
duval_on_our_way_learning_center,On Our Way Learning Center,Duval,Jacksonville,30.36069,-81.67468,county_centroid,Estimated,,,Violet,Charity,C,Charity_Army,Wallet C,prospect,02_ACCOUNTS.penetration,False,,,(904) 403-8496,500,1000,0,,False,False
duval_one_heart_early_learning_center,One Heart Early Learning Center,Duval,Jacksonville,30.32731,-81.67252,county_centroid,Estimated,,,Violet,Charity,C,Charity_Army,Wallet C,prospect,02_ACCOUNTS.penetration,False,,,(904) 771-9599,500,1000,0,,False,False
clay_orange_park_christian_church,Orange Park Christian Church,Clay,Orange Park,30.16949,-81.70152,place_centroid,Estimated,,,Violet,Charity,C,Charity_Army,Wallet C,prospect,02_ACCOUNTS.penetration,False,,,(904) 272-1250,749,1000,0,,False,False
duval_ortega_playschool,Ortega Playschool,Duval,Jacksonville,30.33136,-81.65104,county_centroid,Estimated,,,Violet,Charity,C,Charity_Army,Wallet C,prospect,02_ACCOUNTS.penetration,False,,,(904) 387-0749,500,1000,0,,False,False
duval_page_of_learning_llc_dba_southpoint_early_learning,PAGE OF LEARNING LLC DBA SOUTHPOINT EARLY LEARNING,Duval,Jacksonville,30.29918,-81.67545,county_centroid,Estimated,,,Violet,Charity,C,Charity_Army,Wallet C,prospect,02_ACCOUNTS.penetration,False,,,(904) 443-7817,500,1000,0,,False,False
st_johns_palmer_catholic_academy_preschool,Palmer Catholic Academy Preschool,St. Johns,St. Augustine / St. Johns,29.91724,-81.33083,county_centroid,Estimated,,,Violet,Charity,C,Charity_Army,Wallet C,prospect,02_ACCOUNTS.penetration,False,,,(904) 567-1970,850,1000,0,,False,False
duval_palms_preschool_and_childcare_center,Palms Preschool and Childcare center,Duval,Jacksonville,30.32993,-81.68905,county_centroid,Estimated,,,Violet,Charity,C,Charity_Army,Wallet C,prospect,02_ACCOUNTS.penetration,False,,,(904) 247-0983,500,1000,0,,False,False
duval_parks_place_daycare_learning_center_llc,"Parks' Place Daycare & Learning Center, LLC",Duval,Jacksonville,30.36375,-81.68714,county_centroid,Estimated,,,Violet,Charity,C,Charity_Army,Wallet C,prospect,02_ACCOUNTS.penetration,False,,,(904) 908-0140,500,1000,0,,False,False
duval_parkwood_weekday_early_ed_center,PARKWOOD WEEKDAY EARLY ED. CENTER,Duval,Jacksonville,30.35522,-81.67002,county_centroid,Estimated,,,Violet,Charity,C,Charity_Army,Wallet C,prospect,02_ACCOUNTS.penetration,False,,,(904) 721-2719,500,1000,0,,False,False
duval_parsons_little_scholars_creative_child_care_inc,PARSONS LITTLE SCHOLARS CREATIVE CHILD CARE INC,Duval,Jacksonville,30.35073,-81.62956,county_centroid,Estimated,,,Violet,Charity,C,Charity_Army,Wallet C,prospect,02_ACCOUNTS.penetration,False,,,(904) 744-3221,500,1000,0,,False,False
duval_pathway_learning_center,Pathway Learning Center,Duval,Jacksonville,30.32574,-81.6783,county_centroid,Estimated,,,Violet,Charity,C,Charity_Army,Wallet C,prospect,02_ACCOUNTS.penetration,False,,,(904) 683-0470,500,1000,0,,False,False
duval_pearl_academy_llc,PEARL ACADEMY LLC,Duval,Jacksonville,30.30495,-81.69311,county_centroid,Estimated,,,Violet,Charity,C,Charity_Army,Wallet C,prospect,02_ACCOUNTS.penetration,False,,,(904) 619-6419,500,1000,0,,False,False
duval_peas_in_a_pod_learning_center_1,Peas in a Pod Learning Center 1,Duval,Jacksonville,30.34682,-81.62373,county_centroid,Estimated,,,Violet,Charity,C,Charity_Army,Wallet C,prospect,02_ACCOUNTS.penetration,False,,,(305) 479-4881,500,1000,0,,False,False
duval_peas_in_a_pod_learning_center_2,Peas in a Pod Learning Center 2,Duval,Jacksonville,30.33513,-81.62475,county_centroid,Estimated,,,Violet,Charity,C,Charity_Army,Wallet C,prospect,02_ACCOUNTS.penetration,False,,,(305) 479-4881,500,1000,0,,False,False
duval_pooh_friends_child_care_dev_center_ii_inc,"POOH & FRIENDS CHILD CARE DEV CENTER II, INC",Duval,Jacksonville,30.33183,-81.62658,county_centroid,Estimated,,,Violet,Charity,C,Charity_Army,Wallet C,prospect,02_ACCOUNTS.penetration,False,,,(904) 733-5488,500,1000,0,,False,False
duval_poughs_christian_cuddle_care_inc,Poughs Christian Cuddle Care Inc,Duval,Jacksonville,30.3122,-81.66169,county_centroid,Estimated,,,Violet,Charity,C,Charity_Army,Wallet C,prospect,02_ACCOUNTS.penetration,False,,,(904) 872-0702,500,1000,0,,False,False
duval_precious_promises_preschool,PRECIOUS PROMISES PRESCHOOL,Duval,Jacksonville,30.33451,-81.64826,county_centroid,Estimated,,,Violet,Charity,C,Charity_Army,Wallet C,prospect,02_ACCOUNTS.penetration,False,,,(904) 262-3007,500,1000,0,,False,False
duval_providence_preschool,PROVIDENCE Preschool,Duval,Jacksonville,30.3664,-81.66122,county_centroid,Estimated,,,Violet,Charity,C,Charity_Army,Wallet C,prospect,02_ACCOUNTS.penetration,False,,,(904) 223-0809,500,1000,0,,False,False
duval_punkin_place_child_development_of_jax,PUNKIN PLACE CHILD DEVELOPMENT OF JAX,Duval,Jacksonville,30.35882,-81.66832,county_centroid,Estimated,,,Violet,Charity,C,Charity_Army,Wallet C,prospect,02_ACCOUNTS.penetration,False,,,(904) 786-5952,500,1000,0,,False,False
duval_rattles_to_tassels_learning_center_at_merrill_road_llc,Rattles to Tassels Learning Center at Merrill Road LLC,Duval,Jacksonville,30.30902,-81.62487,county_centroid,Estimated,,,Violet,Charity,C,Charity_Army,Wallet C,prospect,02_ACCOUNTS.penetration,False,,,(904) 738-7897,500,1000,0,,False,False
duval_rattles_to_tassels_learning_center_llc,RATTLES TO TASSELS LEARNING CENTER LLC,Duval,Jacksonville,30.30338,-81.6462,county_centroid,Estimated,,,Violet,Charity,C,Charity_Army,Wallet C,prospect,02_ACCOUNTS.penetration,False,,,(904) 619-4702,500,1000,0,,False,False
duval_rmk_learning_inc,RMK Learning Inc.,Duval,Jacksonville,30.3246,-81.65544,county_centroid,Estimated,,,Violet,Charity,C,Charity_Army,Wallet C,prospect,02_ACCOUNTS.penetration,False,,,(904) 666-5183,500,1000,0,,False,False
clay_russell_baptist_church,Russell Baptist Church,Clay,Green Cove Springs / Fleming Island,30.02233,-81.75887,county_centroid,Estimated,,,Violet,Charity,C,Charity_Army,Wallet C,prospect,02_ACCOUNTS.penetration,False,,,(904) 284-3951,749,1000,0,,False,False
duval_san_jose_baptist_church,San Jose Baptist Church,Duval,Jacksonville,30.32471,-81.65571,county_centroid,Estimated,,,Violet,Charity,C,Charity_Army,Wallet C,prospect,02_ACCOUNTS.penetration,False,,,(904) 733-1630,749,1000,0,,False,False
duval_scott_academy_inc,Scott Academy Inc.,Duval,Jacksonville,30.32205,-81.61983,county_centroid,Estimated,,,Violet,Charity,C,Charity_Army,Wallet C,prospect,02_ACCOUNTS.penetration,False,,,(904) 881-2030,500,1000,0,,False,False
duval_sea_turtle_elc,Sea Turtle ELC,Duval,Jacksonville,30.35515,-81.6471,county_centroid,Estimated,,,Violet,Charity,C,Charity_Army,Wallet C,prospect,02_ACCOUNTS.penetration,False,,,(904) 536-5270,500,1000,0,,False,False
duval_sea_turtle_preschool,Sea Turtle Preschool,Duval,Jacksonville,30.32222,-81.67237,county_centroid,Estimated,,,Violet,Charity,C,Charity_Army,Wallet C,prospect,02_ACCOUNTS.penetration,False,,,(904) 536-5270,500,1000,0,,False,False
duval_seacoast_charter_academy_inc,"Seacoast Charter Academy, Inc.",Duval,Jacksonville,30.29789,-81.62299,county_centroid,Estimated,,,Violet,Charity,C,Charity_Army,Wallet C,prospect,02_ACCOUNTS.penetration,False,,,(904) 562-4780,500,1000,0,,False,False
duval_seasons_of_learning_child_care_academy_llc,Seasons of Learning Child Care Academy LLC,Duval,Jacksonville,30.35453,-81.64788,county_centroid,Estimated,,,Violet,Charity,C,Charity_Army,Wallet C,prospect,02_ACCOUNTS.penetration,False,,,(904) 798-0333,500,1000,0,,False,False
duval_seasons_of_learning_too,Seasons of Learning Too,Duval,Jacksonville,30.31492,-81.64551,county_centroid,Estimated,,,Violet,Charity,C,Charity_Army,Wallet C,prospect,02_ACCOUNTS.penetration,False,,,(904) 245-9718,500,1000,0,,False,False
duval_shining_bright_preschool_inc,"Shining Bright Preschool, Inc",Duval,Jacksonville,30.33739,-81.6681,county_centroid,Estimated,,,Violet,Charity,C,Charity_Army,Wallet C,prospect,02_ACCOUNTS.penetration,False,,,(904) 312-0038,500,1000,0,,False,False
duval_smitty_s_learning_center,SMITTY'S LEARNING CENTER,Duval,Jacksonville,30.36118,-81.65429,county_centroid,Estimated,,,Violet,Charity,C,Charity_Army,Wallet C,prospect,02_ACCOUNTS.penetration,False,,,(904) 732-9660,500,1000,0,,False,False
duval_southside_methodist_church_preschool,Southside Methodist Church Preschool,Duval,Southside,30.24283,-81.59368,place_centroid,Estimated,,,Violet,Charity,C,Charity_Army,Wallet C,prospect,02_ACCOUNTS.penetration,False,,,(904) 396-2676,500,1000,0,,False,False
duval_southville_preschool,Southville Preschool,Duval,Jacksonville,30.31133,-81.64598,county_centroid,Estimated,,,Violet,Charity,C,Charity_Army,Wallet C,prospect,02_ACCOUNTS.penetration,False,,,(904) 559-2181,500,1000,0,,False,False
duval_sparkling_angels_enrichment_center_2_inc,Sparkling Angels Enrichment Center 2 Inc,Duval,Jacksonville,30.31528,-81.65416,county_centroid,Estimated,,,Violet,Charity,C,Charity_Army,Wallet C,prospect,02_ACCOUNTS.penetration,False,,,(904) 380-1318,500,1000,0,,False,False
duval_st_paul_umc_preschool,ST PAUL UMC PRESCHOOL,Duval,Jacksonville,30.31465,-81.66284,county_centroid,Estimated,,,Violet,Charity,C,Charity_Army,Wallet C,prospect,02_ACCOUNTS.penetration,False,,,(904) 724-0931,500,1000,0,,False,False
duval_st_pauls_catholic_school,ST PAULS CATHOLIC SCHOOL,Duval,Jacksonville,30.32551,-81.62534,county_centroid,Estimated,,,Violet,Charity,C,Charity_Army,Wallet C,prospect,02_ACCOUNTS.penetration,False,,,(904) 262-0668,500,1000,0,,False,False
duval_st_pauls_catholic_school_vpk_prek4,St Pauls Catholic School/ VPK Prek4,Duval,Jacksonville,30.35823,-81.66959,county_centroid,Estimated,,,Violet,Charity,C,Charity_Army,Wallet C,prospect,02_ACCOUNTS.penetration,False,,,(904) 262-0668,500,1000,0,,False,False
duval_st_john_the_divine_early_learning_center,St. John the Divine Early Learning Center,Duval,Jacksonville,30.33203,-81.62122,county_centroid,Estimated,,,Violet,Charity,C,Charity_Army,Wallet C,prospect,02_ACCOUNTS.penetration,False,,,(904) 396-5383,500,1000,0,,False,False
st_johns_st_therese_of_the_child_jesus_early_childhood_center,St. Therese of the Child Jesus Early Childhood Center,St. Johns,St. Augustine / St. Johns,29.86194,-81.32041,county_centroid,Estimated,,,Violet,Charity,C,Charity_Army,Wallet C,prospect,02_ACCOUNTS.penetration,False,,,(904) 429-7637,850,1000,0,,False,False
duval_steam_on_learning_center_llc,"Steam On Learning Center, LLC",Duval,Jacksonville,30.31789,-81.65564,county_centroid,Estimated,,,Violet,Charity,C,Charity_Army,Wallet C,prospect,02_ACCOUNTS.penetration,False,,,(904) 446-5944,500,1000,0,,False,False
duval_stepping_stones_preschool,STEPPING STONES PRESCHOOL,Duval,Jacksonville,30.30342,-81.6381,county_centroid,Estimated,,,Violet,Charity,C,Charity_Army,Wallet C,prospect,02_ACCOUNTS.penetration,False,,,(904) 737-6698,500,1000,0,,False,False
duval_success_for_kids_academy_llc,SUCCESS FOR KIDS ACADEMY LLC,Duval,Jacksonville,30.36856,-81.67432,county_centroid,Estimated,,,Violet,Charity,C,Charity_Army,Wallet C,prospect,02_ACCOUNTS.penetration,False,,,(904) 704-4357,500,1000,0,,False,False
duval_sunrise_early_learning_academy_ii_llc,"Sunrise Early Learning Academy II, LLC",Duval,Jacksonville,30.29669,-81.61852,county_centroid,Estimated,,,Violet,Charity,C,Charity_Army,Wallet C,prospect,02_ACCOUNTS.penetration,False,,,(904) 577-0590,500,1000,0,,False,False
duval_super_duck_child_care_inc,SUPER DUCK CHILD CARE INC,Duval,Jacksonville,30.34671,-81.62404,county_centroid,Estimated,,,Violet,Charity,C,Charity_Army,Wallet C,prospect,02_ACCOUNTS.penetration,False,,,(904) 962-1111,500,1000,0,,False,False
duval_superior_christian_academy_llc,SUPERIOR CHRISTIAN ACADEMY LLC,Duval,Jacksonville,30.34887,-81.6628,county_centroid,Estimated,,,Violet,Charity,C,Charity_Army,Wallet C,prospect,02_ACCOUNTS.penetration,False,,,(904) 381-9951,500,1000,0,,False,False
duval_the_blue_prints_academy_inc,THE BLUE PRINTS ACADEMY INC,Duval,Jacksonville,30.33617,-81.63435,county_centroid,Estimated,,,Violet,Charity,C,Charity_Army,Wallet C,prospect,02_ACCOUNTS.penetration,False,,,(904) 751-7011,500,1000,0,,False,False
duval_the_children_s_courtyard_6209,The Children's Courtyard (#6209),Duval,Jacksonville,30.34678,-81.6623,county_centroid,Estimated,,,Violet,Charity,C,Charity_Army,Wallet C,prospect,02_ACCOUNTS.penetration,False,,,(248) 697-9000,500,1000,0,,False,False
duval_the_covenant_school_of_jacksonville_inc,"The Covenant School of Jacksonville, Inc.",Duval,Jacksonville,30.33861,-81.67353,county_centroid,Estimated,,,Violet,Charity,C,Charity_Army,Wallet C,prospect,02_ACCOUNTS.penetration,False,,,(904) 813-3985,500,1000,0,,False,False
duval_the_discovery_tree_academy_san_pablo,THE DISCOVERY TREE ACADEMY SAN PABLO,Duval,Jacksonville,30.31833,-81.62336,county_centroid,Estimated,,,Violet,Charity,C,Charity_Army,Wallet C,prospect,02_ACCOUNTS.penetration,False,,,(904) 619-8797,500,1000,0,account-trees.html,False,False
duval_the_early_learners_village,The Early Learners Village,Duval,Jacksonville,30.32587,-81.64685,county_centroid,Estimated,,,Violet,Charity,C,Charity_Army,Wallet C,prospect,02_ACCOUNTS.penetration,False,,,(904) 300-3020,500,1000,0,,False,False
duval_the_elsie_academy_llc,"The Elsie Academy, LLC",Duval,Jacksonville,30.36502,-81.6472,county_centroid,Estimated,,,Violet,Charity,C,Charity_Army,Wallet C,prospect,02_ACCOUNTS.penetration,False,,,(614) 373-5435,500,1000,0,,False,False
duval_the_ivy_league_learning_experience,The Ivy League Learning Experience,Duval,Jacksonville,30.31929,-81.6659,county_centroid,Estimated,,,Violet,Charity,C,Charity_Army,Wallet C,prospect,02_ACCOUNTS.penetration,False,,,(904) 483-1870,500,1000,0,,False,False
duval_the_learning_castle_academy,The Learning Castle Academy,Duval,Jacksonville,30.32547,-81.67379,county_centroid,Estimated,,,Violet,Charity,C,Charity_Army,Wallet C,prospect,02_ACCOUNTS.penetration,False,,,(904) 371-0221,500,1000,0,,False,False
duval_the_learning_experience,THE LEARNING EXPERIENCE,Duval,Jacksonville,30.33606,-81.63514,county_centroid,Estimated,,,Violet,Charity,C,Charity_Army,Wallet C,prospect,02_ACCOUNTS.penetration,False,,,(904) 620-8320,500,1000,0,,False,False
duval_the_learning_experience_jacksonville_oakleaf,The Learning Experience @ Jacksonville Oakleaf,Duval,Jacksonville,30.31181,-81.62046,county_centroid,Estimated,,,Violet,Charity,C,Charity_Army,Wallet C,prospect,02_ACCOUNTS.penetration,False,,,(904) 699-2232,500,1000,0,,False,False
duval_the_learning_experience_mandarin,The Learning Experience @ Mandarin,Duval,Mandarin,30.15217,-81.6409,place_centroid,Estimated,,,Violet,Charity,C,Charity_Army,Wallet C,prospect,02_ACCOUNTS.penetration,False,,,(904) 880-1695,500,1000,0,,False,False
duval_the_learning_experience_river_city,The Learning Experience River City,Duval,Jacksonville,30.36868,-81.66569,county_centroid,Estimated,,,Violet,Charity,C,Charity_Army,Wallet C,prospect,02_ACCOUNTS.penetration,False,,,(678) 524-8178,500,1000,0,,False,False
duval_the_preschool_in_san_marco_inc,"The Preschool in San Marco, Inc.",Duval,Jacksonville,30.35015,-81.66988,county_centroid,Estimated,,,Violet,Charity,C,Charity_Army,Wallet C,prospect,02_ACCOUNTS.penetration,False,,,(904) 396-6633,500,1000,0,,False,False
duval_the_timuquana_day_care_and_learning_center,THE TIMUQUANA DAY CARE AND LEARNING CENTER,Duval,Jacksonville,30.33598,-81.69248,county_centroid,Estimated,,,Violet,Charity,C,Charity_Army,Wallet C,prospect,02_ACCOUNTS.penetration,False,,,(904) 771-7388,500,1000,0,,False,False
duval_the_way_christian_academy,The Way Christian Academy,Duval,Jacksonville,30.34855,-81.67693,county_centroid,Estimated,,,Violet,Charity,C,Charity_Army,Wallet C,prospect,02_ACCOUNTS.penetration,False,,,(904) 695-0531,500,1000,0,,False,False
duval_thomas_tots_learning_academy,Thomas Tots Learning Academy,Duval,Jacksonville,30.31483,-81.61859,county_centroid,Estimated,,,Violet,Charity,C,Charity_Army,Wallet C,prospect,02_ACCOUNTS.penetration,False,,,(904) 728-7082,500,1000,0,,False,False
duval_tiny_hands_academy,Tiny Hands Academy,Duval,Jacksonville,30.31531,-81.64807,county_centroid,Estimated,,,Violet,Charity,C,Charity_Army,Wallet C,prospect,02_ACCOUNTS.penetration,False,,,(904) 629-8176,500,1000,0,,False,False
duval_total_learning_center,TOTAL LEARNING CENTER,Duval,Jacksonville,30.34073,-81.62693,county_centroid,Estimated,,,Violet,Charity,C,Charity_Army,Wallet C,prospect,02_ACCOUNTS.penetration,False,,,(904) 737-5669,500,1000,0,,False,False
duval_two_angels_academy_llc,"Two Angels Academy, LLC",Duval,Jacksonville,30.36074,-81.63751,county_centroid,Estimated,,,Violet,Charity,C,Charity_Army,Wallet C,prospect,02_ACCOUNTS.penetration,False,,,(904) 862-6100,500,1000,0,,False,False
duval_unique_academy_of_excellence_llc,"Unique Academy of Excellence, LLC",Duval,Jacksonville,30.3175,-81.622,county_centroid,Estimated,,,Violet,Charity,C,Charity_Army,Wallet C,prospect,02_ACCOUNTS.penetration,False,,,(904) 766-6004,500,1000,0,,False,False
duval_unique_kidz_academy_llc,"Unique Kidz Academy, LLC",Duval,Jacksonville,30.31233,-81.66967,county_centroid,Estimated,,,Violet,Charity,C,Charity_Army,Wallet C,prospect,02_ACCOUNTS.penetration,False,,,(904) 397-3405,500,1000,0,,False,False
duval_university_christian_school_vpk,University Christian School (VPK),Duval,Jacksonville,30.32509,-81.68565,county_centroid,Estimated,,,Violet,Charity,C,Charity_Army,Wallet C,prospect,02_ACCOUNTS.penetration,False,,,(904) 737-6330,500,1000,0,,False,False
duval_victorious_learning_center_i_llc,VICTORIOUS LEARNING CENTER I LLC,Duval,Jacksonville,30.2967,-81.65013,county_centroid,Estimated,,,Violet,Charity,C,Charity_Army,Wallet C,prospect,02_ACCOUNTS.penetration,False,,,(904) 891-3535,500,1000,0,,False,False
duval_victorious_learning_center_ii_llc,VICTORIOUS LEARNING CENTER II LLC,Duval,Jacksonville,30.34048,-81.63056,county_centroid,Estimated,,,Violet,Charity,C,Charity_Army,Wallet C,prospect,02_ACCOUNTS.penetration,False,,,(904) 365-0438,500,1000,0,,False,False
duval_victory_preschool,VICTORY PRESCHOOL,Duval,Jacksonville,30.31282,-81.65793,county_centroid,Estimated,,,Violet,Charity,C,Charity_Army,Wallet C,prospect,02_ACCOUNTS.penetration,False,,,(904) 642-8900,500,1000,0,,False,False
duval_wallace_enterprises_learning_and_development_center_llc,Wallace Enterprises Learning And Development Center LLC,Duval,Jacksonville,30.36516,-81.69195,county_centroid,Estimated,,,Violet,Charity,C,Charity_Army,Wallet C,prospect,02_ACCOUNTS.penetration,False,,,(904) 768-9786,500,1000,0,,False,False
duval_watch_us_grow_learning_center_llc,"Watch Us Grow Learning Center, LLC.",Duval,Jacksonville,30.34943,-81.66418,county_centroid,Estimated,,,Violet,Charity,C,Charity_Army,Wallet C,prospect,02_ACCOUNTS.penetration,False,,,(904) 353-2999,500,1000,0,,False,False
duval_wayman_early_learning_academy_westside,Wayman Early Learning Academy Westside,Duval,Westside,30.29188,-81.75615,place_centroid,Estimated,,,Violet,Charity,C,Charity_Army,Wallet C,prospect,02_ACCOUNTS.penetration,False,,,(904) 693-1503,500,1000,0,,False,False
st_johns_waypoint_preschool_inc,Waypoint Preschool Inc,St. Johns,St. Augustine / St. Johns,29.90413,-81.33821,county_centroid,Estimated,,,Violet,Charity,C,Charity_Army,Wallet C,prospect,02_ACCOUNTS.penetration,False,,,(904) 395-3764,500,1000,0,,False,False
duval_wee_walkers_academy_of_arts,Wee Walkers Academy of Arts,Duval,Jacksonville,30.33315,-81.62955,county_centroid,Estimated,,,Violet,Charity,C,Charity_Army,Wallet C,prospect,02_ACCOUNTS.penetration,False,,,(904) 802-3875,500,1000,0,,False,False
duval_westside_christian_learning_center_inc,"Westside Christian Learning Center, Inc",Duval,Westside,30.30555,-81.75652,place_centroid,Estimated,,,Violet,Charity,C,Charity_Army,Wallet C,prospect,02_ACCOUNTS.penetration,False,,,(904) 683-9780,500,1000,0,,False,False
duval_wings_of_angels_christian_academy,Wings of Angels Christian Academy,Duval,Jacksonville,30.30036,-81.68235,county_centroid,Estimated,,,Violet,Charity,C,Charity_Army,Wallet C,prospect,02_ACCOUNTS.penetration,False,,,(904) 274-1656,500,1000,0,,False,False
duval_wise_kids_academy_llc,"Wise Kids Academy, LLC",Duval,Jacksonville,30.30163,-81.68001,county_centroid,Estimated,,,Violet,Charity,C,Charity_Army,Wallet C,prospect,02_ACCOUNTS.penetration,False,,,(904) 300-3732,500,1000,0,,False,False
duval_young_legends_learning_center_inc,"YOUNG LEGENDS LEARNING CENTER, INC",Duval,Jacksonville,30.31311,-81.67858,county_centroid,Estimated,,,Violet,Charity,C,Charity_Army,Wallet C,prospect,02_ACCOUNTS.penetration,False,,,(904) 503-1699,500,1000,0,,False,False
st_johns_sawgrass_marriott_golf_resort_spa,Sawgrass Marriott Golf Resort & Spa,St. Johns,St. Augustine / St. Johns,29.91662,-81.29257,county_centroid,Estimated,,,Fest_Events,Regional_Enterprise,C,Regional_Enterprise,Wallet C,customer,bdr_tam_dialer.is_customer,False,Sean Clark,,(904) 285-7777,3000,6000,0,,False,True
duval_mcdonald_s,McDonald's,Duval,Jacksonville,30.33752,-81.61953,county_centroid,Estimated,,,Fest_Events,Corp_Field,C,Corporate_Field,Wallet C,prospect,02_ACCOUNTS.penetration,False,Lindsey Roberts,,,1000,1500,0,,False,False
st_johns_publix_super_markets_1243,Publix Super Markets #1243,St. Johns,St. Augustine / St. Johns,29.87819,-81.28051,county_centroid,Estimated,,,Fest_Events,Corp_Field,C,Corporate_Field,Wallet C,prospect,02_ACCOUNTS.penetration,False,Ronnie Mills,,,1000,1500,0,,False,False
duval_providence_school_of_jacksonville,Providence School of Jacksonville,Duval,Jacksonville,30.34184,-81.66744,county_centroid,Estimated,,,Violet,Fancy_Schools,C,Charity_Army,Wallet C,prospect,02_ACCOUNTS.penetration,False,Tim Anderson,info@prov.org,,850,1000,0,,False,False
duval_basilica_of_the_immaculate_conception,Basilica of the Immaculate Conception,Duval,Jacksonville,30.31948,-81.65607,county_centroid,Estimated,,,Violet,Charity,D,Charity_Army,Wallet D,prospect,02_ACCOUNTS.penetration,False,,office@icjax.org,(904) 359-0331,749,1000,0,,False,False
duval_holy_rosary_catholic_church,Holy Rosary Catholic Church,Duval,Jacksonville,30.32224,-81.65003,county_centroid,Estimated,,,Violet,Charity,D,Charity_Army,Wallet D,prospect,02_ACCOUNTS.penetration,False,,holyrosaryjax@comcast.net,(904) 764-3241,749,1000,0,,False,False
st_johns_christ_episcopal_church_preschool,Christ Episcopal Church Preschool,St. Johns,St. Augustine / St. Johns,29.89687,-81.30952,county_centroid,Estimated,,,Violet,Charity,D,Charity_Army,Wallet D,prospect,02_ACCOUNTS.penetration,False,Janet Blacker,,,500,1000,0,,False,False
duval_episcopal_school_of_jacksonville,Episcopal School of Jacksonville,Duval,Jacksonville,30.31763,-81.6713,county_centroid,Estimated,,,Violet,Fancy_Schools,D,Charity_Army,Wallet D,prospect,02_ACCOUNTS.penetration,False,Adam Greene,,,850,1000,0,,False,False
duval_northbound_church_of_christ,NorthBound Church of Christ,Duval,Jacksonville,30.30489,-81.63038,county_centroid,Estimated,,,Violet,Charity,D,Charity_Army,Wallet D,prospect,02_ACCOUNTS.penetration,False,Arthur Brown,,,749,1000,0,,False,False
duval_a_childs_place_montessori_school,A Childs Place Montessori School,Duval,Jacksonville,30.3132,-81.62986,county_centroid,Estimated,,,Violet,Fancy_Schools,D,Charity_Army,Wallet D,prospect,02_ACCOUNTS.penetration,False,,,(904) 347-4592,850,1000,0,,False,False
duval_academie_de_montessori,Academie de Montessori,Duval,Jacksonville,30.36342,-81.62795,county_centroid,Estimated,,,Violet,Fancy_Schools,D,Charity_Army,Wallet D,prospect,02_ACCOUNTS.penetration,False,,,(904) 398-3830,850,1000,0,,False,False
duval_academy_of_excellence,Academy of Excellence,Duval,Jacksonville,30.31322,-81.68848,county_centroid,Estimated,,,Violet,Charity,D,Charity_Army,Wallet D,prospect,02_ACCOUNTS.penetration,False,,,(904) 779-0177,850,1000,0,,False,False
camden_advance_learning_center,Advance Learning Center,Camden,Kingsland / St. Marys GA,30.93675,-81.55133,county_centroid,Estimated,,,Violet,Charity,D,Charity_Army,Wallet D,prospect,02_ACCOUNTS.penetration,False,,,(912) 882-5327,850,1000,0,,False,False
duval_america_s_little_leaders,America's Little Leaders,Duval,Jacksonville,30.33046,-81.67804,county_centroid,Estimated,,,Violet,Charity,D,Charity_Army,Wallet D,prospect,02_ACCOUNTS.penetration,False,,,(904) 240-1864,850,1000,0,,False,False
clay_annunciation_catholic_school,Annunciation Catholic School,Clay,Green Cove Springs / Fleming Island,29.97355,-81.72117,county_centroid,Estimated,,,Violet,Charity,D,Charity_Army,Wallet D,prospect,02_ACCOUNTS.penetration,False,,,(904) 282-0504,850,1000,0,,False,False
st_johns_ark_christian_academy,Ark Christian Academy,St. Johns,St. Augustine / St. Johns,29.88216,-81.30495,county_centroid,Estimated,,,Violet,Charity,D,Charity_Army,Wallet D,prospect,02_ACCOUNTS.penetration,False,,,(904) 810-2005,850,1000,0,,False,False
duval_arlington_kindergarten_of_jacksonville_inc,"Arlington Kindergarten of Jacksonville, Inc",Duval,Arlington,30.35394,-81.58505,place_centroid,Estimated,,,Violet,Charity,D,Charity_Army,Wallet D,prospect,02_ACCOUNTS.penetration,False,,,(904) 743-4034,850,1000,0,,False,False
duval_austin_christian_vocational_academy,Austin Christian Vocational Academy,Duval,Jacksonville,30.34544,-81.69365,county_centroid,Estimated,,,Violet,Charity,D,Charity_Army,Wallet D,prospect,02_ACCOUNTS.penetration,False,,,(904) 647-5065,850,1000,0,,False,False
duval_baymeadows_baptist_day_school,Baymeadows Baptist Day School,Duval,Southside,30.25862,-81.57352,place_centroid,Estimated,,,Violet,Charity,D,Charity_Army,Wallet D,prospect,02_ACCOUNTS.penetration,False,,,(904) 733-3400,850,1000,0,,False,False
st_johns_beacon_of_hope_christian_school,Beacon of Hope Christian School,St. Johns,St. Augustine / St. Johns,29.8685,-81.31675,county_centroid,Estimated,,,Violet,Charity,D,Charity_Army,Wallet D,prospect,02_ACCOUNTS.penetration,False,,,(276) 591-9994,850,1000,0,,False,False
duval_broach_school_of_jacksonville,Broach School of Jacksonville,Duval,Jacksonville,30.34892,-81.64683,county_centroid,Estimated,,,Violet,Charity,D,Charity_Army,Wallet D,prospect,02_ACCOUNTS.penetration,False,,,(904) 637-0300,850,1000,0,,False,False
duval_broach_school_south,Broach School South,Duval,Jacksonville,30.32722,-81.64839,county_centroid,Estimated,,,Violet,Charity,D,Charity_Army,Wallet D,prospect,02_ACCOUNTS.penetration,False,,,(904) 674-0900,850,1000,0,,False,False
duval_broach_west_elementary_school,Broach West Elementary School,Duval,Jacksonville,30.32028,-81.6566,county_centroid,Estimated,,,Violet,Charity,D,Charity_Army,Wallet D,prospect,02_ACCOUNTS.penetration,False,,,(904) 389-5106,850,1000,0,,False,False
clay_calvary_christian_academy,Calvary Christian Academy,Clay,Green Cove Springs / Fleming Island,30.00308,-81.78081,county_centroid,Estimated,,,Violet,Charity,D,Charity_Army,Wallet D,prospect,02_ACCOUNTS.penetration,False,,,(904) 282-2068,850,1000,0,,False,False
camden_camden_christian_academy,Camden Christian Academy,Camden,Kingsland / St. Marys GA,30.92389,-81.55428,county_centroid,Estimated,,,Violet,Charity,D,Charity_Army,Wallet D,prospect,02_ACCOUNTS.penetration,False,,,(912) 409-7848,850,1000,0,,False,False
duval_cedar_creek_christian_school,Cedar Creek Christian School,Duval,Jacksonville,30.36147,-81.69129,county_centroid,Estimated,,,Violet,Charity,D,Charity_Army,Wallet D,prospect,02_ACCOUNTS.penetration,False,,,(904) 781-9151,850,1000,0,,False,False
duval_cedar_hills_baptist_christian_school,Cedar Hills Baptist Christian School,Duval,Jacksonville,30.30713,-81.66804,county_centroid,Estimated,,,Violet,Charity,D,Charity_Army,Wallet D,prospect,02_ACCOUNTS.penetration,False,,,(904) 772-0812,850,1000,0,,False,False
duval_changing_lives_christian_academy,Changing Lives Christian Academy,Duval,Jacksonville,30.33452,-81.66133,county_centroid,Estimated,,,Violet,Charity,D,Charity_Army,Wallet D,prospect,02_ACCOUNTS.penetration,False,,,(904) 425-4494,850,1000,0,,False,False
duval_chatmans_early_christian_academy,Chatmans Early Christian Academy,Duval,Jacksonville,30.31764,-81.63543,county_centroid,Estimated,,,Violet,Charity,D,Charity_Army,Wallet D,prospect,02_ACCOUNTS.penetration,False,,,(904) 751-9803,850,1000,0,,False,False
st_johns_christ_episcopal_preschool,Christ Episcopal Preschool,St. Johns,St. Augustine / St. Johns,29.88815,-81.30528,county_centroid,Estimated,,,Violet,Fancy_Schools,D,Charity_Army,Wallet D,prospect,02_ACCOUNTS.penetration,False,,,(904) 285-6371,850,1000,0,,False,False
duval_christian_heritage_academy,Christian Heritage Academy,Duval,Jacksonville,30.36603,-81.64575,county_centroid,Estimated,,,Violet,Charity,D,Charity_Army,Wallet D,prospect,02_ACCOUNTS.penetration,False,,,(904) 733-4722,850,1000,0,,False,False
duval_cornerstone_christian_school,Cornerstone Christian School,Duval,Jacksonville,30.32447,-81.64345,county_centroid,Estimated,,,Violet,Charity,D,Charity_Army,Wallet D,prospect,02_ACCOUNTS.penetration,False,,,(904) 730-5500,850,1000,0,,False,False
duval_crossroads_christian_school_arlington,Crossroads Christian School Arlington,Duval,Arlington,30.34646,-81.56633,place_centroid,Estimated,,,Violet,Charity,D,Charity_Army,Wallet D,prospect,02_ACCOUNTS.penetration,False,,,(904) 254-6428,850,1000,0,,False,False
duval_eagle_s_view_academy,Eagle's View Academy,Duval,Jacksonville,30.34577,-81.62181,county_centroid,Estimated,,,Violet,Charity,D,Charity_Army,Wallet D,prospect,02_ACCOUNTS.penetration,False,,,(904) 786-1411,850,1000,0,,False,False
duval_eagles_view_academy,Eagles View Academy,Duval,Jacksonville,30.31023,-81.65097,county_centroid,Estimated,,,Violet,Charity,D,Charity_Army,Wallet D,prospect,02_ACCOUNTS.penetration,False,,,(904) 786-1411,850,1000,0,,False,False
duval_ephesus_sda_junior_academy,Ephesus SDA Junior Academy,Duval,Jacksonville,30.34783,-81.64072,county_centroid,Estimated,,,Violet,Charity,D,Charity_Army,Wallet D,prospect,02_ACCOUNTS.penetration,False,,,(904) 765-3225,850,1000,0,,False,False
duval_esprit_de_corps_center_for_learning,Esprit de Corps Center for Learning,Duval,Jacksonville,30.35096,-81.6735,county_centroid,Estimated,,,Violet,Charity,D,Charity_Army,Wallet D,prospect,02_ACCOUNTS.penetration,False,,,(904) 924-2000,850,1000,0,,False,False
duval_faith_academy,Faith Academy,Duval,Jacksonville,30.36328,-81.67963,county_centroid,Estimated,,,Violet,Charity,D,Charity_Army,Wallet D,prospect,02_ACCOUNTS.penetration,False,,,(904) 714-0040,850,1000,0,,False,False
clay_faith_christian_academy,Faith Christian Academy,Clay,Green Cove Springs / Fleming Island,29.9702,-81.73159,county_centroid,Estimated,,,Violet,Charity,D,Charity_Army,Wallet D,prospect,02_ACCOUNTS.penetration,False,,,(904) 276-1300,850,1000,0,,False,False
duval_fields_of_art_christian_academy,Fields of Art Christian Academy,Duval,Jacksonville,30.30626,-81.65923,county_centroid,Estimated,,,Violet,Charity,D,Charity_Army,Wallet D,prospect,02_ACCOUNTS.penetration,False,,,(904) 713-8260,850,1000,0,,False,False
duval_first_coast_christian_school,First Coast Christian School,Duval,Jacksonville,30.35969,-81.68545,county_centroid,Estimated,,,Violet,Charity,D,Charity_Army,Wallet D,prospect,02_ACCOUNTS.penetration,False,,,(904) 777-3040,850,1000,0,,False,False
duval_good_shepherd_christian_academy,Good Shepherd Christian Academy,Duval,Jacksonville,30.32129,-81.62772,county_centroid,Estimated,,,Violet,Charity,D,Charity_Army,Wallet D,prospect,02_ACCOUNTS.penetration,False,,,(904) 768-1580,850,1000,0,,False,False
duval_grace_christian_academy,Grace Christian Academy,Duval,Jacksonville,30.32074,-81.63505,county_centroid,Estimated,,,Violet,Charity,D,Charity_Army,Wallet D,prospect,02_ACCOUNTS.penetration,False,,,(904) 266-9532,850,1000,0,,False,False
duval_grace_lutheran_school,Grace Lutheran School,Duval,Jacksonville,30.33484,-81.64353,county_centroid,Estimated,,,Violet,Charity,D,Charity_Army,Wallet D,prospect,02_ACCOUNTS.penetration,False,,,(904) 928-9136,850,1000,0,,False,False
st_johns_growing_together_behavioral_center,Growing Together Behavioral Center,St. Johns,St. Augustine / St. Johns,29.86181,-81.30313,county_centroid,Estimated,,,Violet,Charity,D,Charity_Army,Wallet D,prospect,02_ACCOUNTS.penetration,False,,,(904) 379-6045,850,1000,0,,False,False
duval_harvest_community_school,Harvest Community School,Duval,Jacksonville,30.32717,-81.66141,county_centroid,Estimated,,,Violet,Charity,D,Charity_Army,Wallet D,prospect,02_ACCOUNTS.penetration,False,,,(904) 997-1882,850,1000,0,,False,False
duval_heart_to_heart_christian_academy,Heart To Heart Christian Academy,Duval,Jacksonville,30.35726,-81.65978,county_centroid,Estimated,,,Violet,Charity,D,Charity_Army,Wallet D,prospect,02_ACCOUNTS.penetration,False,,,(904) 783-8631,850,1000,0,,False,False
duval_inner_city_christian_school,Inner City Christian School,Duval,Jacksonville,30.33816,-81.68643,county_centroid,Estimated,,,Violet,Charity,D,Charity_Army,Wallet D,prospect,02_ACCOUNTS.penetration,False,,,(904) 312-7995,850,1000,0,,False,False
st_johns_island_prep,Island Prep,St. Johns,St. Augustine / St. Johns,29.86233,-81.29172,county_centroid,Estimated,,,Violet,Charity,D,Charity_Army,Wallet D,prospect,02_ACCOUNTS.penetration,False,,,(904) 547-2996,850,1000,0,,False,False
duval_jacksonville_christian_academy,Jacksonville Christian Academy,Duval,Jacksonville,30.33778,-81.6879,county_centroid,Estimated,,,Violet,Charity,D,Charity_Army,Wallet D,prospect,02_ACCOUNTS.penetration,False,,,(904) 783-2818,850,1000,0,,False,False
duval_jacksonville_school_for_autism,Jacksonville School for Autism,Duval,Jacksonville,30.34213,-81.63695,county_centroid,Estimated,,,Violet,Charity,D,Charity_Army,Wallet D,prospect,02_ACCOUNTS.penetration,False,,,(904) 732-4343,850,1000,0,,False,False
duval_jca_michele_block_gan_yeladim_preschool_kdgn,Jca - Michele Block Gan Yeladim Preschool & Kdgn,Duval,Jacksonville,30.31514,-81.68023,county_centroid,Estimated,,,Violet,Charity,D,Charity_Army,Wallet D,prospect,02_ACCOUNTS.penetration,False,,,(904) 730-2100,850,1000,0,,False,False
duval_laschool_academy_inc,Laschool Academy Inc,Duval,Jacksonville,30.36912,-81.68441,county_centroid,Estimated,,,Violet,Charity,D,Charity_Army,Wallet D,prospect,02_ACCOUNTS.penetration,False,,,(904) 993-7148,850,1000,0,,False,False
duval_lifepoint_academy_of_seventh_day_adventist,Lifepoint Academy of Seventh-Day Adventist,Duval,Jacksonville,30.30244,-81.62909,county_centroid,Estimated,,,Violet,Charity,D,Charity_Army,Wallet D,prospect,02_ACCOUNTS.penetration,False,,,(904) 268-2433,850,1000,0,,False,False
nassau_lighthouse_christian_school_callaham,Lighthouse Christian School Callaham,Nassau,Fernandina Beach / Yulee,30.5872,-81.62469,county_centroid,Estimated,,,Violet,Charity,D,Charity_Army,Wallet D,prospect,02_ACCOUNTS.penetration,False,,,(904) 549-5500,850,1000,0,,False,False
clay_lighthouse_christian_school_middleburg,Lighthouse Christian School Middleburg,Clay,Middleburg,30.08026,-81.84338,place_centroid,Estimated,,,Violet,Charity,D,Charity_Army,Wallet D,prospect,02_ACCOUNTS.penetration,False,,,(904) 406-4866,850,1000,0,,False,False
clay_lighthouse_christian_school_orange_park,Lighthouse Christian School Orange Park,Clay,Orange Park,30.15659,-81.72025,place_centroid,Estimated,,,Violet,Charity,D,Charity_Army,Wallet D,prospect,02_ACCOUNTS.penetration,False,,,(904) 549-5500,850,1000,0,,False,False
duval_lighthouse_christian_school_westside,Lighthouse Christian School Westside,Duval,Westside,30.31496,-81.75282,place_centroid,Estimated,,,Violet,Charity,D,Charity_Army,Wallet D,prospect,02_ACCOUNTS.penetration,False,,,(904) 854-4599,850,1000,0,,False,False
duval_lighthouse_christian_school_mandarin,Lighthouse Christian School-Mandarin,Duval,Mandarin,30.16485,-81.65806,place_centroid,Estimated,,,Violet,Charity,D,Charity_Army,Wallet D,prospect,02_ACCOUNTS.penetration,False,,,(904) 288-0673,850,1000,0,,False,False
duval_mainspring_academy_inc,Mainspring Academy Inc,Duval,Jacksonville,30.30042,-81.63501,county_centroid,Estimated,,,Violet,Charity,D,Charity_Army,Wallet D,prospect,02_ACCOUNTS.penetration,False,,,(904) 503-0344,850,1000,0,,False,False
duval_martin_j_gottlieb_day_school,Martin J Gottlieb Day School,Duval,Jacksonville,30.34102,-81.66211,county_centroid,Estimated,,,Violet,Charity,D,Charity_Army,Wallet D,prospect,02_ACCOUNTS.penetration,False,,,(904) 268-4200,850,1000,0,,False,False
duval_millennial_christian_school,Millennial Christian School,Duval,Jacksonville,30.30956,-81.66694,county_centroid,Estimated,,,Violet,Charity,D,Charity_Army,Wallet D,prospect,02_ACCOUNTS.penetration,False,,,(904) 772-6400,850,1000,0,,False,False
duval_minds_of_the_future_academy,Minds of the Future Academy,Duval,Jacksonville,30.35996,-81.69236,county_centroid,Estimated,,,Violet,Charity,D,Charity_Army,Wallet D,prospect,02_ACCOUNTS.penetration,False,,,(904) 524-8912,850,1000,0,,False,False
duval_montessori_tides,Montessori Tides,Duval,Jacksonville,30.31064,-81.62073,county_centroid,Estimated,,,Violet,Fancy_Schools,D,Charity_Army,Wallet D,prospect,02_ACCOUNTS.penetration,False,,,(904) 241-1139,850,1000,0,,False,False
duval_morning_star_school,Morning Star School,Duval,Jacksonville,30.312,-81.64344,county_centroid,Estimated,,,Violet,Charity,D,Charity_Army,Wallet D,prospect,02_ACCOUNTS.penetration,False,,,(904) 721-2144,850,1000,0,,False,False
st_johns_moultrie_montessori_school,Moultrie Montessori School,St. Johns,St. Augustine / St. Johns,29.85952,-81.30231,county_centroid,Estimated,,,Violet,Fancy_Schools,D,Charity_Army,Wallet D,prospect,02_ACCOUNTS.penetration,False,,,(904) 826-0216,850,1000,0,,False,False
duval_new_beginnings_christian_academy,New Beginnings Christian Academy,Duval,Jacksonville,30.33412,-81.68538,county_centroid,Estimated,,,Violet,Charity,D,Charity_Army,Wallet D,prospect,02_ACCOUNTS.penetration,False,,,(904) 786-3178,850,1000,0,,False,False
camden_new_hope_christian_academy,New Hope Christian Academy,Camden,Kingsland / St. Marys GA,30.89197,-81.53282,county_centroid,Estimated,,,Violet,Charity,D,Charity_Army,Wallet D,prospect,02_ACCOUNTS.penetration,False,,,(912) 882-4495,850,1000,0,,False,False
duval_north_florida_educational_institute,North Florida Educational Institute,Duval,Jacksonville,30.32468,-81.66303,county_centroid,Estimated,,,Violet,Charity,D,Charity_Army,Wallet D,prospect,02_ACCOUNTS.penetration,False,,,(904) 764-0084,850,1000,0,,False,False
duval_north_florida_school_of_special_education,North Florida School of Special Education,Duval,Jacksonville,30.3356,-81.68353,county_centroid,Estimated,,,Violet,Charity,D,Charity_Army,Wallet D,prospect,02_ACCOUNTS.penetration,False,,,(904) 724-8323,850,1000,0,,False,False
duval_old_plank_christian_academy,Old Plank Christian Academy,Duval,Jacksonville,30.31247,-81.64125,county_centroid,Estimated,,,Violet,Charity,D,Charity_Army,Wallet D,prospect,02_ACCOUNTS.penetration,False,,,(904) 783-4888,850,1000,0,,False,False
duval_our_lady_of_peace_syriac_catholic_church,Our Lady of Peace Syriac Catholic Church,Duval,Jacksonville,30.31335,-81.67663,county_centroid,Estimated,,,Violet,Charity,D,Charity_Army,Wallet D,prospect,02_ACCOUNTS.penetration,False,,,(904) 597-3875,749,1000,0,,False,False
duval_parkwood_weekday_early_education_center,Parkwood Weekday Early Education Center,Duval,Jacksonville,30.36905,-81.6556,county_centroid,Estimated,,,Violet,Charity,D,Charity_Army,Wallet D,prospect,02_ACCOUNTS.penetration,False,,,(904) 721-2719,850,1000,0,,False,False
duval_parsons_christian_academy,Parsons Christian Academy,Duval,Jacksonville,30.36852,-81.63459,county_centroid,Estimated,,,Violet,Charity,D,Charity_Army,Wallet D,prospect,02_ACCOUNTS.penetration,False,,,(904) 516-4578,850,1000,0,,False,False
duval_promise_land_academy,Promise Land Academy,Duval,Jacksonville,30.33037,-81.6249,county_centroid,Estimated,,,Violet,Charity,D,Charity_Army,Wallet D,prospect,02_ACCOUNTS.penetration,False,,,(904) 268-2422,850,1000,0,,False,False
duval_providence_school,Providence School,Duval,Jacksonville,30.35511,-81.67738,county_centroid,Estimated,,,Violet,Fancy_Schools,D,Charity_Army,Wallet D,prospect,02_ACCOUNTS.penetration,False,,,(904) 223-5270,850,1000,0,,False,False
duval_reach_academy_inc,Reach Academy Inc,Duval,Jacksonville,30.31062,-81.62221,county_centroid,Estimated,,,Violet,Charity,D,Charity_Army,Wallet D,prospect,02_ACCOUNTS.penetration,False,,,(904) 268-9111,850,1000,0,,False,False
duval_riverside_presbyterian_day_school,Riverside Presbyterian Day School,Duval,Riverside,30.3242,-81.67932,place_centroid,Estimated,,,Violet,Charity,D,Charity_Army,Wallet D,prospect,02_ACCOUNTS.penetration,False,,,(727) 460-8630,850,1000,0,,False,False
duval_sacred_heart_school,Sacred Heart School,Duval,Jacksonville,30.35665,-81.63484,county_centroid,Estimated,,,Violet,Charity,D,Charity_Army,Wallet D,prospect,02_ACCOUNTS.penetration,False,,,(904) 771-5800,850,1000,0,,False,False
duval_san_jose_catholic_grade_school,San Jose Catholic Grade School,Duval,Jacksonville,30.34251,-81.68959,county_centroid,Estimated,,,Violet,Charity,D,Charity_Army,Wallet D,prospect,02_ACCOUNTS.penetration,False,,,(904) 733-2313,850,1000,0,,False,False
duval_san_jose_episcopal_day_school,San Jose Episcopal Day School,Duval,Jacksonville,30.31031,-81.61771,county_centroid,Estimated,,,Violet,Fancy_Schools,D,Charity_Army,Wallet D,prospect,02_ACCOUNTS.penetration,False,,,(904) 571-3153,850,1000,0,,False,False
duval_seacoast_christian_academy,Seacoast Christian Academy,Duval,Jacksonville,30.29585,-81.6806,county_centroid,Estimated,,,Violet,Charity,D,Charity_Army,Wallet D,prospect,02_ACCOUNTS.penetration,False,,,(904) 722-1738,850,1000,0,,False,False
camden_southeast_christian_academy,Southeast Christian Academy,Camden,Kingsland / St. Marys GA,30.90492,-81.52343,county_centroid,Estimated,,,Violet,Charity,D,Charity_Army,Wallet D,prospect,02_ACCOUNTS.penetration,False,,,(912) 729-9402,850,1000,0,,False,False
clay_springs_academy_inc,Springs Academy Inc.,Clay,Green Cove Springs / Fleming Island,29.97469,-81.74067,county_centroid,Estimated,,,Violet,Charity,D,Charity_Army,Wallet D,prospect,02_ACCOUNTS.penetration,True,,,(904) 531-9669,850,1000,0,,False,False
duval_st_james_catholic_church_ordinariate,St. James Catholic Church (Ordinariate),Duval,Jacksonville,30.30187,-81.66888,county_centroid,Estimated,,,Violet,Charity,D,Charity_Army,Wallet D,prospect,02_ACCOUNTS.penetration,False,,,(904) 999-1423,749,1000,0,,False,False
st_johns_st_mark_the_evangelist_mission,St. Mark the Evangelist Mission,St. Johns,St. Augustine / St. Johns,29.92834,-81.34006,county_centroid,Estimated,,,Violet,Charity,D,Charity_Army,Wallet D,prospect,02_ACCOUNTS.penetration,False,,,(904) 295-8129,749,1000,0,,False,False
duval_st_maron_maronite_catholic_church,St. Maron Maronite Catholic Church,Duval,Jacksonville,30.29487,-81.68055,county_centroid,Estimated,,,Violet,Charity,D,Charity_Army,Wallet D,prospect,02_ACCOUNTS.penetration,False,,,(904) 448-0203,749,1000,0,,False,False
duval_st_matthews_catholic_school,St. Matthews Catholic School,Duval,Jacksonville,30.32455,-81.62765,county_centroid,Estimated,,,Violet,Charity,D,Charity_Army,Wallet D,prospect,02_ACCOUNTS.penetration,False,,,(904) 387-4401,850,1000,0,,False,False
nassau_st_michel_academy,St. Michel Academy,Nassau,Fernandina Beach / Yulee,30.57621,-81.62033,county_centroid,Estimated,,,Violet,Charity,D,Charity_Army,Wallet D,prospect,02_ACCOUNTS.penetration,False,,,(904) 321-2102,850,1000,0,,False,False
duval_st_paul_s_catholic_elementary_school_riverside,St. Paul's Catholic Elementary School-Riverside,Duval,Riverside,30.30343,-81.67564,place_centroid,Estimated,,,Violet,Charity,D,Charity_Army,Wallet D,prospect,02_ACCOUNTS.penetration,False,,,(904) 387-2841,850,1000,0,,False,False
duval_st_peter_mission_church,St. Peter Mission Church,Duval,Jacksonville,30.31422,-81.685,county_centroid,Estimated,,,Violet,Charity,D,Charity_Army,Wallet D,prospect,02_ACCOUNTS.penetration,False,,,(904) 249-2600,749,1000,0,,False,False
clay_st_william_catholic_church,St. William Catholic Church,Clay,Green Cove Springs / Fleming Island,30.01473,-81.76207,county_centroid,Estimated,,,Violet,Charity,D,Charity_Army,Wallet D,prospect,02_ACCOUNTS.penetration,False,,,(352) 473-4136,749,1000,0,,False,False
duval_striving_for_excellence_academy,Striving for Excellence Academy,Duval,Jacksonville,30.36333,-81.68221,county_centroid,Estimated,,,Violet,Charity,D,Charity_Army,Wallet D,prospect,02_ACCOUNTS.penetration,False,,,(904) 719-9445,850,1000,0,,False,False
duval_sunshine_school_of_individualized_learning,Sunshine School of Individualized Learning,Duval,Jacksonville,30.36302,-81.69051,county_centroid,Estimated,,,Violet,Charity,D,Charity_Army,Wallet D,prospect,02_ACCOUNTS.penetration,True,,,(904) 945-8594,850,1000,0,,False,False
duval_temple_christian_academy,Temple Christian Academy,Duval,Jacksonville,30.29693,-81.64509,county_centroid,Estimated,,,Violet,Charity,D,Charity_Army,Wallet D,prospect,02_ACCOUNTS.penetration,False,,,(904) 778-8655,850,1000,0,,False,False
duval_temple_college_preparatory_school,Temple College Preparatory School,Duval,Jacksonville,30.35432,-81.68493,county_centroid,Estimated,,,Violet,Charity,D,Charity_Army,Wallet D,prospect,02_ACCOUNTS.penetration,False,,,(904) 598-0078,850,1000,0,,False,False
duval_the_bolles_school_lower_school_whitehurst_campus,The Bolles School Lower School Whitehurst Campus,Duval,Jacksonville,30.31949,-81.67279,county_centroid,Estimated,,,Violet,Fancy_Schools,D,Charity_Army,Wallet D,prospect,02_ACCOUNTS.penetration,False,,,(904) 256-5255,850,1000,0,,False,False
clay_the_broach_school_of_jacksonville_orange_park,The Broach School of Jacksonville Orange Park,Clay,Orange Park,30.14814,-81.70596,place_centroid,Estimated,,,Violet,Charity,D,Charity_Army,Wallet D,prospect,02_ACCOUNTS.penetration,False,,,(904) 298-3500,850,1000,0,,False,False
duval_the_cheder_of_jacksonville,The Cheder of Jacksonville,Duval,Jacksonville,30.32795,-81.68327,county_centroid,Estimated,,,Violet,Charity,D,Charity_Army,Wallet D,prospect,02_ACCOUNTS.penetration,False,,,(904) 302-6857,850,1000,0,,False,False
duval_the_depaul_school_of_ne_florida,The Depaul School of Ne Florida,Duval,Jacksonville,30.33493,-81.62135,county_centroid,Estimated,,,Violet,Charity,D,Charity_Army,Wallet D,prospect,02_ACCOUNTS.penetration,False,,,(904) 223-3391,850,1000,0,,False,False
duval_the_foundation_academy,The Foundation Academy,Duval,Jacksonville,30.3168,-81.67703,county_centroid,Estimated,,,Violet,Fancy_Schools,D,Charity_Army,Wallet D,prospect,02_ACCOUNTS.penetration,False,,,(904) 493-7300,850,1000,0,,False,False
duval_the_jericho_school_for_children_with_autism,The Jericho School for Children With Autism,Duval,Jacksonville,30.36022,-81.67204,county_centroid,Estimated,,,Violet,Charity,D,Charity_Army,Wallet D,prospect,02_ACCOUNTS.penetration,False,,,(904) 744-5110,850,1000,0,,False,False
duval_the_little_country_school,The Little Country School,Duval,Jacksonville,30.36232,-81.67808,county_centroid,Estimated,,,Violet,Charity,D,Charity_Army,Wallet D,prospect,02_ACCOUNTS.penetration,False,,,(904) 757-8200,850,1000,0,,False,False
st_johns_the_pioneer_school,The Pioneer School,St. Johns,St. Augustine / St. Johns,29.86298,-81.34419,county_centroid,Estimated,,,Violet,Charity,D,Charity_Army,Wallet D,prospect,02_ACCOUNTS.penetration,False,,,(904) 209-5891,850,1000,0,,False,False
duval_the_potter_s_house_christian_academy,The Potter's House Christian Academy,Duval,Jacksonville,30.3404,-81.62916,county_centroid,Estimated,,,Violet,Charity,D,Charity_Army,Wallet D,prospect,02_ACCOUNTS.penetration,False,,,(904) 786-0028,850,1000,0,,False,False
duval_the_science_and_math_institute,The Science and Math Institute,Duval,Jacksonville,30.32446,-81.67486,county_centroid,Estimated,,,Violet,Charity,D,Charity_Army,Wallet D,prospect,02_ACCOUNTS.penetration,True,,,(904) 573-0883,850,1000,0,,False,False
duval_torah_academy_of_jacksonville,Torah Academy of Jacksonville,Duval,Jacksonville,30.2951,-81.65388,county_centroid,Estimated,,,Violet,Charity,D,Charity_Army,Wallet D,prospect,02_ACCOUNTS.penetration,False,,,(904) 268-7719,850,1000,0,,False,False
duval_trinity_christian_academy,Trinity Christian Academy,Duval,Jacksonville,30.30713,-81.62798,county_centroid,Estimated,,,Violet,Charity,D,Charity_Army,Wallet D,prospect,02_ACCOUNTS.penetration,False,,,(904) 596-2460,850,1000,0,,False,False
st_johns_turning_point_christian_academy,Turning Point Christian Academy,St. Johns,St. Augustine / St. Johns,29.88114,-81.2958,county_centroid,Estimated,,,Violet,Charity,D,Charity_Army,Wallet D,prospect,02_ACCOUNTS.penetration,False,,,(904) 824-0744,850,1000,0,,False,False
duval_victory_christian_academy,Victory Christian Academy,Duval,Jacksonville,30.32514,-81.63011,county_centroid,Estimated,,,Violet,Charity,D,Charity_Army,Wallet D,prospect,02_ACCOUNTS.penetration,False,,,(904) 764-7781,850,1000,0,,False,False
st_johns_victory_preparatory_school,Victory Preparatory School,St. Johns,St. Augustine / St. Johns,29.91568,-81.32751,county_centroid,Estimated,,,Violet,Charity,D,Charity_Army,Wallet D,prospect,02_ACCOUNTS.penetration,False,,,(904) 810-0535,850,1000,0,,False,False
duval_west_meadows_baptist_academy,West Meadows Baptist Academy,Duval,Jacksonville,30.35854,-81.64911,county_centroid,Estimated,,,Violet,Charity,D,Charity_Army,Wallet D,prospect,02_ACCOUNTS.penetration,False,,,(904) 786-2711,850,1000,0,,False,False
duval_young_kids_in_motion_academy,Young Kids In Motion Academy,Duval,Jacksonville,30.29528,-81.66608,county_centroid,Estimated,,,Violet,Charity,D,Charity_Army,Wallet D,prospect,02_ACCOUNTS.penetration,False,,,(904) 379-9450,850,1000,0,,False,False
clay_advent_lutheran_church,Advent Lutheran Church,Clay,Green Cove Springs / Fleming Island,29.99917,-81.74599,county_centroid,Estimated,,,Violet,Charity,D,Charity_Army,Wallet D,prospect,02_ACCOUNTS.penetration,False,,,,749,1000,0,,False,False
duval_arlington_united_methodist_church,Arlington United Methodist Church,Duval,Arlington,30.32356,-81.57028,place_centroid,Estimated,,,Violet,Charity,D,Charity_Army,Wallet D,prospect,02_ACCOUNTS.penetration,False,,,,749,1000,0,,False,False
duval_aspire_church_san_marco,Aspire Church San Marco,Duval,Jacksonville,30.30881,-81.61878,county_centroid,Estimated,,,Violet,Charity,D,Charity_Army,Wallet D,prospect,02_ACCOUNTS.penetration,False,,,,749,1000,0,,False,False
duval_calvary_chapel_jacksonville,Calvary Chapel Jacksonville,Duval,Jacksonville,30.31676,-81.65955,county_centroid,Estimated,,,Violet,Charity,D,Charity_Army,Wallet D,prospect,02_ACCOUNTS.penetration,False,,,,749,1000,0,,False,False
camden_camden_crossroads_community_church,Camden Crossroads Community Church,Camden,Kingsland / St. Marys GA,30.89461,-81.51398,county_centroid,Estimated,,,Violet,Charity,D,Charity_Army,Wallet D,prospect,02_ACCOUNTS.penetration,False,,,,749,1000,0,,False,False
clay_celebration_church,Celebration Church,Clay,Green Cove Springs / Fleming Island,29.99276,-81.7397,county_centroid,Estimated,,,Violet,Charity,D,Charity_Army,Wallet D,prospect,02_ACCOUNTS.penetration,False,,,,749,1000,0,,False,False
duval_celebration_church_jacksonville,Celebration Church Jacksonville,Duval,Jacksonville,30.35657,-81.69012,county_centroid,Estimated,,,Violet,Charity,D,Charity_Army,Wallet D,prospect,02_ACCOUNTS.penetration,False,,,,749,1000,0,,False,False
clay_celebration_church_middleburg_campus,Celebration Church Middleburg Campus,Clay,Middleburg,30.07473,-81.87251,place_centroid,Estimated,,,Violet,Charity,D,Charity_Army,Wallet D,prospect,02_ACCOUNTS.penetration,False,,,,749,1000,0,,False,False
st_johns_celebration_church_saint_augustine,Celebration Church Saint Augustine,St. Johns,St. Augustine / St. Johns,29.86586,-81.31169,county_centroid,Estimated,,,Violet,Charity,D,Charity_Army,Wallet D,prospect,02_ACCOUNTS.penetration,False,,,,749,1000,0,,False,False
duval_celebration_church_jacksonvill,Celebration Church-Jacksonvill,Duval,Jacksonville,30.30973,-81.67281,county_centroid,Estimated,,,Violet,Charity,D,Charity_Army,Wallet D,prospect,02_ACCOUNTS.penetration,False,,,,749,1000,0,,False,False
st_johns_chets_creek_church_palm_valley_campus,Chets Creek Church - Palm Valley Campus,St. Johns,St. Augustine / St. Johns,29.924,-81.32239,county_centroid,Estimated,,,Violet,Charity,D,Charity_Army,Wallet D,prospect,02_ACCOUNTS.penetration,False,,,,749,1000,0,,False,False
st_johns_christ_church_preschool_ponte_vedra,Christ Church Preschool Ponte Vedra,St. Johns,Ponte Vedra,30.23574,-81.37936,place_centroid,Estimated,,,Violet,Charity,D,Charity_Army,Wallet D,prospect,02_ACCOUNTS.penetration,False,,,,850,1000,0,,False,False
nassau_christ_fellowship_church_yulee,Christ Fellowship Church - Yulee,Nassau,Yulee,30.6354,-81.60366,place_centroid,Estimated,,,Violet,Charity,D,Charity_Army,Wallet D,prospect,02_ACCOUNTS.penetration,False,,,,749,1000,0,,False,False
duval_christ_united_methodist_church,Christ United Methodist Church,Duval,Jacksonville,30.3306,-81.67705,county_centroid,Estimated,,,Violet,Charity,D,Charity_Army,Wallet D,prospect,02_ACCOUNTS.penetration,False,,,,749,1000,0,,False,False
duval_christ_s_church_of_jacksonville,Christ's Church of Jacksonville,Duval,Jacksonville,30.36573,-81.65022,county_centroid,Estimated,,,Violet,Charity,D,Charity_Army,Wallet D,prospect,02_ACCOUNTS.penetration,False,,,,749,1000,0,,False,False
duval_church_at_chets_creek,Church at Chets Creek,Duval,Jacksonville,30.3449,-81.62874,county_centroid,Estimated,,,Violet,Charity,D,Charity_Army,Wallet D,prospect,02_ACCOUNTS.penetration,False,,,,749,1000,0,,False,False
camden_coastal_baptist_church,Coastal Baptist Church,Camden,Kingsland / St. Marys GA,30.88386,-81.57499,county_centroid,Estimated,,,Violet,Charity,D,Charity_Army,Wallet D,prospect,02_ACCOUNTS.penetration,False,,,,749,1000,0,,False,False
clay_crossroad_lutheran_church,Crossroad Lutheran Church,Clay,Green Cove Springs / Fleming Island,29.95968,-81.75184,county_centroid,Estimated,,,Violet,Charity,D,Charity_Army,Wallet D,prospect,02_ACCOUNTS.penetration,False,,,,749,1000,0,,False,False
clay_crossroads_baptist_church,Crossroads Baptist Church,Clay,Green Cove Springs / Fleming Island,29.98119,-81.72647,county_centroid,Estimated,,,Violet,Charity,D,Charity_Army,Wallet D,prospect,02_ACCOUNTS.penetration,False,,,,749,1000,0,,False,False
duval_deermeadows_baptist_church,Deermeadows Baptist Church,Duval,Jacksonville,30.31235,-81.6622,county_centroid,Estimated,,,Violet,Charity,D,Charity_Army,Wallet D,prospect,02_ACCOUNTS.penetration,False,,,,749,1000,0,,False,False
camden_first_baptist_church,First Baptist Church,Camden,Kingsland / St. Marys GA,30.88707,-81.56529,county_centroid,Estimated,,,Violet,Charity,D,Charity_Army,Wallet D,prospect,02_ACCOUNTS.penetration,False,,,,749,1000,0,,False,False
nassau_first_baptist_church_callahan,First Baptist Church Callahan,Nassau,Fernandina Beach / Yulee,30.64347,-81.62559,county_centroid,Estimated,,,Violet,Charity,D,Charity_Army,Wallet D,prospect,02_ACCOUNTS.penetration,False,,,,749,1000,0,,False,False
camden_first_baptist_church_kingsland,First Baptist Church Kingsland,Camden,Kingsland,30.80743,-81.69248,place_centroid,Estimated,,,Violet,Charity,D,Charity_Army,Wallet D,prospect,02_ACCOUNTS.penetration,False,,,,749,1000,0,,False,False
nassau_first_baptist_church_of_boulougne,First Baptist Church of Boulougne,Nassau,Fernandina Beach / Yulee,30.62876,-81.63881,county_centroid,Estimated,,,Violet,Charity,D,Charity_Army,Wallet D,prospect,02_ACCOUNTS.penetration,False,,,,749,1000,0,,False,False
clay_first_baptist_church_of_brannanfield,First Baptist Church of Brannanfield,Clay,Green Cove Springs / Fleming Island,30.00823,-81.72608,county_centroid,Estimated,,,Violet,Charity,D,Charity_Army,Wallet D,prospect,02_ACCOUNTS.penetration,False,,,,749,1000,0,,False,False
nassau_first_baptist_church_of_gray,First Baptist Church of Gray,Nassau,Fernandina Beach / Yulee,30.64377,-81.68496,county_centroid,Estimated,,,Violet,Charity,D,Charity_Army,Wallet D,prospect,02_ACCOUNTS.penetration,False,,,,749,1000,0,,False,False
camden_first_baptist_church_of_harrietts_bluff,First Baptist Church of Harrietts Bluff,Camden,Kingsland / St. Marys GA,30.91443,-81.5706,county_centroid,Estimated,,,Violet,Charity,D,Charity_Army,Wallet D,prospect,02_ACCOUNTS.penetration,False,,,,749,1000,0,,False,False
nassau_first_baptist_church_of_hilliard,First Baptist Church of Hilliard,Nassau,Fernandina Beach / Yulee,30.6331,-81.67126,county_centroid,Estimated,,,Violet,Charity,D,Charity_Army,Wallet D,prospect,02_ACCOUNTS.penetration,False,,,,749,1000,0,,False,False
duval_first_baptist_church_of_mandarin,First Baptist Church of Mandarin,Duval,Mandarin,30.14152,-81.66345,place_centroid,Estimated,,,Violet,Charity,D,Charity_Army,Wallet D,prospect,02_ACCOUNTS.penetration,False,,,,749,1000,0,,False,False
duval_first_baptist_church_of_maxville,First Baptist Church of Maxville,Duval,Jacksonville,30.32432,-81.62924,county_centroid,Estimated,,,Violet,Charity,D,Charity_Army,Wallet D,prospect,02_ACCOUNTS.penetration,False,,,,749,1000,0,,False,False
duval_first_baptist_church_of_oakland,First Baptist Church of Oakland,Duval,Jacksonville,30.3586,-81.62016,county_centroid,Estimated,,,Violet,Charity,D,Charity_Army,Wallet D,prospect,02_ACCOUNTS.penetration,False,,,,749,1000,0,,False,False
duval_first_baptist_church_of_oceanway,First Baptist Church of Oceanway,Duval,Northside,30.44303,-81.63505,place_centroid,Estimated,,,Violet,Charity,D,Charity_Army,Wallet D,prospect,02_ACCOUNTS.penetration,False,,,,749,1000,0,,False,False
clay_first_baptist_church_of_orange_park,First Baptist Church of Orange Park,Clay,Orange Park,30.1832,-81.7058,place_centroid,Estimated,,,Violet,Charity,D,Charity_Army,Wallet D,prospect,02_ACCOUNTS.penetration,False,,,,749,1000,0,,False,False
nassau_first_baptist_church_of_yulee,First Baptist Church of Yulee,Nassau,Yulee,30.63099,-81.59942,place_centroid,Estimated,,,Violet,Charity,D,Charity_Army,Wallet D,prospect,02_ACCOUNTS.penetration,False,,,,749,1000,0,,False,False
clay_fleming_island_baptist_church,Fleming Island Baptist Church,Clay,Fleming Island,30.09401,-81.70801,place_centroid,Estimated,,,Violet,Charity,D,Charity_Army,Wallet D,prospect,02_ACCOUNTS.penetration,False,,,,749,1000,0,,False,False
duval_fort_caroline_baptist_church,Fort Caroline Baptist Church,Duval,Jacksonville,30.30602,-81.64493,county_centroid,Estimated,,,Violet,Charity,D,Charity_Army,Wallet D,prospect,02_ACCOUNTS.penetration,False,,,,749,1000,0,,False,False
duval_hendricks_avenue_baptist_church,Hendricks Avenue Baptist Church,Duval,Jacksonville,30.32376,-81.67786,county_centroid,Estimated,,,Violet,Charity,D,Charity_Army,Wallet D,prospect,02_ACCOUNTS.penetration,False,,,,749,1000,0,,False,False
clay_hibernia_baptist_church,Hibernia Baptist Church,Clay,Green Cove Springs / Fleming Island,29.99639,-81.72321,county_centroid,Estimated,,,Violet,Charity,D,Charity_Army,Wallet D,prospect,02_ACCOUNTS.penetration,False,,,,749,1000,0,,False,False
duval_hodges_boulevard_presbyterian_church,Hodges Boulevard Presbyterian Church,Duval,Jacksonville,30.32183,-81.67299,county_centroid,Estimated,,,Violet,Charity,D,Charity_Army,Wallet D,prospect,02_ACCOUNTS.penetration,False,,,,749,1000,0,,False,False
duval_iglesia_bautista_deermeadows,Iglesia Bautista Deermeadows,Duval,Jacksonville,30.35748,-81.65374,county_centroid,Estimated,,,Violet,Charity,D,Charity_Army,Wallet D,prospect,02_ACCOUNTS.penetration,False,,,,749,1000,0,,False,False
camden_kingsland_first_united_methodist_church,Kingsland First United Methodist Church,Camden,Kingsland,30.80394,-81.69444,place_centroid,Estimated,,,Violet,Charity,D,Charity_Army,Wallet D,prospect,02_ACCOUNTS.penetration,False,,,,749,1000,0,,False,False
duval_lux_classical_christian,Lux Classical Christian,Duval,Jacksonville,30.36906,-81.69281,county_centroid,Estimated,,,Violet,Charity,D,Charity_Army,Wallet D,prospect,02_ACCOUNTS.penetration,False,,,,850,1000,0,,False,False
duval_mandarin_presbyterian_church,Mandarin Presbyterian Church,Duval,Mandarin,30.13662,-81.63722,place_centroid,Estimated,,,Violet,Charity,D,Charity_Army,Wallet D,prospect,02_ACCOUNTS.penetration,False,,,,749,1000,0,,False,False
duval_mandarin_united_methodist_church,Mandarin United Methodist Church,Duval,Mandarin,30.15392,-81.64807,place_centroid,Estimated,,,Violet,Charity,D,Charity_Army,Wallet D,prospect,02_ACCOUNTS.penetration,False,,,,749,1000,0,,False,False
duval_new_trinity_baptist_church,New Trinity Baptist Church,Duval,Jacksonville,30.34902,-81.65225,county_centroid,Estimated,,,Violet,Charity,D,Charity_Army,Wallet D,prospect,02_ACCOUNTS.penetration,False,,,,749,1000,0,,False,False
duval_northbound_church,Northbound Church,Duval,Jacksonville,30.34986,-81.63932,county_centroid,Estimated,,,Violet,Charity,D,Charity_Army,Wallet D,prospect,02_ACCOUNTS.penetration,False,,,,749,1000,0,,False,False
clay_orange_park_baptist_church,Orange Park Baptist Church,Clay,Orange Park,30.17493,-81.70185,place_centroid,Estimated,,,Violet,Charity,D,Charity_Army,Wallet D,prospect,02_ACCOUNTS.penetration,False,,,,749,1000,0,,False,False
duval_oxford_preparatory_academy,Oxford Preparatory Academy,Duval,Jacksonville,30.32147,-81.62768,county_centroid,Estimated,,,Violet,Fancy_Schools,D,Charity_Army,Wallet D,prospect,02_ACCOUNTS.penetration,False,,,,850,1000,0,,False,False
st_johns_ponte_vedra_presbyterian_church,Ponte Vedra Presbyterian Church,St. Johns,Ponte Vedra,30.23377,-81.3758,place_centroid,Estimated,,,Violet,Charity,D,Charity_Army,Wallet D,prospect,02_ACCOUNTS.penetration,False,,,,749,1000,0,,False,False
duval_river_of_life_christian_fellowship,River Of Life Christian Fellowship,Duval,Jacksonville,30.32925,-81.65506,county_centroid,Estimated,,,Violet,Charity,D,Charity_Army,Wallet D,prospect,02_ACCOUNTS.penetration,False,,,,749,1000,0,,False,False
st_johns_river_of_life_united_methodist_church,River of Life United Methodist Church,St. Johns,St. Augustine / St. Johns,29.90415,-81.32336,county_centroid,Estimated,,,Violet,Charity,D,Charity_Army,Wallet D,prospect,02_ACCOUNTS.penetration,False,,,,749,1000,0,,False,False
duval_shepherd_of_the_woods_lutheran,Shepherd of the Woods Lutheran,Duval,Jacksonville,30.31993,-81.618,county_centroid,Estimated,,,Violet,Charity,D,Charity_Army,Wallet D,prospect,02_ACCOUNTS.penetration,False,,,,749,1000,0,,False,False
duval_shepherd_of_the_woods_lutheran_church,Shepherd of the Woods Lutheran Church,Duval,Jacksonville,30.36469,-81.67879,county_centroid,Estimated,,,Violet,Charity,D,Charity_Army,Wallet D,prospect,02_ACCOUNTS.penetration,False,,,,749,1000,0,,False,False
duval_shiloh_metropolitan_baptist_church,Shiloh Metropolitan Baptist Church,Duval,Jacksonville,30.345,-81.6519,county_centroid,Estimated,,,Violet,Charity,D,Charity_Army,Wallet D,prospect,02_ACCOUNTS.penetration,False,,,,749,1000,0,,False,False
duval_the_church_at_argyle,The Church at Argyle,Duval,Jacksonville,30.34344,-81.67428,county_centroid,Estimated,,,Violet,Charity,D,Charity_Army,Wallet D,prospect,02_ACCOUNTS.penetration,False,,,,749,1000,0,,False,False
duval_trinity_baptist_church,Trinity Baptist Church,Duval,Jacksonville,30.35543,-81.67436,county_centroid,Estimated,,,Violet,Charity,D,Charity_Army,Wallet D,prospect,02_ACCOUNTS.penetration,False,,,,749,1000,0,,False,False
duval_westside_baptist_church,Westside Baptist Church,Duval,Westside,30.30185,-81.7525,place_centroid,Estimated,,,Violet,Charity,D,Charity_Army,Wallet D,prospect,02_ACCOUNTS.penetration,False,,,,749,1000,0,,False,False
duval_ascension_st_vincent_s_foundation,Ascension St. Vincent's Foundation,Duval,Jacksonville,30.33759,-81.69224,county_centroid,Estimated,,,Red_Tape,Red_Tape,D,Red_Tape,Wallet D,prospect,02_ACCOUNTS.penetration,False,Caitlin Brunell,caitlin.brunell@ascension.org,(904) 308-7306,1500,3000,0,,False,False
baker_baker_county_friendship_center,Baker County Friendship Center,Baker,Macclenny,30.29391,-82.16542,county_centroid,Estimated,,,Red_Tape,Red_Tape,D,Red_Tape,Wallet D,prospect,02_ACCOUNTS.penetration,False,Chris Harvey,charvey@bakercoa.org,(904) 259-2223,2000,3000,0,,False,False
bradford_bradford_county_senior_center,Bradford County Senior Center,Bradford,Starke,29.94112,-82.16042,county_centroid,Estimated,,,Red_Tape,Red_Tape,D,Red_Tape,Wallet D,prospect,02_ACCOUNTS.penetration,False,Latanya Mitchell,diane@bradfordcountyfl.gov,(904) 368-3955,2000,3000,0,,False,False
nassau_janice_ancrum_senior_life_center,Janice Ancrum Senior Life Center,Nassau,Fernandina Beach / Yulee,30.60911,-81.62681,county_centroid,Estimated,,,Red_Tape,Red_Tape,D,Red_Tape,Wallet D,prospect,02_ACCOUNTS.penetration,False,Melody Dawkins,mdawkins@nassaucountycoa.org,(904) 261-0701,2000,3000,0,,False,False
duval_mayo_clinic_in_florida,Mayo Clinic in Florida,Duval,Jacksonville,30.33115,-81.66158,county_centroid,Estimated,,,Red_Tape,Red_Tape,D,Red_Tape,Wallet D,prospect,02_ACCOUNTS.penetration,False,Sarah Schmermund,flaevents@mayo.edu,(904) 953-2000,1500,3000,0,,False,False
duval_103rd_street_baptist_church,103rd Street Baptist Church,Duval,Jacksonville,30.36779,-81.65452,county_centroid,Estimated,,,Violet,Charity,D,Charity_Army,Wallet D,prospect,02_ACCOUNTS.penetration,False,,,,749,1000,0,,False,False
clay_a_god_send_ministries,A God Send Ministries,Clay,Green Cove Springs / Fleming Island,30.00982,-81.76126,county_centroid,Estimated,,,Violet,Charity,D,Charity_Army,Wallet D,prospect,02_ACCOUNTS.penetration,False,,,,749,1000,0,,False,False
camden_abundant_harvest_baptist_church,Abundant Harvest Baptist Church,Camden,Kingsland / St. Marys GA,30.88291,-81.53059,county_centroid,Estimated,,,Violet,Charity,D,Charity_Army,Wallet D,prospect,02_ACCOUNTS.penetration,False,,,,749,1000,0,,False,False
clay_abundant_joy_christian_fellowship,Abundant Joy Christian Fellowship,Clay,Green Cove Springs / Fleming Island,30.00794,-81.77691,county_centroid,Estimated,,,Violet,Charity,D,Charity_Army,Wallet D,prospect,02_ACCOUNTS.penetration,False,,,,749,1000,0,,False,False
nassau_abundant_life_christian_church,Abundant Life Christian Church,Nassau,Fernandina Beach / Yulee,30.61668,-81.63801,county_centroid,Estimated,,,Violet,Charity,D,Charity_Army,Wallet D,prospect,02_ACCOUNTS.penetration,False,,,,749,1000,0,,False,False
clay_abundant_life_christian_fellowship,Abundant Life Christian Fellowship,Clay,Green Cove Springs / Fleming Island,29.96653,-81.77607,county_centroid,Estimated,,,Violet,Charity,D,Charity_Army,Wallet D,prospect,02_ACCOUNTS.penetration,False,,,,749,1000,0,,False,False
duval_agape_baptist_church,Agape Baptist Church,Duval,Jacksonville,30.35137,-81.6346,county_centroid,Estimated,,,Violet,Charity,D,Charity_Army,Wallet D,prospect,02_ACCOUNTS.penetration,False,,,,749,1000,0,,False,False
st_johns_agape_living_faith_center,Agape Living Faith Center,St. Johns,St. Augustine / St. Johns,29.89094,-81.34257,county_centroid,Estimated,,,Violet,Charity,D,Charity_Army,Wallet D,prospect,02_ACCOUNTS.penetration,False,,,,749,1000,0,,False,False
duval_alexander,Alexander,Duval,Jacksonville,30.34865,-81.64226,county_centroid,Estimated,,,Violet,Charity,D,Charity_Army,Wallet D,prospect,02_ACCOUNTS.penetration,False,,,,749,1000,0,,False,False
duval_all_saints_episcopal_church,All Saints Episcopal Church,Duval,Jacksonville,30.32648,-81.65398,county_centroid,Estimated,,,Violet,Charity,D,Charity_Army,Wallet D,prospect,02_ACCOUNTS.penetration,False,,,,749,1000,0,,False,False
duval_allandale_baptist_church,Allandale Baptist Church,Duval,Jacksonville,30.32115,-81.6199,county_centroid,Estimated,,,Violet,Charity,D,Charity_Army,Wallet D,prospect,02_ACCOUNTS.penetration,False,,,,749,1000,0,,False,False
duval_allen_chapel_ame_church,Allen Chapel Ame Church,Duval,Jacksonville,30.34601,-81.64469,county_centroid,Estimated,,,Violet,Charity,D,Charity_Army,Wallet D,prospect,02_ACCOUNTS.penetration,False,,,,749,1000,0,,False,False
duval_ame_church_of_the_master,Ame Church of the Master,Duval,Jacksonville,30.3511,-81.66899,county_centroid,Estimated,,,Violet,Charity,D,Charity_Army,Wallet D,prospect,02_ACCOUNTS.penetration,False,,,,749,1000,0,,False,False
nassau_amelia_baptist_church,Amelia Baptist Church,Nassau,Fernandina Beach / Yulee,30.64185,-81.63882,county_centroid,Estimated,,,Violet,Charity,D,Charity_Army,Wallet D,prospect,02_ACCOUNTS.penetration,False,,,,749,1000,0,,False,False
nassau_amelia_plantation_chapel,Amelia Plantation Chapel,Nassau,Fernandina Beach / Yulee,30.61899,-81.65896,county_centroid,Estimated,,,Violet,Charity,D,Charity_Army,Wallet D,prospect,02_ACCOUNTS.penetration,False,,,,749,1000,0,,False,False
st_johns_anastasia_baptist_church,Anastasia Baptist Church,St. Johns,St. Augustine / St. Johns,29.91854,-81.31086,county_centroid,Estimated,,,Violet,Charity,D,Charity_Army,Wallet D,prospect,02_ACCOUNTS.penetration,False,,,,749,1000,0,,False,False
st_johns_ancient_city_baptist_church,Ancient City Baptist Church,St. Johns,St. Augustine / St. Johns,29.87829,-81.28234,county_centroid,Estimated,,,Violet,Charity,D,Charity_Army,Wallet D,prospect,02_ACCOUNTS.penetration,False,,,,749,1000,0,,False,False
clay_antioch_baptist_church,Antioch Baptist Church,Clay,Green Cove Springs / Fleming Island,29.99646,-81.72388,county_centroid,Estimated,,,Violet,Charity,D,Charity_Army,Wallet D,prospect,02_ACCOUNTS.penetration,False,,,,749,1000,0,,False,False
duval_arabic_church_of_the_nazarene,Arabic Church of the Nazarene,Duval,Jacksonville,30.3681,-81.66313,county_centroid,Estimated,,,Violet,Charity,D,Charity_Army,Wallet D,prospect,02_ACCOUNTS.penetration,False,,,,749,1000,0,,False,False
duval_argyle_church_of_christ,Argyle Church of Christ,Duval,Jacksonville,30.35028,-81.65696,county_centroid,Estimated,,,Violet,Charity,D,Charity_Army,Wallet D,prospect,02_ACCOUNTS.penetration,False,,,,749,1000,0,,False,False
duval_arlington,Arlington,Duval,Arlington,30.33476,-81.56865,place_centroid,Estimated,,,Violet,Charity,D,Charity_Army,Wallet D,prospect,02_ACCOUNTS.penetration,False,,,,749,1000,0,,False,False
duval_arlington_assembly_of_god,Arlington Assembly of God,Duval,Arlington,30.3578,-81.58512,place_centroid,Estimated,,,Violet,Charity,D,Charity_Army,Wallet D,prospect,02_ACCOUNTS.penetration,False,,,,749,1000,0,,False,False
duval_arlington_baptist_church,Arlington Baptist Church,Duval,Arlington,30.35556,-81.58163,place_centroid,Estimated,,,Violet,Charity,D,Charity_Army,Wallet D,prospect,02_ACCOUNTS.penetration,False,,,,749,1000,0,,False,False
duval_asbury_jax,Asbury Jax,Duval,Jacksonville,30.31493,-81.61831,county_centroid,Estimated,,,Violet,Charity,D,Charity_Army,Wallet D,prospect,02_ACCOUNTS.penetration,False,,,,749,1000,0,,False,False
duval_avondale_baptist_church,Avondale Baptist Church,Duval,Riverside,30.31017,-81.67677,place_centroid,Estimated,,,Violet,Charity,D,Charity_Army,Wallet D,prospect,02_ACCOUNTS.penetration,False,,,,749,1000,0,,False,False
duval_avondale_united_methodist_church,Avondale United Methodist Church,Duval,Riverside,30.30442,-81.67697,place_centroid,Estimated,,,Violet,Charity,D,Charity_Army,Wallet D,prospect,02_ACCOUNTS.penetration,False,,,,749,1000,0,,False,False
duval_baymeadows_baptist_church,Baymeadows Baptist Church,Duval,Southside,30.25291,-81.58203,place_centroid,Estimated,,,Violet,Charity,D,Charity_Army,Wallet D,prospect,02_ACCOUNTS.penetration,False,,,,749,1000,0,,False,False
duval_beckley_cardy_school_church,Beckley Cardy School & Church,Duval,Jacksonville,30.34757,-81.67937,county_centroid,Estimated,,,Violet,Charity,D,Charity_Army,Wallet D,prospect,02_ACCOUNTS.penetration,False,,,,749,1000,0,,False,False
duval_belfort_road_baptist_church,Belfort Road Baptist Church,Duval,Jacksonville,30.29614,-81.66732,county_centroid,Estimated,,,Violet,Charity,D,Charity_Army,Wallet D,prospect,02_ACCOUNTS.penetration,False,,,,749,1000,0,,False,False
clay_berean_baptist_church,Berean Baptist Church,Clay,Green Cove Springs / Fleming Island,29.97766,-81.72243,county_centroid,Estimated,,,Violet,Charity,D,Charity_Army,Wallet D,prospect,02_ACCOUNTS.penetration,False,,,,749,1000,0,,False,False
st_johns_bethany_baptist_church,Bethany Baptist Church,St. Johns,St. Augustine / St. Johns,29.92284,-81.28038,county_centroid,Estimated,,,Violet,Charity,D,Charity_Army,Wallet D,prospect,02_ACCOUNTS.penetration,False,,,,749,1000,0,,False,False
st_johns_bethel_baptist_church,Bethel Baptist Church,St. Johns,St. Augustine / St. Johns,29.90662,-81.30947,county_centroid,Estimated,,,Violet,Charity,D,Charity_Army,Wallet D,prospect,02_ACCOUNTS.penetration,False,,,,749,1000,0,,False,False
duval_bethel_temple_assembly_of_god,Bethel Temple Assembly of God,Duval,Jacksonville,30.31006,-81.67482,county_centroid,Estimated,,,Violet,Charity,D,Charity_Army,Wallet D,prospect,02_ACCOUNTS.penetration,False,,,,749,1000,0,,False,False
duval_bethesda_baptist_church,Bethesda Baptist Church,Duval,Jacksonville,30.33652,-81.64597,county_centroid,Estimated,,,Violet,Charity,D,Charity_Army,Wallet D,prospect,02_ACCOUNTS.penetration,False,,,,749,1000,0,,False,False
st_johns_bethesda_christian_center_ministries,Bethesda Christian Center Ministries,St. Johns,St. Augustine / St. Johns,29.86552,-81.29008,county_centroid,Estimated,,,Violet,Charity,D,Charity_Army,Wallet D,prospect,02_ACCOUNTS.penetration,False,,,,749,1000,0,,False,False
duval_beverly_hills_baptist_church,Beverly Hills Baptist Church,Duval,Jacksonville,30.30199,-81.62301,county_centroid,Estimated,,,Violet,Charity,D,Charity_Army,Wallet D,prospect,02_ACCOUNTS.penetration,False,,,,749,1000,0,,False,False
clay_bible_baptist_church,Bible Baptist Church,Clay,Green Cove Springs / Fleming Island,29.97806,-81.78945,county_centroid,Estimated,,,Violet,Charity,D,Charity_Army,Wallet D,prospect,02_ACCOUNTS.penetration,False,,,,749,1000,0,,False,False
duval_bible_baptist_church_at_mandarin,Bible Baptist Church at Mandarin,Duval,Mandarin,30.14962,-81.6426,place_centroid,Estimated,,,Violet,Charity,D,Charity_Army,Wallet D,prospect,02_ACCOUNTS.penetration,False,,,,749,1000,0,,False,False
duval_bible_believers_baptist_church,Bible Believers Baptist Church,Duval,Jacksonville,30.30593,-81.64731,county_centroid,Estimated,,,Violet,Charity,D,Charity_Army,Wallet D,prospect,02_ACCOUNTS.penetration,False,,,,749,1000,0,,False,False
duval_biltmore_baptist_church,Biltmore Baptist Church,Duval,Jacksonville,30.36401,-81.62359,county_centroid,Estimated,,,Violet,Charity,D,Charity_Army,Wallet D,prospect,02_ACCOUNTS.penetration,False,,,,749,1000,0,,False,False
clay_black_pond_baptist_church,Black Pond Baptist Church,Clay,Green Cove Springs / Fleming Island,30.00992,-81.72678,county_centroid,Estimated,,,Violet,Charity,D,Charity_Army,Wallet D,prospect,02_ACCOUNTS.penetration,False,,,,749,1000,0,,False,False
nassau_blackrock_baptist_church,Blackrock Baptist Church,Nassau,Fernandina Beach / Yulee,30.60771,-81.65494,county_centroid,Estimated,,,Violet,Charity,D,Charity_Army,Wallet D,prospect,02_ACCOUNTS.penetration,False,,,,749,1000,0,,False,False
duval_blair_road_baptist_church,Blair Road Baptist Church,Duval,Jacksonville,30.35721,-81.62191,county_centroid,Estimated,,,Violet,Charity,D,Charity_Army,Wallet D,prospect,02_ACCOUNTS.penetration,False,,,,749,1000,0,,False,False
duval_blakely_memorial_church_of_christ,Blakely Memorial Church of Christ,Duval,Jacksonville,30.34173,-81.69165,county_centroid,Estimated,,,Violet,Charity,D,Charity_Army,Wallet D,prospect,02_ACCOUNTS.penetration,False,,,,749,1000,0,,False,False
duval_blessed_trinity,Blessed Trinity,Duval,Jacksonville,30.30571,-81.69363,county_centroid,Estimated,,,Violet,Charity,D,Charity_Army,Wallet D,prospect,02_ACCOUNTS.penetration,False,,,,749,1000,0,,False,False
clay_boundless_love_church,Boundless Love Church,Clay,Green Cove Springs / Fleming Island,29.96319,-81.77206,county_centroid,Estimated,,,Violet,Charity,D,Charity_Army,Wallet D,prospect,02_ACCOUNTS.penetration,False,,,,749,1000,0,,False,False
duval_bowden,Bowden,Duval,Jacksonville,30.32023,-81.62393,county_centroid,Estimated,,,Violet,Charity,D,Charity_Army,Wallet D,prospect,02_ACCOUNTS.penetration,False,,,,749,1000,0,,False,False
clay_brannanfield_baptist_church,Brannanfield Baptist Church,Clay,Green Cove Springs / Fleming Island,29.98043,-81.77608,county_centroid,Estimated,,,Violet,Charity,D,Charity_Army,Wallet D,prospect,02_ACCOUNTS.penetration,False,,,,749,1000,0,,False,False
camden_browntown_baptist_church,Browntown Baptist Church,Camden,Kingsland / St. Marys GA,30.89094,-81.5356,county_centroid,Estimated,,,Violet,Charity,D,Charity_Army,Wallet D,prospect,02_ACCOUNTS.penetration,False,,,,749,1000,0,,False,False
nassau_buford_grove_baptist_church,Buford Grove Baptist Church,Nassau,Fernandina Beach / Yulee,30.60241,-81.62288,county_centroid,Estimated,,,Violet,Charity,D,Charity_Army,Wallet D,prospect,02_ACCOUNTS.penetration,False,,,,749,1000,0,,False,False
camden_calvary_baptist_church,Calvary Baptist Church,Camden,Kingsland / St. Marys GA,30.88054,-81.53292,county_centroid,Estimated,,,Violet,Charity,D,Charity_Army,Wallet D,prospect,02_ACCOUNTS.penetration,False,,,,749,1000,0,,False,False
duval_calvary_chapel_church_of_god,Calvary Chapel Church of God,Duval,Jacksonville,30.32461,-81.69296,county_centroid,Estimated,,,Violet,Charity,D,Charity_Army,Wallet D,prospect,02_ACCOUNTS.penetration,False,,,,749,1000,0,,False,False
clay_calvary_chapel_of_orange_park,Calvary Chapel of Orange Park,Clay,Orange Park,30.17981,-81.70872,place_centroid,Estimated,,,Violet,Charity,D,Charity_Army,Wallet D,prospect,02_ACCOUNTS.penetration,False,,,,749,1000,0,,False,False
duval_calvary_episcopal_church,Calvary Episcopal Church,Duval,Jacksonville,30.35188,-81.66215,county_centroid,Estimated,,,Violet,Charity,D,Charity_Army,Wallet D,prospect,02_ACCOUNTS.penetration,False,,,,749,1000,0,,False,False
duval_calvary_hill_baptist_church,Calvary Hill Baptist Church,Duval,Jacksonville,30.31514,-81.65017,county_centroid,Estimated,,,Violet,Charity,D,Charity_Army,Wallet D,prospect,02_ACCOUNTS.penetration,False,,,,749,1000,0,,False,False
duval_calvin_presbyterian_church,Calvin Presbyterian Church,Duval,Jacksonville,30.35664,-81.6661,county_centroid,Estimated,,,Violet,Charity,D,Charity_Army,Wallet D,prospect,02_ACCOUNTS.penetration,False,,,,749,1000,0,,False,False
camden_camden_baptist_temple,Camden Baptist Temple,Camden,Kingsland / St. Marys GA,30.91157,-81.5541,county_centroid,Estimated,,,Violet,Charity,D,Charity_Army,Wallet D,prospect,02_ACCOUNTS.penetration,False,,,,749,1000,0,,False,False
clay_canvas_church,Canvas Church,Clay,Green Cove Springs / Fleming Island,29.99961,-81.7429,county_centroid,Estimated,,,Violet,Charity,D,Charity_Army,Wallet D,prospect,02_ACCOUNTS.penetration,False,,,,749,1000,0,,False,False
camden_carnegie_chapel,Carnegie Chapel,Camden,Kingsland / St. Marys GA,30.9051,-81.54807,county_centroid,Estimated,,,Violet,Charity,D,Charity_Army,Wallet D,prospect,02_ACCOUNTS.penetration,False,,,,749,1000,0,,False,False
duval_cedar_bay_baptist_church,Cedar Bay Baptist Church,Duval,Jacksonville,30.32558,-81.63114,county_centroid,Estimated,,,Violet,Charity,D,Charity_Army,Wallet D,prospect,02_ACCOUNTS.penetration,False,,,,749,1000,0,,False,False
duval_cedar_creek_baptist_church,Cedar Creek Baptist Church,Duval,Jacksonville,30.3566,-81.67814,county_centroid,Estimated,,,Violet,Charity,D,Charity_Army,Wallet D,prospect,02_ACCOUNTS.penetration,False,,,,749,1000,0,,False,False
duval_cedarhurst_church_of_christ,Cedarhurst Church of Christ,Duval,Jacksonville,30.35686,-81.65526,county_centroid,Estimated,,,Violet,Charity,D,Charity_Army,Wallet D,prospect,02_ACCOUNTS.penetration,False,,,,749,1000,0,,False,False
nassau_celebration_baptist_church,Celebration Baptist Church,Nassau,Fernandina Beach / Yulee,30.58068,-81.64662,county_centroid,Estimated,,,Violet,Charity,D,Charity_Army,Wallet D,prospect,02_ACCOUNTS.penetration,False,,,,749,1000,0,,False,False
duval_celebration_episcopal_church,Celebration Episcopal Church,Duval,Jacksonville,30.31156,-81.62041,county_centroid,Estimated,,,Violet,Charity,D,Charity_Army,Wallet D,prospect,02_ACCOUNTS.penetration,False,,,,749,1000,0,,False,False
clay_central_baptist_church,Central Baptist Church,Clay,Green Cove Springs / Fleming Island,29.96029,-81.72615,county_centroid,Estimated,,,Violet,Charity,D,Charity_Army,Wallet D,prospect,02_ACCOUNTS.penetration,False,,,,749,1000,0,,False,False
duval_central_church_of_the_nazarene,Central Church of the Nazarene,Duval,Jacksonville,30.30578,-81.64999,county_centroid,Estimated,,,Violet,Charity,D,Charity_Army,Wallet D,prospect,02_ACCOUNTS.penetration,False,,,,749,1000,0,,False,False
duval_cherry_street_church_of_christ,Cherry Street Church of Christ,Duval,Jacksonville,30.30395,-81.66398,county_centroid,Estimated,,,Violet,Charity,D,Charity_Army,Wallet D,prospect,02_ACCOUNTS.penetration,False,,,,749,1000,0,,False,False
clay_chimney_lakes_baptist_church,Chimney Lakes Baptist Church,Clay,Green Cove Springs / Fleming Island,29.99907,-81.72601,county_centroid,Estimated,,,Violet,Charity,D,Charity_Army,Wallet D,prospect,02_ACCOUNTS.penetration,False,,,,749,1000,0,,False,False
duval_christ_lutheran_church_evangelical,Christ Lutheran Church Evangelical,Duval,Jacksonville,30.30612,-81.65106,county_centroid,Estimated,,,Violet,Charity,D,Charity_Army,Wallet D,prospect,02_ACCOUNTS.penetration,False,,,,749,1000,0,,False,False
duval_christ_the_king,Christ the King,Duval,Jacksonville,30.30841,-81.68654,county_centroid,Estimated,,,Violet,Charity,D,Charity_Army,Wallet D,prospect,02_ACCOUNTS.penetration,False,,,,749,1000,0,,False,False
nassau_christ_the_redeemer,Christ the Redeemer,Nassau,Fernandina Beach / Yulee,30.63227,-81.63331,county_centroid,Estimated,,,Violet,Charity,D,Charity_Army,Wallet D,prospect,02_ACCOUNTS.penetration,False,,,,749,1000,0,,False,False
duval_church_of_christ_arlington,Church of Christ Arlington,Duval,Arlington,30.32769,-81.56644,place_centroid,Estimated,,,Violet,Charity,D,Charity_Army,Wallet D,prospect,02_ACCOUNTS.penetration,False,,,,749,1000,0,,False,False
duval_church_of_christ_at_lake_forest,Church of Christ at Lake Forest,Duval,Jacksonville,30.29617,-81.64482,county_centroid,Estimated,,,Violet,Charity,D,Charity_Army,Wallet D,prospect,02_ACCOUNTS.penetration,False,,,,749,1000,0,,False,False
duval_church_of_our_lord_saviour,Church of Our Lord & Saviour,Duval,Jacksonville,30.35441,-81.67163,county_centroid,Estimated,,,Violet,Charity,D,Charity_Army,Wallet D,prospect,02_ACCOUNTS.penetration,False,,,,749,1000,0,,False,False
duval_church_of_our_saviour,Church of Our Saviour,Duval,Jacksonville,30.31483,-81.62161,county_centroid,Estimated,,,Violet,Charity,D,Charity_Army,Wallet D,prospect,02_ACCOUNTS.penetration,False,,,,749,1000,0,,False,False
duval_church_of_the_crucifixion,Church of the Crucifixion,Duval,Jacksonville,30.33928,-81.68146,county_centroid,Estimated,,,Violet,Charity,D,Charity_Army,Wallet D,prospect,02_ACCOUNTS.penetration,False,,,,749,1000,0,,False,False
duval_church_of_the_epiphany,Church of the Epiphany,Duval,Jacksonville,30.34739,-81.63091,county_centroid,Estimated,,,Violet,Charity,D,Charity_Army,Wallet D,prospect,02_ACCOUNTS.penetration,False,,,,749,1000,0,,False,False
duval_church_of_the_good_shepherd,Church of the Good Shepherd,Duval,Jacksonville,30.33118,-81.63882,county_centroid,Estimated,,,Violet,Charity,D,Charity_Army,Wallet D,prospect,02_ACCOUNTS.penetration,False,,,,749,1000,0,,False,False
duval_church_of_the_lord_jesus_christ,Church of the Lord Jesus Christ,Duval,Jacksonville,30.3533,-81.67388,county_centroid,Estimated,,,Violet,Charity,D,Charity_Army,Wallet D,prospect,02_ACCOUNTS.penetration,False,,,,749,1000,0,,False,False
duval_church_of_the_messiah,Church of the Messiah,Duval,Jacksonville,30.31527,-81.67506,county_centroid,Estimated,,,Violet,Charity,D,Charity_Army,Wallet D,prospect,02_ACCOUNTS.penetration,False,,,,749,1000,0,,False,False
duval_church_of_the_nativity,Church of the Nativity,Duval,Jacksonville,30.31375,-81.69219,county_centroid,Estimated,,,Violet,Charity,D,Charity_Army,Wallet D,prospect,02_ACCOUNTS.penetration,False,,,,749,1000,0,,False,False
duval_church_of_the_nazarene_north_florida_district,Church of the Nazarene North Florida District,Duval,Jacksonville,30.3458,-81.65842,county_centroid,Estimated,,,Violet,Charity,D,Charity_Army,Wallet D,prospect,02_ACCOUNTS.penetration,False,,,,749,1000,0,,False,False
clay_church_of_the_old_landmark,Church of the Old Landmark,Clay,Green Cove Springs / Fleming Island,30.004,-81.72096,county_centroid,Estimated,,,Violet,Charity,D,Charity_Army,Wallet D,prospect,02_ACCOUNTS.penetration,False,,,,749,1000,0,,False,False
duval_church_of_the_redeemer,Church of the Redeemer,Duval,Jacksonville,30.338,-81.67323,county_centroid,Estimated,,,Violet,Charity,D,Charity_Army,Wallet D,prospect,02_ACCOUNTS.penetration,False,,,,749,1000,0,,False,False
st_johns_church_on_the_rock_ministries,Church on the Rock Ministries,St. Johns,St. Augustine / St. Johns,29.93122,-81.30533,county_centroid,Estimated,,,Violet,Charity,D,Charity_Army,Wallet D,prospect,02_ACCOUNTS.penetration,False,,,,749,1000,0,,False,False
clay_cinnamon_street_baptist_church,Cinnamon Street Baptist Church,Clay,Green Cove Springs / Fleming Island,29.996,-81.75226,county_centroid,Estimated,,,Violet,Charity,D,Charity_Army,Wallet D,prospect,02_ACCOUNTS.penetration,False,,,,749,1000,0,,False,False
duval_citadel_of_hope_rhema_ministry,Citadel of Hope Rhema Ministry,Duval,Jacksonville,30.3598,-81.629,county_centroid,Estimated,,,Violet,Charity,D,Charity_Army,Wallet D,prospect,02_ACCOUNTS.penetration,False,,,,749,1000,0,,False,False
duval_clay_hill_baptist_church,Clay Hill Baptist Church,Duval,Jacksonville,30.3142,-81.63979,county_centroid,Estimated,,,Violet,Charity,D,Charity_Army,Wallet D,prospect,02_ACCOUNTS.penetration,False,,,,749,1000,0,,False,False
duval_collins_road_baptist_church,Collins Road Baptist Church,Duval,Jacksonville,30.32446,-81.61924,county_centroid,Estimated,,,Violet,Charity,D,Charity_Army,Wallet D,prospect,02_ACCOUNTS.penetration,False,,,,749,1000,0,,False,False
duval_colonial_baptist_church,Colonial Baptist Church,Duval,Jacksonville,30.34472,-81.69313,county_centroid,Estimated,,,Violet,Charity,D,Charity_Army,Wallet D,prospect,02_ACCOUNTS.penetration,False,,,,749,1000,0,,False,False
duval_community_baptist_church,Community Baptist Church,Duval,Jacksonville,30.34647,-81.69038,county_centroid,Estimated,,,Violet,Charity,D,Charity_Army,Wallet D,prospect,02_ACCOUNTS.penetration,False,,,,749,1000,0,,False,False
nassau_community_baptist_church_yulee,Community Baptist Church Yulee,Nassau,Yulee,30.63611,-81.59282,place_centroid,Estimated,,,Violet,Charity,D,Charity_Army,Wallet D,prospect,02_ACCOUNTS.penetration,False,,,,749,1000,0,,False,False
st_johns_community_church_of_god,Community Church of God,St. Johns,St. Augustine / St. Johns,29.86735,-81.35085,county_centroid,Estimated,,,Violet,Charity,D,Charity_Army,Wallet D,prospect,02_ACCOUNTS.penetration,False,,,,749,1000,0,,False,False
duval_coral_ridge_baptist_church,Coral Ridge Baptist Church,Duval,Jacksonville,30.36675,-81.67619,county_centroid,Estimated,,,Violet,Charity,D,Charity_Army,Wallet D,prospect,02_ACCOUNTS.penetration,False,,,,749,1000,0,,False,False
duval_cornerstone_church,Cornerstone Church,Duval,Jacksonville,30.29937,-81.6749,county_centroid,Estimated,,,Violet,Charity,D,Charity_Army,Wallet D,prospect,02_ACCOUNTS.penetration,False,,,,749,1000,0,,False,False
duval_covenant_presbyterian_church,Covenant Presbyterian Church,Duval,Jacksonville,30.3454,-81.63555,county_centroid,Estimated,,,Violet,Charity,D,Charity_Army,Wallet D,prospect,02_ACCOUNTS.penetration,False,,,,749,1000,0,,False,False
camden_crooked_river_baptist_church,Crooked River Baptist Church,Camden,Kingsland / St. Marys GA,30.89787,-81.54256,county_centroid,Estimated,,,Violet,Charity,D,Charity_Army,Wallet D,prospect,02_ACCOUNTS.penetration,False,,,,749,1000,0,,False,False
duval_crown_point_baptist_church,Crown Point Baptist Church,Duval,Jacksonville,30.36927,-81.67775,county_centroid,Estimated,,,Violet,Charity,D,Charity_Army,Wallet D,prospect,02_ACCOUNTS.penetration,False,,,,749,1000,0,,False,False
duval_crucifixion,Crucifixion,Duval,Jacksonville,30.30855,-81.65152,county_centroid,Estimated,,,Violet,Charity,D,Charity_Army,Wallet D,prospect,02_ACCOUNTS.penetration,False,,,,749,1000,0,,False,False
duval_day_spring_baptist_church,Day Spring Baptist Church,Duval,Jacksonville,30.36389,-81.63306,county_centroid,Estimated,,,Violet,Charity,D,Charity_Army,Wallet D,prospect,02_ACCOUNTS.penetration,False,,,,749,1000,0,,False,False
duval_dean_road_church_of_christ,Dean Road Church of Christ,Duval,Jacksonville,30.33729,-81.61898,county_centroid,Estimated,,,Violet,Charity,D,Charity_Army,Wallet D,prospect,02_ACCOUNTS.penetration,False,,,,749,1000,0,,False,False
clay_decoy_baptist_church,Decoy Baptist Church,Clay,Green Cove Springs / Fleming Island,30.02609,-81.77443,county_centroid,Estimated,,,Violet,Charity,D,Charity_Army,Wallet D,prospect,02_ACCOUNTS.penetration,False,,,,749,1000,0,,False,False
duval_destination_church,Destination Church,Duval,Jacksonville,30.30219,-81.65914,county_centroid,Estimated,,,Violet,Charity,D,Charity_Army,Wallet D,prospect,02_ACCOUNTS.penetration,False,,,,749,1000,0,,False,False
duval_destiny_church_of_jacksonville,Destiny Church of Jacksonville,Duval,Jacksonville,30.36157,-81.66893,county_centroid,Estimated,,,Violet,Charity,D,Charity_Army,Wallet D,prospect,02_ACCOUNTS.penetration,False,,,,749,1000,0,,False,False
duval_dinsmore_baptist_church,Dinsmore Baptist Church,Duval,Jacksonville,30.36823,-81.62671,county_centroid,Estimated,,,Violet,Charity,D,Charity_Army,Wallet D,prospect,02_ACCOUNTS.penetration,False,,,,749,1000,0,,False,False
duval_dinsmore_united_methodist_church,Dinsmore United Methodist Church,Duval,Jacksonville,30.30036,-81.62831,county_centroid,Estimated,,,Violet,Charity,D,Charity_Army,Wallet D,prospect,02_ACCOUNTS.penetration,False,,,,749,1000,0,,False,False
duval_diocese_of_florida,Diocese of Florida,Duval,Jacksonville,30.32338,-81.63733,county_centroid,Estimated,,,Violet,Charity,D,Charity_Army,Wallet D,prospect,02_ACCOUNTS.penetration,False,,,,749,1000,0,,False,False
duval_dunn_s_creek_baptist_church,Dunn's Creek Baptist Church,Duval,Jacksonville,30.29486,-81.65061,county_centroid,Estimated,,,Violet,Charity,D,Charity_Army,Wallet D,prospect,02_ACCOUNTS.penetration,False,,,,749,1000,0,,False,False
duval_dunns_creek_baptist_church,Dunns Creek Baptist Church,Duval,Jacksonville,30.35421,-81.62082,county_centroid,Estimated,,,Violet,Charity,D,Charity_Army,Wallet D,prospect,02_ACCOUNTS.penetration,False,,,,749,1000,0,,False,False
duval_duval_station_baptist_church,Duval Station Baptist Church,Duval,Jacksonville,30.32287,-81.63436,county_centroid,Estimated,,,Violet,Charity,D,Charity_Army,Wallet D,prospect,02_ACCOUNTS.penetration,False,,,,749,1000,0,,False,False
duval_east_11th_street_baptist_church,East 11th Street Baptist Church,Duval,Jacksonville,30.33054,-81.66945,county_centroid,Estimated,,,Violet,Charity,D,Charity_Army,Wallet D,prospect,02_ACCOUNTS.penetration,False,,,,749,1000,0,,False,False
duval_east_pointe_baptist_church,East Pointe Baptist Church,Duval,Jacksonville,30.32422,-81.65479,county_centroid,Estimated,,,Violet,Charity,D,Charity_Army,Wallet D,prospect,02_ACCOUNTS.penetration,False,,,,749,1000,0,,False,False
duval_eastport_baptist_church,Eastport Baptist Church,Duval,Jacksonville,30.3478,-81.66219,county_centroid,Estimated,,,Violet,Charity,D,Charity_Army,Wallet D,prospect,02_ACCOUNTS.penetration,False,,,,749,1000,0,,False,False
duval_eastside_church_of_christ,Eastside Church of Christ,Duval,Jacksonville,30.345,-81.69016,county_centroid,Estimated,,,Violet,Charity,D,Charity_Army,Wallet D,prospect,02_ACCOUNTS.penetration,False,,,,749,1000,0,,False,False
nassau_eastwood_baptist_church,Eastwood Baptist Church,Nassau,Fernandina Beach / Yulee,30.61396,-81.67577,county_centroid,Estimated,,,Violet,Charity,D,Charity_Army,Wallet D,prospect,02_ACCOUNTS.penetration,False,,,,749,1000,0,,False,False
duval_ebenezer,Ebenezer,Duval,Jacksonville,30.34461,-81.68686,county_centroid,Estimated,,,Violet,Charity,D,Charity_Army,Wallet D,prospect,02_ACCOUNTS.penetration,False,,,,749,1000,0,,False,False
st_johns_edgewater_church,Edgewater Church,St. Johns,St. Augustine / St. Johns,29.89487,-81.32104,county_centroid,Estimated,,,Violet,Charity,D,Charity_Army,Wallet D,prospect,02_ACCOUNTS.penetration,False,,,,749,1000,0,,False,False
duval_edgewood_church_of_christ,Edgewood Church of Christ,Duval,Jacksonville,30.35963,-81.63841,county_centroid,Estimated,,,Violet,Charity,D,Charity_Army,Wallet D,prospect,02_ACCOUNTS.penetration,False,,,,749,1000,0,,False,False
duval_embassy_fellowship,Embassy Fellowship,Duval,Jacksonville,30.3081,-81.67826,county_centroid,Estimated,,,Violet,Charity,D,Charity_Army,Wallet D,prospect,02_ACCOUNTS.penetration,False,,,,749,1000,0,,False,False
duval_englewood_baptist_church,Englewood Baptist Church,Duval,Jacksonville,30.33118,-81.61812,county_centroid,Estimated,,,Violet,Charity,D,Charity_Army,Wallet D,prospect,02_ACCOUNTS.penetration,False,,,,749,1000,0,,False,False
camden_enterprise_baptist_church,Enterprise Baptist Church,Camden,Kingsland / St. Marys GA,30.92811,-81.556,county_centroid,Estimated,,,Violet,Charity,D,Charity_Army,Wallet D,prospect,02_ACCOUNTS.penetration,False,,,,749,1000,0,,False,False
duval_ephesian_baptist_church,Ephesian Baptist Church,Duval,Jacksonville,30.30003,-81.65218,county_centroid,Estimated,,,Violet,Charity,D,Charity_Army,Wallet D,prospect,02_ACCOUNTS.penetration,False,,,,749,1000,0,,False,False
nassau_ephesus_baptist_church,Ephesus Baptist Church,Nassau,Fernandina Beach / Yulee,30.61955,-81.66137,county_centroid,Estimated,,,Violet,Charity,D,Charity_Army,Wallet D,prospect,02_ACCOUNTS.penetration,False,,,,749,1000,0,,False,False
duval_ephphatha_deaf_assembly_of_god,Ephphatha Deaf Assembly of God,Duval,Jacksonville,30.33434,-81.66725,county_centroid,Estimated,,,Violet,Charity,D,Charity_Army,Wallet D,prospect,02_ACCOUNTS.penetration,False,,,,749,1000,0,,False,False
duval_epiphany_baptist_church,Epiphany Baptist Church,Duval,Jacksonville,30.32507,-81.62635,county_centroid,Estimated,,,Violet,Charity,D,Charity_Army,Wallet D,prospect,02_ACCOUNTS.penetration,False,,,,749,1000,0,,False,False
duval_evangel_temple_assembly_of_god,Evangel Temple Assembly of God,Duval,Jacksonville,30.32031,-81.62463,county_centroid,Estimated,,,Violet,Charity,D,Charity_Army,Wallet D,prospect,02_ACCOUNTS.penetration,False,,,,749,1000,0,,False,False
camden_evergreen_baptist_church,Evergreen Baptist Church,Camden,Kingsland / St. Marys GA,30.88743,-81.51842,county_centroid,Estimated,,,Violet,Charity,D,Charity_Army,Wallet D,prospect,02_ACCOUNTS.penetration,False,,,,749,1000,0,,False,False
clay_exodus_harvest_center,Exodus Harvest Center,Clay,Green Cove Springs / Fleming Island,29.97121,-81.766,county_centroid,Estimated,,,Violet,Charity,D,Charity_Army,Wallet D,prospect,02_ACCOUNTS.penetration,False,,,,749,1000,0,,False,False
duval_faith_baptist_church,Faith Baptist Church,Duval,Jacksonville,30.33669,-81.65118,county_centroid,Estimated,,,Violet,Charity,D,Charity_Army,Wallet D,prospect,02_ACCOUNTS.penetration,False,,,,749,1000,0,,False,False
nassau_faith_christian_fellowship,Faith Christian Fellowship,Nassau,Fernandina Beach / Yulee,30.62114,-81.66655,county_centroid,Estimated,,,Violet,Charity,D,Charity_Army,Wallet D,prospect,02_ACCOUNTS.penetration,False,,,,749,1000,0,,False,False
clay_faith_church,Faith Church,Clay,Green Cove Springs / Fleming Island,30.00299,-81.76697,county_centroid,Estimated,,,Violet,Charity,D,Charity_Army,Wallet D,prospect,02_ACCOUNTS.penetration,False,,,,749,1000,0,,False,False
duval_faith_hope_charity_church,Faith Hope & Charity Church,Duval,Jacksonville,30.34829,-81.64747,county_centroid,Estimated,,,Violet,Charity,D,Charity_Army,Wallet D,prospect,02_ACCOUNTS.penetration,False,,,,749,1000,0,,False,False
duval_faith_in_his_name_ministries,Faith in His Name Ministries,Duval,Jacksonville,30.33564,-81.64473,county_centroid,Estimated,,,Violet,Charity,D,Charity_Army,Wallet D,prospect,02_ACCOUNTS.penetration,False,,,,749,1000,0,,False,False
duval_faith_lutheran_church_evangelical,Faith Lutheran Church Evangelical,Duval,Jacksonville,30.29948,-81.67445,county_centroid,Estimated,,,Violet,Charity,D,Charity_Army,Wallet D,prospect,02_ACCOUNTS.penetration,False,,,,749,1000,0,,False,False
duval_faith_memorial_baptist_church,Faith Memorial Baptist Church,Duval,Jacksonville,30.31216,-81.679,county_centroid,Estimated,,,Violet,Charity,D,Charity_Army,Wallet D,prospect,02_ACCOUNTS.penetration,False,,,,749,1000,0,,False,False
duval_faith_temple_assembly_of_god,Faith Temple Assembly of God,Duval,Jacksonville,30.30625,-81.66159,county_centroid,Estimated,,,Violet,Charity,D,Charity_Army,Wallet D,prospect,02_ACCOUNTS.penetration,False,,,,749,1000,0,,False,False
duval_faith_united_methodist_church,Faith United Methodist Church,Duval,Jacksonville,30.33661,-81.65388,county_centroid,Estimated,,,Violet,Charity,D,Charity_Army,Wallet D,prospect,02_ACCOUNTS.penetration,False,,,,749,1000,0,,False,False
duval_faith_united_miracle_temple,Faith United Miracle Temple,Duval,Jacksonville,30.29968,-81.69309,county_centroid,Estimated,,,Violet,Charity,D,Charity_Army,Wallet D,prospect,02_ACCOUNTS.penetration,False,,,,749,1000,0,,False,False
duval_family_empowerment_christian_faith_center,Family Empowerment Christian Faith Center,Duval,Jacksonville,30.35007,-81.63171,county_centroid,Estimated,,,Violet,Charity,D,Charity_Army,Wallet D,prospect,02_ACCOUNTS.penetration,False,,,,749,1000,0,,False,False
clay_family_of_god_united_church,Family of God United Church,Clay,Green Cove Springs / Fleming Island,29.96222,-81.73296,county_centroid,Estimated,,,Violet,Charity,D,Charity_Army,Wallet D,prospect,02_ACCOUNTS.penetration,False,,,,749,1000,0,,False,False
st_johns_family_worship_center,Family Worship Center,St. Johns,St. Augustine / St. Johns,29.91,-81.30256,county_centroid,Estimated,,,Violet,Charity,D,Charity_Army,Wallet D,prospect,02_ACCOUNTS.penetration,False,,,,749,1000,0,,False,False
duval_faust_temple_church,Faust Temple Church,Duval,Jacksonville,30.30764,-81.64536,county_centroid,Estimated,,,Violet,Charity,D,Charity_Army,Wallet D,prospect,02_ACCOUNTS.penetration,False,,,,749,1000,0,,False,False
clay_fellowship_baptist_church_inc,Fellowship Baptist Church Inc,Clay,Green Cove Springs / Fleming Island,29.97285,-81.78472,county_centroid,Estimated,,,Violet,Charity,D,Charity_Army,Wallet D,prospect,02_ACCOUNTS.penetration,False,,,,749,1000,0,,False,False
nassau_fernandina_port_ministry,Fernandina Port Ministry,Nassau,Fernandina Beach,30.65376,-81.4719,place_centroid,Estimated,,,Violet,Charity,D,Charity_Army,Wallet D,prospect,02_ACCOUNTS.penetration,True,,,,749,1000,0,,False,False
clay_first_african_baptist_church,First African Baptist Church,Clay,Green Cove Springs / Fleming Island,30.00336,-81.74013,county_centroid,Estimated,,,Violet,Charity,D,Charity_Army,Wallet D,prospect,02_ACCOUNTS.penetration,False,,,,749,1000,0,,False,False
camden_first_american_baptist_church,First American Baptist Church,Camden,Kingsland / St. Marys GA,30.94294,-81.56704,county_centroid,Estimated,,,Violet,Charity,D,Charity_Army,Wallet D,prospect,02_ACCOUNTS.penetration,False,,,,749,1000,0,,False,False
nassau_first_avenue_baptist_church,First Avenue Baptist Church,Nassau,Fernandina Beach / Yulee,30.63216,-81.66443,county_centroid,Estimated,,,Violet,Charity,D,Charity_Army,Wallet D,prospect,02_ACCOUNTS.penetration,False,,,,749,1000,0,,False,False
duval_first_church_of_the_nazarene,First Church of the Nazarene,Duval,Jacksonville,30.31708,-81.67687,county_centroid,Estimated,,,Violet,Charity,D,Charity_Army,Wallet D,prospect,02_ACCOUNTS.penetration,False,,,,749,1000,0,,False,False
duval_first_coast_baptist_church,First Coast Baptist Church,Duval,Jacksonville,30.32886,-81.62683,county_centroid,Estimated,,,Violet,Charity,D,Charity_Army,Wallet D,prospect,02_ACCOUNTS.penetration,False,,,,749,1000,0,,False,False
duval_first_filipino_baptist_church,First Filipino Baptist Church,Duval,Jacksonville,30.31196,-81.6389,county_centroid,Estimated,,,Violet,Charity,D,Charity_Army,Wallet D,prospect,02_ACCOUNTS.penetration,False,,,,749,1000,0,,False,False
clay_first_haitian_baptist_church,First Haitian Baptist Church,Clay,Green Cove Springs / Fleming Island,30.00767,-81.76578,county_centroid,Estimated,,,Violet,Charity,D,Charity_Army,Wallet D,prospect,02_ACCOUNTS.penetration,False,,,,749,1000,0,,False,False
nassau_first_missionary_baptist_church,First Missionary Baptist Church,Nassau,Fernandina Beach / Yulee,30.59229,-81.62703,county_centroid,Estimated,,,Violet,Charity,D,Charity_Army,Wallet D,prospect,02_ACCOUNTS.penetration,False,,,,749,1000,0,,False,False
duval_first_new_zion_baptist_church,First New Zion Baptist Church,Duval,Jacksonville,30.32874,-81.62937,county_centroid,Estimated,,,Violet,Charity,D,Charity_Army,Wallet D,prospect,02_ACCOUNTS.penetration,False,,,,749,1000,0,,False,False
duval_first_presbyterian_church,First Presbyterian Church,Duval,Jacksonville,30.3506,-81.69322,county_centroid,Estimated,,,Violet,Charity,D,Charity_Army,Wallet D,prospect,02_ACCOUNTS.penetration,False,,,,749,1000,0,,False,False
duval_first_samuel_baptist_church,First Samuel Baptist Church,Duval,Jacksonville,30.31855,-81.6186,county_centroid,Estimated,,,Violet,Charity,D,Charity_Army,Wallet D,prospect,02_ACCOUNTS.penetration,False,,,,749,1000,0,,False,False
duval_first_southern_baptist_church,First Southern Baptist Church,Duval,Jacksonville,30.35764,-81.64965,county_centroid,Estimated,,,Violet,Charity,D,Charity_Army,Wallet D,prospect,02_ACCOUNTS.penetration,False,,,,749,1000,0,,False,False
duval_first_timothy_baptist_church,First Timothy Baptist Church,Duval,Jacksonville,30.30387,-81.69204,county_centroid,Estimated,,,Violet,Charity,D,Charity_Army,Wallet D,prospect,02_ACCOUNTS.penetration,False,,,,749,1000,0,,False,False
nassau_five_points_baptist_church,Five Points Baptist Church,Nassau,Fernandina Beach / Yulee,30.63465,-81.65794,county_centroid,Estimated,,,Violet,Charity,D,Charity_Army,Wallet D,prospect,02_ACCOUNTS.penetration,False,,,,749,1000,0,,False,False
duval_fl_north_atlantic_division,Fl North Atlantic Division,Duval,Jacksonville,30.31034,-81.68099,county_centroid,Estimated,,,Violet,Charity,D,Charity_Army,Wallet D,prospect,02_ACCOUNTS.penetration,False,,,,749,1000,0,,False,False
clay_fleming_island_presbyterian_church,Fleming Island Presbyterian Church,Clay,Fleming Island,30.1098,-81.73132,place_centroid,Estimated,,,Violet,Charity,D,Charity_Army,Wallet D,prospect,02_ACCOUNTS.penetration,False,,,,749,1000,0,,False,False
camden_forest_view_baptist_church,Forest View Baptist Church,Camden,Kingsland / St. Marys GA,30.89565,-81.54733,county_centroid,Estimated,,,Violet,Charity,D,Charity_Army,Wallet D,prospect,02_ACCOUNTS.penetration,False,,,,749,1000,0,,False,False
st_johns_freedom_baptist_church,Freedom Baptist Church,St. Johns,St. Augustine / St. Johns,29.86026,-81.30657,county_centroid,Estimated,,,Violet,Charity,D,Charity_Army,Wallet D,prospect,02_ACCOUNTS.penetration,False,,,,749,1000,0,,False,False
camden_friendship_baptist_church,Friendship Baptist Church,Camden,Kingsland / St. Marys GA,30.90705,-81.55112,county_centroid,Estimated,,,Violet,Charity,D,Charity_Army,Wallet D,prospect,02_ACCOUNTS.penetration,False,,,,749,1000,0,,False,False
st_johns_geneva_presbyterian_church,Geneva Presbyterian Church,St. Johns,St. Augustine / St. Johns,29.8979,-81.29794,county_centroid,Estimated,,,Violet,Charity,D,Charity_Army,Wallet D,prospect,02_ACCOUNTS.penetration,False,,,,749,1000,0,,False,False
nassau_god_s_faith_tabernacle,God's Faith Tabernacle,Nassau,Fernandina Beach / Yulee,30.59468,-81.65671,county_centroid,Estimated,,,Violet,Charity,D,Charity_Army,Wallet D,prospect,02_ACCOUNTS.penetration,False,,,,749,1000,0,,False,False
clay_grace_free_will_baptist_church,Grace Free Will Baptist Church,Clay,Green Cove Springs / Fleming Island,29.97778,-81.73007,county_centroid,Estimated,,,Violet,Charity,D,Charity_Army,Wallet D,prospect,02_ACCOUNTS.penetration,False,,,,749,1000,0,,False,False
clay_grain_of_mustard_seed_ministry,Grain of Mustard Seed Ministry,Clay,Green Cove Springs / Fleming Island,29.96453,-81.76714,county_centroid,Estimated,,,Violet,Charity,D,Charity_Army,Wallet D,prospect,02_ACCOUNTS.penetration,False,,,,749,1000,0,,False,False
nassau_harper_chapel_baptist_church,Harper Chapel Baptist Church,Nassau,Fernandina Beach / Yulee,30.63325,-81.67144,county_centroid,Estimated,,,Violet,Charity,D,Charity_Army,Wallet D,prospect,02_ACCOUNTS.penetration,False,,,,749,1000,0,,False,False
camden_harriett_s_bluff_baptist_church,Harriett's Bluff Baptist Church,Camden,Kingsland / St. Marys GA,30.95517,-81.53064,county_centroid,Estimated,,,Violet,Charity,D,Charity_Army,Wallet D,prospect,02_ACCOUNTS.penetration,False,,,,749,1000,0,,False,False
nassau_hedges_baptist_church,Hedges Baptist Church,Nassau,Fernandina Beach / Yulee,30.6217,-81.66287,county_centroid,Estimated,,,Violet,Charity,D,Charity_Army,Wallet D,prospect,02_ACCOUNTS.penetration,False,,,,749,1000,0,,False,False
clay_heritage_baptist_church,Heritage Baptist Church,Clay,Green Cove Springs / Fleming Island,30.03149,-81.74746,county_centroid,Estimated,,,Violet,Charity,D,Charity_Army,Wallet D,prospect,02_ACCOUNTS.penetration,False,,,,749,1000,0,,False,False
clay_hickory_grove_baptist_church,Hickory Grove Baptist Church,Clay,Green Cove Springs / Fleming Island,29.99047,-81.75013,county_centroid,Estimated,,,Violet,Charity,D,Charity_Army,Wallet D,prospect,02_ACCOUNTS.penetration,False,,,,749,1000,0,,False,False
camden_hidden_treasures_assembly_of_god,Hidden Treasures Assembly of God,Camden,Kingsland / St. Marys GA,30.94764,-81.52284,county_centroid,Estimated,,,Violet,Charity,D,Charity_Army,Wallet D,prospect,02_ACCOUNTS.penetration,False,,,,749,1000,0,,False,False
nassau_hisbon_baptist_church,Hisbon Baptist Church,Nassau,Fernandina Beach / Yulee,30.64554,-81.63274,county_centroid,Estimated,,,Violet,Charity,D,Charity_Army,Wallet D,prospect,02_ACCOUNTS.penetration,False,,,,749,1000,0,,False,False
st_johns_holy_temple_of_god,Holy Temple of God,St. Johns,St. Augustine / St. Johns,29.92357,-81.32473,county_centroid,Estimated,,,Violet,Charity,D,Charity_Army,Wallet D,prospect,02_ACCOUNTS.penetration,False,,,,749,1000,0,,False,False
camden_holy_trinity_lutheran_church,Holy Trinity Lutheran Church,Camden,Kingsland / St. Marys GA,30.9409,-81.53305,county_centroid,Estimated,,,Violet,Charity,D,Charity_Army,Wallet D,prospect,02_ACCOUNTS.penetration,False,,,,749,1000,0,,False,False
nassau_hope_chapel_of_northeast_florida,Hope Chapel of Northeast Florida,Nassau,Fernandina Beach / Yulee,30.5831,-81.64667,county_centroid,Estimated,,,Violet,Charity,D,Charity_Army,Wallet D,prospect,02_ACCOUNTS.penetration,False,,,,749,1000,0,,False,False
clay_iglesia_bautista_el_calvario,Iglesia Bautista El Calvario,Clay,Green Cove Springs / Fleming Island,30.00029,-81.78901,county_centroid,Estimated,,,Violet,Charity,D,Charity_Army,Wallet D,prospect,02_ACCOUNTS.penetration,False,,,,749,1000,0,,False,False
camden_ignite_church,Ignite Church,Camden,Kingsland / St. Marys GA,30.91772,-81.54124,county_centroid,Estimated,,,Violet,Charity,D,Charity_Army,Wallet D,prospect,02_ACCOUNTS.penetration,False,,,,749,1000,0,,False,False
clay_island_view_baptist_church,Island View Baptist Church,Clay,Green Cove Springs / Fleming Island,29.99984,-81.7588,county_centroid,Estimated,,,Violet,Charity,D,Charity_Army,Wallet D,prospect,02_ACCOUNTS.penetration,False,,,,749,1000,0,,False,False
camden_journey_baptist_church,Journey Baptist Church,Camden,Kingsland / St. Marys GA,30.92803,-81.55399,county_centroid,Estimated,,,Violet,Charity,D,Charity_Army,Wallet D,prospect,02_ACCOUNTS.penetration,False,,,,749,1000,0,,False,False
nassau_joy_baptist_church_pastor_bobby_drury,Joy Baptist Church- Pastor Bobby Drury,Nassau,Fernandina Beach / Yulee,30.60079,-81.65272,county_centroid,Estimated,,,Violet,Charity,D,Charity_Army,Wallet D,prospect,02_ACCOUNTS.penetration,False,,,,749,1000,0,,False,False
st_johns_julington_creek_church_of_christ,Julington Creek Church of Christ,St. Johns,Julington Creek,30.07472,-81.55859,place_centroid,Estimated,,,Violet,Charity,D,Charity_Army,Wallet D,prospect,02_ACCOUNTS.penetration,False,,,,749,1000,0,,False,False
nassau_just_for_the_love_of_jesus,Just for the Love of Jesus,Nassau,Fernandina Beach / Yulee,30.6215,-81.64444,county_centroid,Estimated,,,Violet,Charity,D,Charity_Army,Wallet D,prospect,02_ACCOUNTS.penetration,False,,,,749,1000,0,,False,False
camden_king_of_peace_episcopal_church,King Of Peace Episcopal Church,Camden,Kingsland / St. Marys GA,30.89582,-81.53451,county_centroid,Estimated,,,Violet,Charity,D,Charity_Army,Wallet D,prospect,02_ACCOUNTS.penetration,False,,,,749,1000,0,,False,False
nassau_kings_road_fellowship,Kings Road Fellowship,Nassau,Fernandina Beach / Yulee,30.62351,-81.62872,county_centroid,Estimated,,,Violet,Charity,D,Charity_Army,Wallet D,prospect,02_ACCOUNTS.penetration,False,,,,749,1000,0,,False,False
clay_lake_asbury_baptist_church,Lake Asbury Baptist Church,Clay,Green Cove Springs / Fleming Island,29.99602,-81.77478,county_centroid,Estimated,,,Violet,Charity,D,Charity_Army,Wallet D,prospect,02_ACCOUNTS.penetration,False,,,,749,1000,0,,False,False
st_johns_landmark_missionary_baptist_church,Landmark Missionary Baptist Church,St. Johns,St. Augustine / St. Johns,29.85883,-81.33757,county_centroid,Estimated,,,Violet,Charity,D,Charity_Army,Wallet D,prospect,02_ACCOUNTS.penetration,False,,,,749,1000,0,,False,False
nassau_liberty_baptist_church,Liberty Baptist Church,Nassau,Fernandina Beach / Yulee,30.59218,-81.68459,county_centroid,Estimated,,,Violet,Charity,D,Charity_Army,Wallet D,prospect,02_ACCOUNTS.penetration,False,,,,749,1000,0,,False,False
st_johns_lifetime_ministry,Lifetime Ministry,St. Johns,St. Augustine / St. Johns,29.85952,-81.34526,county_centroid,Estimated,,,Violet,Charity,D,Charity_Army,Wallet D,prospect,02_ACCOUNTS.penetration,False,,,,749,1000,0,,False,False
st_johns_lighthouse_baptist_church,Lighthouse Baptist Church,St. Johns,St. Augustine / St. Johns,29.92744,-81.30692,county_centroid,Estimated,,,Violet,Charity,D,Charity_Army,Wallet D,prospect,02_ACCOUNTS.penetration,False,,,,749,1000,0,,False,False
nassau_live_oak_baptist_church,Live Oak Baptist Church,Nassau,Fernandina Beach / Yulee,30.57922,-81.63234,county_centroid,Estimated,,,Violet,Charity,D,Charity_Army,Wallet D,prospect,02_ACCOUNTS.penetration,False,,,,749,1000,0,,False,False
st_johns_living_waters_ministries,Living Waters Ministries,St. Johns,St. Augustine / St. Johns,29.89666,-81.30428,county_centroid,Estimated,,,Violet,Charity,D,Charity_Army,Wallet D,prospect,02_ACCOUNTS.penetration,False,,,,749,1000,0,,False,False
clay_living_waters_of_middleburg,Living Waters of Middleburg,Clay,Middleburg,30.05205,-81.85614,place_centroid,Estimated,,,Violet,Charity,D,Charity_Army,Wallet D,prospect,02_ACCOUNTS.penetration,False,,,,749,1000,0,,False,False
nassau_living_waters_world_outreach_center,Living Waters World Outreach Center,Nassau,Fernandina Beach / Yulee,30.62934,-81.64012,county_centroid,Estimated,,,Violet,Charity,D,Charity_Army,Wallet D,prospect,02_ACCOUNTS.penetration,False,,,,749,1000,0,,False,False
clay_living_word_community_church,Living Word Community Church,Clay,Green Cove Springs / Fleming Island,29.99205,-81.73151,county_centroid,Estimated,,,Violet,Charity,D,Charity_Army,Wallet D,prospect,02_ACCOUNTS.penetration,False,,,,749,1000,0,,False,False
clay_long_branch_baptist_church,Long Branch Baptist Church,Clay,Green Cove Springs / Fleming Island,29.99357,-81.78815,county_centroid,Estimated,,,Violet,Charity,D,Charity_Army,Wallet D,prospect,02_ACCOUNTS.penetration,False,,,,749,1000,0,,False,False
clay_lord_s_church_ministries,Lord's Church Ministries,Clay,Green Cove Springs / Fleming Island,30.00449,-81.72088,county_centroid,Estimated,,,Violet,Charity,D,Charity_Army,Wallet D,prospect,02_ACCOUNTS.penetration,False,,,,749,1000,0,,False,False
clay_madeira_baptist_church,Madeira Baptist Church,Clay,Green Cove Springs / Fleming Island,30.00103,-81.78432,county_centroid,Estimated,,,Violet,Charity,D,Charity_Army,Wallet D,prospect,02_ACCOUNTS.penetration,False,,,,749,1000,0,,False,False
nassau_maranatha_baptist_church,Maranatha Baptist Church,Nassau,Fernandina Beach / Yulee,30.62924,-81.64865,county_centroid,Estimated,,,Violet,Charity,D,Charity_Army,Wallet D,prospect,02_ACCOUNTS.penetration,False,,,,749,1000,0,,False,False
st_johns_mcdowell_baptist_church,McDowell Baptist Church,St. Johns,St. Augustine / St. Johns,29.91846,-81.27858,county_centroid,Estimated,,,Violet,Charity,D,Charity_Army,Wallet D,prospect,02_ACCOUNTS.penetration,False,,,,749,1000,0,,False,False
st_johns_mill_creek_baptist_church,Mill Creek Baptist Church,St. Johns,St. Augustine / St. Johns,29.87931,-81.3438,county_centroid,Estimated,,,Violet,Charity,D,Charity_Army,Wallet D,prospect,02_ACCOUNTS.penetration,False,,,,749,1000,0,,False,False
st_johns_miracle_center_ministries,Miracle Center Ministries,St. Johns,St. Augustine / St. Johns,29.89208,-81.3047,county_centroid,Estimated,,,Violet,Charity,D,Charity_Army,Wallet D,prospect,02_ACCOUNTS.penetration,False,,,,749,1000,0,,False,False
clay_missionary_baptist_church,Missionary Baptist Church,Clay,Green Cove Springs / Fleming Island,29.9919,-81.72739,county_centroid,Estimated,,,Violet,Charity,D,Charity_Army,Wallet D,prospect,02_ACCOUNTS.penetration,False,,,,749,1000,0,,False,False
clay_morningstar_family_church,Morningstar Family Church,Clay,Green Cove Springs / Fleming Island,29.98266,-81.74638,county_centroid,Estimated,,,Violet,Charity,D,Charity_Army,Wallet D,prospect,02_ACCOUNTS.penetration,False,,,,749,1000,0,,False,False
st_johns_moultrie_baptist_church,Moultrie Baptist Church,St. Johns,St. Augustine / St. Johns,29.90195,-81.33044,county_centroid,Estimated,,,Violet,Charity,D,Charity_Army,Wallet D,prospect,02_ACCOUNTS.penetration,False,,,,749,1000,0,,False,False
nassau_mount_calvary_full_gospel_baptist_church,Mount Calvary Full Gospel Baptist Church,Nassau,Fernandina Beach / Yulee,30.63032,-81.62636,county_centroid,Estimated,,,Violet,Charity,D,Charity_Army,Wallet D,prospect,02_ACCOUNTS.penetration,False,,,,749,1000,0,,False,False
st_johns_mount_carmel_primitive_baptist_church,Mount Carmel Primitive Baptist Church,St. Johns,St. Augustine / St. Johns,29.86286,-81.29202,county_centroid,Estimated,,,Violet,Charity,D,Charity_Army,Wallet D,prospect,02_ACCOUNTS.penetration,False,,,,749,1000,0,,False,False
nassau_mount_charity_baptist_church,Mount Charity Baptist Church,Nassau,Fernandina Beach / Yulee,30.60869,-81.63872,county_centroid,Estimated,,,Violet,Charity,D,Charity_Army,Wallet D,prospect,02_ACCOUNTS.penetration,False,,,,749,1000,0,,False,False
nassau_mount_horeb_baptist_church,Mount Horeb Baptist Church,Nassau,Fernandina Beach / Yulee,30.59215,-81.62949,county_centroid,Estimated,,,Violet,Charity,D,Charity_Army,Wallet D,prospect,02_ACCOUNTS.penetration,False,,,,749,1000,0,,False,False
st_johns_mount_moriah_baptist_church,Mount Moriah Baptist Church,St. Johns,St. Augustine / St. Johns,29.89847,-81.32006,county_centroid,Estimated,,,Violet,Charity,D,Charity_Army,Wallet D,prospect,02_ACCOUNTS.penetration,False,,,,749,1000,0,,False,False
nassau_mount_olive_baptist_church,Mount Olive Baptist Church,Nassau,Fernandina Beach / Yulee,30.6079,-81.68733,county_centroid,Estimated,,,Violet,Charity,D,Charity_Army,Wallet D,prospect,02_ACCOUNTS.penetration,False,,,,749,1000,0,,False,False
st_johns_mount_olive_united_holly_church,Mount Olive United Holly Church,St. Johns,St. Augustine / St. Johns,29.90862,-81.31539,county_centroid,Estimated,,,Violet,Charity,D,Charity_Army,Wallet D,prospect,02_ACCOUNTS.penetration,False,,,,749,1000,0,,False,False
clay_mount_pleasant_baptist_church,Mount Pleasant Baptist Church,Clay,Green Cove Springs / Fleming Island,29.99484,-81.72792,county_centroid,Estimated,,,Violet,Charity,D,Charity_Army,Wallet D,prospect,02_ACCOUNTS.penetration,False,,,,749,1000,0,,False,False
clay_mt_pleasant_missionary_baptist_church,Mt. Pleasant Missionary Baptist Church,Clay,Green Cove Springs / Fleming Island,30.01591,-81.73643,county_centroid,Estimated,,,Violet,Charity,D,Charity_Army,Wallet D,prospect,02_ACCOUNTS.penetration,False,,,,749,1000,0,,False,False
nassau_nassau_baptist_ministries_christian_school,Nassau Baptist Ministries Christian School,Nassau,Fernandina Beach / Yulee,30.63937,-81.68115,county_centroid,Estimated,,,Violet,Charity,D,Charity_Army,Wallet D,prospect,02_ACCOUNTS.penetration,False,,,,749,1000,0,,False,False
nassau_nassau_baptist_temple,Nassau Baptist Temple,Nassau,Fernandina Beach / Yulee,30.60374,-81.66722,county_centroid,Estimated,,,Violet,Charity,D,Charity_Army,Wallet D,prospect,02_ACCOUNTS.penetration,False,,,,749,1000,0,,False,False
nassau_nathalene_primitive_baptist_church,Nathalene Primitive Baptist Church,Nassau,Fernandina Beach / Yulee,30.63341,-81.67598,county_centroid,Estimated,,,Violet,Charity,D,Charity_Army,Wallet D,prospect,02_ACCOUNTS.penetration,False,,,,749,1000,0,,False,False
camden_new_hope_baptist_church,New Hope Baptist Church,Camden,Kingsland / St. Marys GA,30.92292,-81.5348,county_centroid,Estimated,,,Violet,Charity,D,Charity_Army,Wallet D,prospect,02_ACCOUNTS.penetration,False,,,,749,1000,0,,False,False
clay_new_horizon_church,New Horizon Church,Clay,Green Cove Springs / Fleming Island,30.02029,-81.77479,county_centroid,Estimated,,,Violet,Charity,D,Charity_Army,Wallet D,prospect,02_ACCOUNTS.penetration,False,,,,749,1000,0,,False,False
st_johns_new_jerusalem_worship,New Jerusalem Worship,St. Johns,St. Augustine / St. Johns,29.87359,-81.29053,county_centroid,Estimated,,,Violet,Charity,D,Charity_Army,Wallet D,prospect,02_ACCOUNTS.penetration,False,,,,749,1000,0,,False,False
nassau_new_life_baptist_church,New Life Baptist Church,Nassau,Fernandina Beach / Yulee,30.58169,-81.63655,county_centroid,Estimated,,,Violet,Charity,D,Charity_Army,Wallet D,prospect,02_ACCOUNTS.penetration,False,,,,749,1000,0,,False,False
st_johns_new_life_christian_assembly,New Life Christian Assembly,St. Johns,St. Augustine / St. Johns,29.89768,-81.29652,county_centroid,Estimated,,,Violet,Charity,D,Charity_Army,Wallet D,prospect,02_ACCOUNTS.penetration,False,,,,749,1000,0,,False,False
st_johns_new_life_harvest_center_church,New Life Harvest Center Church,St. Johns,St. Augustine / St. Johns,29.88891,-81.324,county_centroid,Estimated,,,Violet,Charity,D,Charity_Army,Wallet D,prospect,02_ACCOUNTS.penetration,False,,,,749,1000,0,,False,False
nassau_new_mount_carmel_baptist_church,New Mount Carmel Baptist Church,Nassau,Fernandina Beach / Yulee,30.64007,-81.6321,county_centroid,Estimated,,,Violet,Charity,D,Charity_Army,Wallet D,prospect,02_ACCOUNTS.penetration,False,,,,749,1000,0,,False,False
st_johns_new_saint_james_missionary_baptist_church,New Saint James Missionary Baptist Church,St. Johns,St. Augustine / St. Johns,29.87397,-81.31907,county_centroid,Estimated,,,Violet,Charity,D,Charity_Army,Wallet D,prospect,02_ACCOUNTS.penetration,False,,,,749,1000,0,,False,False
camden_new_testament_baptist_church,New Testament Baptist Church,Camden,Kingsland / St. Marys GA,30.89677,-81.57958,county_centroid,Estimated,,,Violet,Charity,D,Charity_Army,Wallet D,prospect,02_ACCOUNTS.penetration,False,,,,749,1000,0,,False,False
nassau_new_zion_baptist_church,New Zion Baptist Church,Nassau,Fernandina Beach / Yulee,30.57297,-81.67751,county_centroid,Estimated,,,Violet,Charity,D,Charity_Army,Wallet D,prospect,02_ACCOUNTS.penetration,False,,,,749,1000,0,,False,False
nassau_north_14th_street_baptist_church,North 14th Street Baptist Church,Nassau,Fernandina Beach / Yulee,30.61613,-81.6524,county_centroid,Estimated,,,Violet,Charity,D,Charity_Army,Wallet D,prospect,02_ACCOUNTS.penetration,False,,,,749,1000,0,,False,False
st_johns_north_city_baptist_church,North City Baptist Church,St. Johns,St. Augustine / St. Johns,29.92142,-81.2827,county_centroid,Estimated,,,Violet,Charity,D,Charity_Army,Wallet D,prospect,02_ACCOUNTS.penetration,False,,,,749,1000,0,,False,False
nassau_north_hilliard_baptist_church,North Hilliard Baptist Church,Nassau,Fernandina Beach / Yulee,30.5725,-81.66698,county_centroid,Estimated,,,Violet,Charity,D,Charity_Army,Wallet D,prospect,02_ACCOUNTS.penetration,False,,,,749,1000,0,,False,False
nassau_northeast_florida_baptist_association,Northeast Florida Baptist Association,Nassau,Fernandina Beach / Yulee,30.58426,-81.63471,county_centroid,Estimated,,,Violet,Charity,D,Charity_Army,Wallet D,prospect,02_ACCOUNTS.penetration,False,,,,749,1000,0,,False,False
nassau_o_neil_memorial_baptist_church,O'Neil Memorial Baptist Church,Nassau,Fernandina Beach / Yulee,30.61806,-81.646,county_centroid,Estimated,,,Violet,Charity,D,Charity_Army,Wallet D,prospect,02_ACCOUNTS.penetration,False,,,,749,1000,0,,False,False
clay_oak_grove_baptist_church,Oak Grove Baptist Church,Clay,Green Cove Springs / Fleming Island,29.99419,-81.76519,county_centroid,Estimated,,,Violet,Charity,D,Charity_Army,Wallet D,prospect,02_ACCOUNTS.penetration,False,,,,749,1000,0,,False,False
clay_orange_avenue_baptist_church,Orange Avenue Baptist Church,Clay,Green Cove Springs / Fleming Island,30.0157,-81.75485,county_centroid,Estimated,,,Violet,Charity,D,Charity_Army,Wallet D,prospect,02_ACCOUNTS.penetration,False,,,,749,1000,0,,False,False
clay_orange_park_presbyterian_church,Orange Park Presbyterian Church,Clay,Orange Park,30.1769,-81.68941,place_centroid,Estimated,,,Violet,Charity,D,Charity_Army,Wallet D,prospect,02_ACCOUNTS.penetration,False,,,,749,1000,0,,False,False
clay_pathway_church,Pathway Church,Clay,Green Cove Springs / Fleming Island,30.02683,-81.78584,county_centroid,Estimated,,,Violet,Charity,D,Charity_Army,Wallet D,prospect,02_ACCOUNTS.penetration,False,,,,749,1000,0,,False,False
clay_pinewood_presbyterian_church,Pinewood Presbyterian Church,Clay,Green Cove Springs / Fleming Island,29.99076,-81.76615,county_centroid,Estimated,,,Violet,Charity,D,Charity_Army,Wallet D,prospect,02_ACCOUNTS.penetration,False,,,,749,1000,0,,False,False
camden_point_peter_baptist_church,Point Peter Baptist Church,Camden,Kingsland / St. Marys GA,30.94617,-81.50861,county_centroid,Estimated,,,Violet,Charity,D,Charity_Army,Wallet D,prospect,02_ACCOUNTS.penetration,False,,,,749,1000,0,,False,False
st_johns_prince_of_peace_church,Prince of Peace Church,St. Johns,St. Augustine / St. Johns,29.85676,-81.28339,county_centroid,Estimated,,,Violet,Charity,D,Charity_Army,Wallet D,prospect,02_ACCOUNTS.penetration,False,,,,749,1000,0,,False,False
st_johns_radiant_family_church,Radiant Family Church,St. Johns,St. Augustine / St. Johns,29.92367,-81.30915,county_centroid,Estimated,,,Violet,Charity,D,Charity_Army,Wallet D,prospect,02_ACCOUNTS.penetration,False,,,,749,1000,0,,False,False
st_johns_refuge_church_of_our_lord,Refuge Church of Our Lord,St. Johns,St. Augustine / St. Johns,29.88588,-81.31406,county_centroid,Estimated,,,Violet,Charity,D,Charity_Army,Wallet D,prospect,02_ACCOUNTS.penetration,False,,,,749,1000,0,,False,False
clay_ridgewood_baptist_church,Ridgewood Baptist Church,Clay,Green Cove Springs / Fleming Island,29.95717,-81.75717,county_centroid,Estimated,,,Violet,Charity,D,Charity_Army,Wallet D,prospect,02_ACCOUNTS.penetration,False,,,,749,1000,0,,False,False
nassau_river_church,River Church,Nassau,Fernandina Beach / Yulee,30.58476,-81.68976,county_centroid,Estimated,,,Violet,Charity,D,Charity_Army,Wallet D,prospect,02_ACCOUNTS.penetration,False,,,,749,1000,0,,False,False
nassau_river_road_baptist_church,River Road Baptist Church,Nassau,Fernandina Beach / Yulee,30.62229,-81.67411,county_centroid,Estimated,,,Violet,Charity,D,Charity_Army,Wallet D,prospect,02_ACCOUNTS.penetration,False,,,,749,1000,0,,False,False
camden_ruhamah_baptist_church,Ruhamah Baptist Church,Camden,Kingsland / St. Marys GA,30.90786,-81.56626,county_centroid,Estimated,,,Violet,Charity,D,Charity_Army,Wallet D,prospect,02_ACCOUNTS.penetration,False,,,,749,1000,0,,False,False
st_johns_saint_anastasia_catholic_church,Saint Anastasia Catholic Church,St. Johns,St. Augustine / St. Johns,29.8829,-81.32481,county_centroid,Estimated,,,Violet,Charity,D,Charity_Army,Wallet D,prospect,02_ACCOUNTS.penetration,False,,,,749,1000,0,,False,False
st_johns_saint_augustine_baptist_church,Saint Augustine Baptist Church,St. Johns,St. Augustine / St. Johns,29.8668,-81.33032,county_centroid,Estimated,,,Violet,Charity,D,Charity_Army,Wallet D,prospect,02_ACCOUNTS.penetration,False,,,,749,1000,0,,False,False
st_johns_saint_augustine_tabernacle,Saint Augustine Tabernacle,St. Johns,St. Augustine / St. Johns,29.90867,-81.28432,county_centroid,Estimated,,,Violet,Charity,D,Charity_Army,Wallet D,prospect,02_ACCOUNTS.penetration,False,,,,749,1000,0,,False,False
st_johns_saint_benedict_catholic_church,Saint Benedict Catholic Church,St. Johns,St. Augustine / St. Johns,29.8609,-81.30272,county_centroid,Estimated,,,Violet,Charity,D,Charity_Army,Wallet D,prospect,02_ACCOUNTS.penetration,False,,,,749,1000,0,,False,False
st_johns_saint_benedict_the_moor_church,Saint Benedict the Moor Church,St. Johns,St. Augustine / St. Johns,29.85948,-81.29762,county_centroid,Estimated,,,Violet,Charity,D,Charity_Army,Wallet D,prospect,02_ACCOUNTS.penetration,False,,,,749,1000,0,,False,False
clay_saint_giles_presbyterian_church,Saint Giles Presbyterian Church,Clay,Green Cove Springs / Fleming Island,30.02346,-81.79127,county_centroid,Estimated,,,Violet,Charity,D,Charity_Army,Wallet D,prospect,02_ACCOUNTS.penetration,False,,,,749,1000,0,,False,False
nassau_saint_james_baptist_church,Saint James Baptist Church,Nassau,Fernandina Beach / Yulee,30.58055,-81.65404,county_centroid,Estimated,,,Violet,Charity,D,Charity_Army,Wallet D,prospect,02_ACCOUNTS.penetration,False,,,,749,1000,0,,False,False
camden_saint_john_missionary_baptist_church,Saint John Missionary Baptist Church,Camden,Kingsland / St. Marys GA,30.90862,-81.56359,county_centroid,Estimated,,,Violet,Charity,D,Charity_Army,Wallet D,prospect,02_ACCOUNTS.penetration,False,,,,749,1000,0,,False,False
clay_saint_mark_missionary_baptist_church,Saint Mark Missionary Baptist Church,Clay,Green Cove Springs / Fleming Island,29.97926,-81.75031,county_centroid,Estimated,,,Violet,Charity,D,Charity_Army,Wallet D,prospect,02_ACCOUNTS.penetration,False,,,,749,1000,0,,False,False
camden_saint_mark_s_episcopal_church,Saint Mark's Episcopal Church,Camden,Kingsland / St. Marys GA,30.94869,-81.54949,county_centroid,Estimated,,,Violet,Charity,D,Charity_Army,Wallet D,prospect,02_ACCOUNTS.penetration,False,,,,749,1000,0,,False,False
st_johns_saint_mary_s_baptist_church,Saint Mary's Baptist Church,St. Johns,St. Augustine / St. Johns,29.90669,-81.3259,county_centroid,Estimated,,,Violet,Charity,D,Charity_Army,Wallet D,prospect,02_ACCOUNTS.penetration,False,,,,749,1000,0,,False,False
st_johns_saint_matthews_missionary_baptist_church,Saint Matthews Missionary Baptist Church,St. Johns,St. Augustine / St. Johns,29.92708,-81.30099,county_centroid,Estimated,,,Violet,Charity,D,Charity_Army,Wallet D,prospect,02_ACCOUNTS.penetration,False,,,,749,1000,0,,False,False
clay_saint_paul_church_of_orange_park,Saint Paul Church of Orange Park,Clay,Orange Park,30.17872,-81.70137,place_centroid,Estimated,,,Violet,Charity,D,Charity_Army,Wallet D,prospect,02_ACCOUNTS.penetration,False,,,,749,1000,0,,False,False
camden_saint_peter_baptist_church,Saint Peter Baptist Church,Camden,Kingsland / St. Marys GA,30.94108,-81.54794,county_centroid,Estimated,,,Violet,Charity,D,Charity_Army,Wallet D,prospect,02_ACCOUNTS.penetration,False,,,,749,1000,0,,False,False
clay_saint_simon_baptist_church,Saint Simon Baptist Church,Clay,Green Cove Springs / Fleming Island,30.00448,-81.79102,county_centroid,Estimated,,,Violet,Charity,D,Charity_Army,Wallet D,prospect,02_ACCOUNTS.penetration,False,,,,749,1000,0,,False,False
nassau_saint_vincents_baptist_church,Saint Vincents Baptist Church,Nassau,Fernandina Beach / Yulee,30.57606,-81.6148,county_centroid,Estimated,,,Violet,Charity,D,Charity_Army,Wallet D,prospect,02_ACCOUNTS.penetration,False,,,,749,1000,0,,False,False
duval_san_juan_del_rio,San Juan del Rio,Duval,Jacksonville,30.32458,-81.65044,county_centroid,Estimated,,,Violet,Charity,D,Charity_Army,Wallet D,prospect,02_ACCOUNTS.penetration,False,,,,749,1000,0,,False,False
st_johns_san_juan_del_rio_catholic_chr,San Juan Del Rio Catholic Chr,St. Johns,St. Augustine / St. Johns,29.86467,-81.34631,county_centroid,Estimated,,,Violet,Charity,D,Charity_Army,Wallet D,prospect,02_ACCOUNTS.penetration,False,,,,749,1000,0,,False,False
nassau_second_baptist_church,Second Baptist Church,Nassau,Fernandina Beach / Yulee,30.64359,-81.6159,county_centroid,Estimated,,,Violet,Charity,D,Charity_Army,Wallet D,prospect,02_ACCOUNTS.penetration,False,,,,749,1000,0,,False,False
clay_sharon_baptist_church,Sharon Baptist Church,Clay,Green Cove Springs / Fleming Island,30.0195,-81.75352,county_centroid,Estimated,,,Violet,Charity,D,Charity_Army,Wallet D,prospect,02_ACCOUNTS.penetration,False,,,,749,1000,0,,False,False
clay_shiloh_baptist_church,Shiloh Baptist Church,Clay,Green Cove Springs / Fleming Island,29.97855,-81.72534,county_centroid,Estimated,,,Violet,Charity,D,Charity_Army,Wallet D,prospect,02_ACCOUNTS.penetration,False,,,,749,1000,0,,False,False
camden_solid_rock_baptist_church,Solid Rock Baptist Church,Camden,Kingsland / St. Marys GA,30.93676,-81.56294,county_centroid,Estimated,,,Violet,Charity,D,Charity_Army,Wallet D,prospect,02_ACCOUNTS.penetration,False,,,,749,1000,0,,False,False
nassau_spoken_word_the_inc,Spoken Word the Inc,Nassau,Fernandina Beach / Yulee,30.62777,-81.64369,county_centroid,Estimated,,,Violet,Charity,D,Charity_Army,Wallet D,prospect,02_ACCOUNTS.penetration,False,,,,749,1000,0,,False,False
nassau_springhill_baptist_church,Springhill Baptist Church,Nassau,Fernandina Beach / Yulee,30.62025,-81.62781,county_centroid,Estimated,,,Violet,Charity,D,Charity_Army,Wallet D,prospect,02_ACCOUNTS.penetration,False,,,,749,1000,0,,False,False
st_johns_st_patrick_s_episcopal_church,St Patrick's Episcopal Church,St. Johns,St. Augustine / St. Johns,29.87857,-81.3228,county_centroid,Estimated,,,Violet,Charity,D,Charity_Army,Wallet D,prospect,02_ACCOUNTS.penetration,False,,,,749,1000,0,,False,False
duval_the_church_of_jesus_christ_of_latter_day_saints_hendricks_avenue_ward,The Church of Jesus Christ of Latter-day Saints - Hendricks Avenue Ward,Duval,Jacksonville,30.31972,-81.6891,county_centroid,Estimated,,,Violet,Charity,D,Charity_Army,Wallet D,prospect,02_ACCOUNTS.penetration,False,,,,749,1000,0,,False,False
nassau_third_mount_zion_baptist_church,Third Mount Zion Baptist Church,Nassau,Fernandina Beach / Yulee,30.61964,-81.64636,county_centroid,Estimated,,,Violet,Charity,D,Charity_Army,Wallet D,prospect,02_ACCOUNTS.penetration,False,,,,749,1000,0,,False,False
nassau_thomas_creek_baptist_church,Thomas Creek Baptist Church,Nassau,Fernandina Beach / Yulee,30.58152,-81.63211,county_centroid,Estimated,,,Violet,Charity,D,Charity_Army,Wallet D,prospect,02_ACCOUNTS.penetration,False,,,,749,1000,0,,False,False
st_johns_trinity_chapel,Trinity Chapel,St. Johns,St. Augustine / St. Johns,29.88017,-81.30326,county_centroid,Estimated,,,Violet,Charity,D,Charity_Army,Wallet D,prospect,02_ACCOUNTS.penetration,False,,,,749,1000,0,,False,False
nassau_true_faith_christian_fellowship,True Faith Christian Fellowship,Nassau,Fernandina Beach / Yulee,30.60687,-81.61602,county_centroid,Estimated,,,Violet,Charity,D,Charity_Army,Wallet D,prospect,02_ACCOUNTS.penetration,False,,,,749,1000,0,,False,False
camden_victory_baptist_church,Victory Baptist Church,Camden,Kingsland / St. Marys GA,30.94994,-81.56867,county_centroid,Estimated,,,Violet,Charity,D,Charity_Army,Wallet D,prospect,02_ACCOUNTS.penetration,False,,,,749,1000,0,,False,False
st_johns_victory_tabernacle,Victory Tabernacle,St. Johns,St. Augustine / St. Johns,29.86573,-81.30688,county_centroid,Estimated,,,Violet,Charity,D,Charity_Army,Wallet D,prospect,02_ACCOUNTS.penetration,False,,,,749,1000,0,,False,False
st_johns_wards_creek_baptist_church,Wards Creek Baptist Church,St. Johns,St. Augustine / St. Johns,29.92479,-81.29429,county_centroid,Estimated,,,Violet,Charity,D,Charity_Army,Wallet D,prospect,02_ACCOUNTS.penetration,False,,,,749,1000,0,,False,False
duval_west_shores_baptist_church,West Shores Baptist Church,Duval,Jacksonville,30.30071,-81.62851,county_centroid,Estimated,,,Violet,Charity,D,Charity_Army,Wallet D,prospect,02_ACCOUNTS.penetration,False,,,,749,1000,0,,False,False
camden_young_zion_baptist_church,Young Zion Baptist Church,Camden,Kingsland / St. Marys GA,30.90584,-81.52336,county_centroid,Estimated,,,Violet,Charity,D,Charity_Army,Wallet D,prospect,02_ACCOUNTS.penetration,False,,,,749,1000,0,,False,False
nassau_yulee_baptist_church,Yulee Baptist Church,Nassau,Yulee,30.63656,-81.59321,place_centroid,Estimated,,,Violet,Charity,D,Charity_Army,Wallet D,prospect,02_ACCOUNTS.penetration,False,,,,749,1000,0,,False,False
nassau_yulee_baptist_church_daycare,Yulee Baptist Church Daycare,Nassau,Yulee,30.64331,-81.59894,place_centroid,Estimated,,,Violet,Charity,D,Charity_Army,Wallet D,prospect,02_ACCOUNTS.penetration,False,,,,749,1000,0,,False,False
st_johns_zion_baptist_church,Zion Baptist Church,St. Johns,St. Augustine / St. Johns,29.88612,-81.31952,county_centroid,Estimated,,,Violet,Charity,D,Charity_Army,Wallet D,prospect,02_ACCOUNTS.penetration,False,,,,749,1000,0,,False,False
camden_st_marys_senior_center,St. Marys Senior Center,Camden,Kingsland / St. Marys GA,30.88037,-81.53852,county_centroid,Estimated,,,Red_Tape,Red_Tape,D,Red_Tape,Wallet D,prospect,02_ACCOUNTS.penetration,False,,seniorctr@stmarysga.gov,(912) 510-6800,2000,3000,0,,False,False
duval_ascension_ascension_st_vincent_s,Ascension / Ascension St. Vincent's,Duval,Jacksonville,30.35195,-81.6906,county_centroid,Estimated,,,Red_Tape,Red_Tape,D,Red_Tape,Wallet D,prospect,02_ACCOUNTS.penetration,False,Liz Williams,,(904) 308-7300,1500,3000,0,,False,False
duval_ascension_st_vincent_s,Ascension St. Vincent's,Duval,Jacksonville,30.30579,-81.63527,county_centroid,Estimated,,,Red_Tape,Red_Tape,D,Red_Tape,Wallet D,prospect,02_ACCOUNTS.penetration,False,April Hunt,,(904) 308-7300,1500,3000,0,,False,False
duval_ascension_st_vincent_s_southside,Ascension St. Vincent's Southside,Duval,Southside,30.23708,-81.5779,place_centroid,Estimated,,,Red_Tape,Red_Tape,D,Red_Tape,Wallet D,prospect,02_ACCOUNTS.penetration,False,Cory Darling,,(904) 308-7300,1500,3000,0,,False,False
st_johns_ascension_st_vincent_s_st_johns_county,Ascension St. Vincent's St. Johns County,St. Johns,St. Augustine / St. Johns,29.93135,-81.28137,county_centroid,Estimated,,,Red_Tape,Red_Tape,D,Red_Tape,Wallet D,prospect,02_ACCOUNTS.penetration,False,Sean McAfee,,(904) 308-7300,1500,3000,0,,False,False
clay_baptist_medical_center_clay,Baptist Medical Center Clay,Clay,Green Cove Springs / Fleming Island,29.97936,-81.76421,county_centroid,Estimated,,,Red_Tape,Red_Tape,D,Red_Tape,Wallet D,prospect,02_ACCOUNTS.penetration,False,Ed Hubel,,(904) 202-2000,1500,3000,0,,False,False
duval_baptist_medical_center_jacksonville,Baptist Medical Center Jacksonville,Duval,Jacksonville,30.33678,-81.66519,county_centroid,Estimated,,,Red_Tape,Red_Tape,D,Red_Tape,Wallet D,prospect,02_ACCOUNTS.penetration,False,Nicole Thomas,,(904) 202-2000,1500,3000,0,,False,False
nassau_baptist_medical_center_nassau,Baptist Medical Center Nassau,Nassau,Fernandina Beach / Yulee,30.58176,-81.63924,county_centroid,Estimated,,,Red_Tape,Red_Tape,D,Red_Tape,Wallet D,prospect,02_ACCOUNTS.penetration,False,Tara Beth Anderson,,(904) 202-2000,1500,3000,0,,False,False
duval_baptist_medical_center_south,Baptist Medical Center South,Duval,Jacksonville,30.34751,-81.65261,county_centroid,Estimated,,,Red_Tape,Red_Tape,D,Red_Tape,Wallet D,prospect,02_ACCOUNTS.penetration,False,Kyle Dorsey,,(904) 202-2000,1500,3000,0,,False,False
duval_city_of_jacksonville_parks_recreation_and_community_services,"City of Jacksonville Parks, Recreation and Community Services",Duval,Jacksonville,30.30098,-81.63982,county_centroid,Estimated,,,Red_Tape,Red_Tape,D,Red_Tape,Wallet D,prospect,02_ACCOUNTS.penetration,False,Daryl Joseph,djoseph@coj.net,(904) 255-7907,1000,2000,0,,False,False
duval_pine_forest_senior_center,Pine Forest Senior Center,Duval,Jacksonville,30.35308,-81.62459,county_centroid,Estimated,,,Red_Tape,Red_Tape,D,Red_Tape,Wallet D,prospect,02_ACCOUNTS.penetration,False,Heidi Ford,,(904) 255-6230,2000,3000,0,,False,False
duval_st_vincent_s_ascension_st_vincent_s,St. Vincent's / Ascension St. Vincent's,Duval,Jacksonville,30.3126,-81.67993,county_centroid,Estimated,,,Red_Tape,Red_Tape,D,Red_Tape,Wallet D,prospect,02_ACCOUNTS.penetration,False,Jan Lipsky,,(904) 308-7300,1500,3000,0,,False,False
duval_st_vincent_s_healthcare_ascension_st_vincent_s,St. Vincent's HealthCare / Ascension St. Vincent's,Duval,Jacksonville,30.32858,-81.69001,county_centroid,Estimated,,,Red_Tape,Red_Tape,D,Red_Tape,Wallet D,prospect,02_ACCOUNTS.penetration,False,Kaye Lunsford,,(904) 308-7300,1500,3000,0,,False,False
nassau_westside_senior_life_center,Westside Senior Life Center,Nassau,Westside,30.29197,-81.74307,place_centroid,Estimated,,,Red_Tape,Red_Tape,D,Red_Tape,Wallet D,prospect,02_ACCOUNTS.penetration,False,Melissa Snead,,(904) 845-3331,2000,3000,0,,False,False
duval_wolfson_children_s_hospital,Wolfson Children's Hospital,Duval,Jacksonville,30.31821,-81.6659,county_centroid,Estimated,,,Red_Tape,Red_Tape,D,Red_Tape,Wallet D,prospect,02_ACCOUNTS.penetration,False,Megan Denk,,(904) 202-2000,1500,3000,0,,False,False
putnam_edgar_johnson_senior_center,Edgar Johnson Senior Center,Putnam,Palatka,29.64016,-81.66513,county_centroid,Estimated,,,Red_Tape,Red_Tape,D,Red_Tape,Wallet D,prospect,02_ACCOUNTS.penetration,False,,,(386) 329-0469,2000,3000,0,,False,False
clay_keystone_heights_senior_center,Keystone Heights Senior Center,Clay,Green Cove Springs / Fleming Island,29.95958,-81.73395,county_centroid,Estimated,,,Red_Tape,Red_Tape,D,Red_Tape,Wallet D,prospect,02_ACCOUNTS.penetration,False,,,(352) 473-7121,2000,3000,0,,False,False
clay_orange_park_senior_center,Orange Park Senior Center,Clay,Orange Park,30.16095,-81.70255,place_centroid,Estimated,,,Red_Tape,Red_Tape,D,Red_Tape,Wallet D,prospect,02_ACCOUNTS.penetration,False,,,(904) 269-4731,2000,3000,0,,False,False
duval_baptist_health,Baptist Health,Duval,Jacksonville,30.36535,-81.67968,county_centroid,Estimated,,,Red_Tape,Red_Tape,D,Red_Tape,Wallet D,customer,bdr_tam_dialer.is_customer,False,Katie Ensign,,(904) 202-2000,1000,2000,0,,False,True
duval_brooks_rehabilitation,Brooks Rehabilitation,Duval,Brooks / Bartram,30.16129,-81.54991,place_centroid,Estimated,,,Red_Tape,Red_Tape,D,Red_Tape,Wallet D,customer,bdr_tam_dialer.is_customer,False,Lisa Kemph,,(904) 345-7600,1000,2000,0,,False,True
clay_clayton_and_mildred_revels_senior_center,Clayton and Mildred Revels Senior Center,Clay,Green Cove Springs / Fleming Island,29.97288,-81.74351,county_centroid,Estimated,,,Red_Tape,Red_Tape,D,Red_Tape,Wallet D,prospect,02_ACCOUNTS.penetration,False,Jacqueline Bennett,jbennett@agingtrue.org,(904) 284-3134,2000,3000,0,,False,False
st_johns_coa_center_at_uf_health_nocatee,COA Center at UF Health Nocatee,St. Johns,Nocatee,30.10979,-81.44054,place_centroid,Estimated,,,Red_Tape,Red_Tape,D,Red_Tape,Wallet D,prospect,02_ACCOUNTS.penetration,False,Pam Brunell,caregiving@coasjc.org,(904) 814-9407,2000,3000,0,,False,False
st_johns_coastal_community_center,Coastal Community Center,St. Johns,St. Augustine / St. Johns,29.90404,-81.35136,county_centroid,Estimated,,,Red_Tape,Red_Tape,D,Red_Tape,Wallet D,prospect,02_ACCOUNTS.penetration,False,Suzanna Reed,sreed@coasjc.org,(904) 209-3636,2000,3000,0,,False,False
st_johns_hastings_community_senior_center,Hastings Community Senior Center,St. Johns,St. Augustine / St. Johns,29.86003,-81.2788,county_centroid,Estimated,,,Red_Tape,Red_Tape,D,Red_Tape,Wallet D,prospect,02_ACCOUNTS.penetration,False,Lorain Vinson,lvinson@coasjc.org,(904) 209-3694,2000,3000,0,,False,False
clay_middleburg_senior_center,Middleburg Senior Center,Clay,Middleburg,30.0544,-81.84449,place_centroid,Estimated,,,Red_Tape,Red_Tape,D,Red_Tape,Wallet D,prospect,02_ACCOUNTS.penetration,False,Ishtar Jorden,ijorden@agingtrue.org,(904) 291-3520,2000,3000,0,,False,False
st_johns_ponte_vedra_memory_center,Ponte Vedra Memory Center,St. Johns,Ponte Vedra,30.23983,-81.40396,place_centroid,Estimated,,,Red_Tape,Red_Tape,D,Red_Tape,Wallet D,prospect,02_ACCOUNTS.penetration,False,Susan Miller,smiller@coasjc.org,(904) 209-3662,2000,3000,0,,False,False
st_johns_river_house,River House,St. Johns,St. Augustine / St. Johns,29.91293,-81.30056,county_centroid,Estimated,,,Red_Tape,Red_Tape,D,Red_Tape,Wallet D,prospect,02_ACCOUNTS.penetration,False,Teresa Harris,tharris@coasjc.org,(904) 209-3655,2000,3000,0,,False,False
st_johns_the_players_community_senior_center,THE PLAYERS Community Senior Center,St. Johns,St. Augustine / St. Johns,29.91608,-81.28002,county_centroid,Estimated,,,Red_Tape,Red_Tape,D,Red_Tape,Wallet D,prospect,02_ACCOUNTS.penetration,False,Suzanne Chester,schester@coasjc.org,(904) 209-3659,2000,3000,0,,False,False
clay_ascension_st_vincent_s_clay_county,Ascension St. Vincent's Clay County,Clay,Green Cove Springs / Fleming Island,29.97688,-81.73224,county_centroid,Estimated,,,Red_Tape,Red_Tape,D,Red_Tape,Wallet D,prospect,02_ACCOUNTS.penetration,False,Sadie Durham,,(904) 308-7300,1500,3000,0,,False,False
camden_camden_county_senior_center,Camden County Senior Center,Camden,Kingsland / St. Marys GA,30.92716,-81.50978,county_centroid,Estimated,,,Red_Tape,Red_Tape,D,Red_Tape,Wallet D,prospect,02_ACCOUNTS.penetration,False,Kaye Jones,,(912) 510-3514,2000,3000,0,,False,False
duval_carvill_senior_center,Carvill Senior Center,Duval,Jacksonville,30.33765,-81.62112,county_centroid,Estimated,,,Red_Tape,Red_Tape,D,Red_Tape,Wallet D,prospect,02_ACCOUNTS.penetration,False,LaTasha McCray,,(904) 255-6650,2000,3000,0,,False,False
duval_charlie_t_joseph_senior_center,Charlie T. Joseph Senior Center,Duval,Jacksonville,30.36079,-81.63012,county_centroid,Estimated,,,Red_Tape,Red_Tape,D,Red_Tape,Wallet D,prospect,02_ACCOUNTS.penetration,False,Diane Weaver,,(904) 255-6822,2000,3000,0,,False,False
duval_city_of_jacksonville_parks_recreation_and_community_programming,City of Jacksonville Parks — Recreation and Community Programming,Duval,Jacksonville,30.30472,-81.63832,county_centroid,Estimated,,,Red_Tape,Red_Tape,D,Red_Tape,Wallet D,prospect,02_ACCOUNTS.penetration,False,Dan Piastuck,dpiastuck@coj.net,(904) 255-7918,1000,2000,0,,False,False
duval_city_of_jacksonville_senior_services_division,City of Jacksonville Senior Services Division,Duval,Jacksonville,30.35699,-81.6813,county_centroid,Estimated,,,Red_Tape,Red_Tape,D,Red_Tape,Wallet D,prospect,02_ACCOUNTS.penetration,False,Tourea Robinson,adultsvcs@coj.net,(904) 255-5400,1000,2000,0,,False,False
duval_frances_padgett_arlington_senior_center,Frances Padgett Arlington Senior Center,Duval,Arlington,30.34977,-81.59423,place_centroid,Estimated,,,Red_Tape,Red_Tape,D,Red_Tape,Wallet D,prospect,02_ACCOUNTS.penetration,False,Courtney Bend,,(904) 255-6733,2000,3000,0,,False,False
duval_j_s_johnson_senior_center,J.S. Johnson Senior Center,Duval,Jacksonville,30.3596,-81.6785,county_centroid,Estimated,,,Red_Tape,Red_Tape,D,Red_Tape,Wallet D,prospect,02_ACCOUNTS.penetration,False,Tonya Martin,,(904) 255-6755,2000,3000,0,,False,False
duval_jim_fortuna_senior_center,Jim Fortuna Senior Center,Duval,Jacksonville,30.35655,-81.64452,county_centroid,Estimated,,,Red_Tape,Red_Tape,D,Red_Tape,Wallet D,prospect,02_ACCOUNTS.penetration,False,Holly Eastman,,(904) 255-6844,2000,3000,0,,False,False
duval_lane_wiley_senior_center,Lane Wiley Senior Center,Duval,Jacksonville,30.33464,-81.63442,county_centroid,Estimated,,,Red_Tape,Red_Tape,D,Red_Tape,Wallet D,prospect,02_ACCOUNTS.penetration,False,Tomeraine Pierre,,(904) 255-6644,2000,3000,0,,False,False
duval_leroy_d_clemons_senior_center,Leroy D. Clemons Senior Center,Duval,Jacksonville,30.33958,-81.62885,county_centroid,Estimated,,,Red_Tape,Red_Tape,D,Red_Tape,Wallet D,prospect,02_ACCOUNTS.penetration,False,Tanya Yarn,,(904) 255-6737,2000,3000,0,,False,False
duval_lincoln_villa_senior_center,Lincoln Villa Senior Center,Duval,Jacksonville,30.30361,-81.65495,county_centroid,Estimated,,,Red_Tape,Red_Tape,D,Red_Tape,Wallet D,prospect,02_ACCOUNTS.penetration,False,Christine Raysor,,(904) 255-6811,2000,3000,0,,False,False
duval_mandarin_senior_center,Mandarin Senior Center,Duval,Mandarin,30.14206,-81.64135,place_centroid,Estimated,,,Red_Tape,Red_Tape,D,Red_Tape,Wallet D,prospect,02_ACCOUNTS.penetration,False,David Wunder,,(904) 255-6750,2000,3000,0,,False,False
duval_mary_l_singleton_senior_center,Mary L. Singleton Senior Center,Duval,Jacksonville,30.29819,-81.69003,county_centroid,Estimated,,,Red_Tape,Red_Tape,D,Red_Tape,Wallet D,prospect,02_ACCOUNTS.penetration,False,Joanna Ching,,(904) 255-6666,2000,3000,0,,False,False
duval_maxville_senior_center,Maxville Senior Center,Duval,Jacksonville,30.32957,-81.65133,county_centroid,Estimated,,,Red_Tape,Red_Tape,D,Red_Tape,Wallet D,prospect,02_ACCOUNTS.penetration,False,Maria Portalatin,,(904) 255-6744,2000,3000,0,,False,False
duval_oceanway_senior_center,Oceanway Senior Center,Duval,Northside,30.45828,-81.63996,place_centroid,Estimated,,,Red_Tape,Red_Tape,D,Red_Tape,Wallet D,prospect,02_ACCOUNTS.penetration,False,Donna Sizemore,,(904) 255-6855,2000,3000,0,,False,False
duval_riverview_senior_center,Riverview Senior Center,Duval,Jacksonville,30.34973,-81.68097,county_centroid,Estimated,,,Red_Tape,Red_Tape,D,Red_Tape,Wallet D,prospect,02_ACCOUNTS.penetration,False,Joenetta Dixon,,(904) 255-6797,2000,3000,0,,False,False
duval_southside_community_center,Southside Community Center,Duval,Southside,30.22922,-81.5721,place_centroid,Estimated,,,Red_Tape,Red_Tape,D,Red_Tape,Wallet D,prospect,02_ACCOUNTS.penetration,False,Charles Webster,,(904) 255-6940,2000,3000,0,,False,False
duval_ascension_jacksonville_st_vincent_s,Ascension (Jacksonville / St. Vincent's),Duval,Jacksonville,30.34752,-81.69316,county_centroid,Estimated,,,Red_Tape,Red_Tape,D,Red_Tape,Wallet D,prospect,02_ACCOUNTS.penetration,False,Cindy Dagley,,(904) 308-7300,1000,2000,0,,False,False
duval_florida_blue_guidewell,Florida Blue / GuideWell,Duval,Jacksonville,30.30109,-81.64028,county_centroid,Estimated,,,Red_Tape,Red_Tape,D,Red_Tape,Wallet D,prospect,02_ACCOUNTS.penetration,False,Amy Ruth,,(904) 905-0000,1000,2000,0,,False,False
duval_city_of_jacksonville_procurement_division,City of Jacksonville Procurement Division,Duval,Jacksonville,30.35531,-81.63752,county_centroid,Estimated,,,Red_Tape,Red_Tape,D,Red_Tape,Wallet D,prospect,02_ACCOUNTS.penetration,False,,,(904) 255-8800,1000,2000,0,,False,False
